{
  "graph_edges": [
    [
      0,
      1
    ],
    [
      0,
      2
    ],
    [
      0,
      3
    ],
    [
      0,
      4
    ],
    [
      0,
      5
    ],
    [
      0,
      6
    ],
    [
      0,
      7
    ],
    [
      0,
      8
    ],
    [
      0,
      9
    ],
    [
      1,
      2
    ],
    [
      1,
      3
    ],
    [
      1,
      4
    ],
    [
      1,
      5
    ],
    [
      1,
      6
    ],
    [
      1,
      7
    ],
    [
      1,
      8
    ],
    [
      1,
      9
    ],
    [
      2,
      3
    ],
    [
      2,
      4
    ],
    [
      2,
      5
    ],
    [
      2,
      6
    ],
    [
      2,
      7
    ],
    [
      2,
      8
    ],
    [
      2,
      9
    ],
    [
      3,
      4
    ],
    [
      3,
      5
    ],
    [
      3,
      6
    ],
    [
      3,
      7
    ],
    [
      3,
      8
    ],
    [
      3,
      9
    ],
    [
      4,
      5
    ],
    [
      4,
      6
    ],
    [
      4,
      7
    ],
    [
      4,
      8
    ],
    [
      4,
      9
    ],
    [
      5,
      6
    ],
    [
      5,
      7
    ],
    [
      5,
      8
    ],
    [
      5,
      9
    ],
    [
      6,
      7
    ],
    [
      6,
      8
    ],
    [
      6,
      9
    ],
    [
      7,
      8
    ],
    [
      7,
      9
    ],
    [
      8,
      9
    ]
  ],
  "graph_nodes": [
    0,
    1,
    2,
    3,
    4,
    5,
    6,
    7,
    8,
    9
  ],
  "cost_matrix": [
    [
      65.97015433806273,
      95.53523631440953,
      97.11672746438782,
      10.68538555422333,
      24.833746662336914,
      86.99555670446524,
      55.19784051079884,
      72.19617649494704,
      92.64268436857454,
      62.086823094043105
    ],
    [
      67.0191754836463,
      34.05628228684517,
      19.10818848525382,
      36.88369161570415,
      40.78375278502148,
      76.42917516227325,
      27.406767257396584,
      27.442456819198824,
      97.63161999476534,
      7.162704300216814
    ],
    [
      42.50178329960175,
      35.773732502761135,
      9.859051852463962,
      20.538431252094856,
      94.14495234010299,
      2.0459777863030144,
      19.424480193103324,
      98.56329788899257,
      34.684881686744774,
      33.327718567610155
    ],
    [
      65.73712355942904,
      3.1796524001814492,
      20.01183857523092,
      95.29570759188763,
      75.31961802375044,
      23.468239415241662,
      64.15136072135482,
      4.162858208390499,
      41.808514332393145,
      94.76116742302918
    ],
    [
      76.37508368048661,
      46.739734906042784,
      36.47946375364153,
      27.907278906307916,
      17.233161933839305,
      65.23623272604884,
      70.2951549857668,
      75.60844355452772,
      93.4547191477658,
      62.20424965933726
    ],
    [
      70.15676213296152,
      21.508080192374617,
      2.3301412146661615,
      89.24973642696737,
      84.87139324899529,
      82.27511338950903,
      80.50064947960979,
      47.58714993859627,
      41.41193801782011,
      23.3201814651443
    ],
    [
      31.288658577107068,
      28.2883628145479,
      13.758537221421689,
      27.208012810764913,
      5.877697457241316,
      45.95936475361811,
      43.85690551799012,
      59.27092969873833,
      61.1040014329943,
      49.157780220608174
    ],
    [
      20.131676058581366,
      63.87882957947588,
      35.99299196176002,
      55.29595535047788,
      26.303167610217915,
      60.893519342967075,
      18.556841836291383,
      97.69214809735033,
      10.826755114044998,
      48.30776344239445
    ],
    [
      47.37223427888275,
      1.8963940084766797,
      49.544460104438016,
      4.458941135166244,
      82.50198335130868,
      49.28532245307125,
      82.85515246306758,
      83.84976911319427,
      92.8496801628853,
      54.44430526546004
    ],
    [
      90.46464345089159,
      53.06006010728627,
      6.268193638214923,
      32.197735965118774,
      92.1727898635497,
      39.101486807646275,
      2.4413137501714655,
      4.47382959005519,
      4.747798554276974,
      92.72842167970211
    ]
  ],
  "n_vertices": 10,
  "n_edges": 45,
  "n_colors": 10,
  "metadata": {
    "instance_type": "complete",
    "n_vertices": 10,
    "n_colors": 10,
    "cost_pattern": "uniform",
    "seed": 87,
    "density": 1.0,
    "is_feasible": true,
    "known_optimal_cost": 90.07335044743932,
    "chromatic_number": 10
  }
}