{
  "graph_edges": [
    [
      0,
      1
    ],
    [
      0,
      2
    ],
    [
      0,
      3
    ],
    [
      0,
      4
    ],
    [
      0,
      5
    ],
    [
      0,
      6
    ],
    [
      0,
      7
    ],
    [
      0,
      8
    ],
    [
      0,
      9
    ],
    [
      1,
      2
    ],
    [
      1,
      3
    ],
    [
      1,
      4
    ],
    [
      1,
      5
    ],
    [
      1,
      6
    ],
    [
      1,
      7
    ],
    [
      1,
      8
    ],
    [
      1,
      9
    ],
    [
      2,
      3
    ],
    [
      2,
      4
    ],
    [
      2,
      5
    ],
    [
      2,
      6
    ],
    [
      2,
      7
    ],
    [
      2,
      8
    ],
    [
      2,
      9
    ],
    [
      3,
      4
    ],
    [
      3,
      5
    ],
    [
      3,
      6
    ],
    [
      3,
      7
    ],
    [
      3,
      8
    ],
    [
      3,
      9
    ],
    [
      4,
      5
    ],
    [
      4,
      6
    ],
    [
      4,
      7
    ],
    [
      4,
      8
    ],
    [
      4,
      9
    ],
    [
      5,
      6
    ],
    [
      5,
      7
    ],
    [
      5,
      8
    ],
    [
      5,
      9
    ],
    [
      6,
      7
    ],
    [
      6,
      8
    ],
    [
      6,
      9
    ],
    [
      7,
      8
    ],
    [
      7,
      9
    ],
    [
      8,
      9
    ]
  ],
  "graph_nodes": [
    0,
    1,
    2,
    3,
    4,
    5,
    6,
    7,
    8,
    9
  ],
  "cost_matrix": [
    [
      65.10755388594932,
      51.20781913309494,
      53.3057966350717,
      89.7322351969789,
      70.2991278760813,
      71.71541308524236,
      72.01649982704868,
      23.059126756103247,
      18.34029780907828,
      46.227307345470024
    ],
    [
      92.94510472231767,
      1.9787028170043977,
      9.902297273711403,
      85.16982651763773,
      49.076484830611435,
      87.80672360292876,
      31.426059947651908,
      39.40858906998037,
      58.56312855115386,
      12.25503087106569
    ],
    [
      77.02013829511986,
      31.944037940497672,
      64.95503551547621,
      4.237192782608048,
      17.47316211623834,
      43.60000020613935,
      23.55284053072179,
      96.66443914268345,
      90.58900145204763,
      86.70062839358421
    ],
    [
      4.184115455053604,
      80.15027732527682,
      90.70939564945962,
      70.68939974464593,
      23.741532221512127,
      41.73212431453332,
      97.88575219696439,
      33.575550046951726,
      59.95737808074223,
      54.04878774818138
    ],
    [
      46.6484996001317,
      23.35416652991478,
      92.13474365319081,
      61.471461341073315,
      22.789100236772818,
      4.88917537580867,
      55.241068195688946,
      9.928484995049487,
      81.98875972516555,
      68.67338853628598
    ],
    [
      93.64697103002517,
      9.901195230626886,
      2.3224034713713104,
      22.395131974381616,
      38.98703388247625,
      74.01583370878046,
      26.25037231439085,
      26.284452599154864,
      24.654091569046997,
      11.545579878956257
    ],
    [
      19.045283740757338,
      89.40030098837728,
      6.914002668533132,
      17.430388354292646,
      4.664236907728494,
      70.3844910804439,
      99.66831673103782,
      11.991691690651864,
      72.7311520371996,
      34.40392586807506
    ],
    [
      18.50593742299569,
      94.24491986178775,
      97.61751447805237,
      76.711819948229,
      40.85195661778081,
      42.38316523412736,
      64.8527700638569,
      4.532713346110791,
      14.3334639926667,
      63.84269964700609
    ],
    [
      93.12456013803973,
      95.09183354492173,
      56.77063193852272,
      21.991080901650438,
      54.551283045313646,
      18.159990525225275,
      15.602409456594069,
      72.92300836774879,
      21.767060963394393,
      3.1869174667638025
    ],
    [
      62.97087505718654,
      95.14231933742656,
      89.46635854749199,
      37.557102366402795,
      92.93996079360222,
      51.97319070458206,
      94.42731031623424,
      57.377638220242744,
      2.3165945296109713,
      34.489407386623334
    ]
  ],
  "n_vertices": 10,
  "n_edges": 45,
  "n_colors": 10,
  "metadata": {
    "instance_type": "complete",
    "n_vertices": 10,
    "n_colors": 10,
    "cost_pattern": "uniform",
    "seed": 88,
    "density": 1.0,
    "is_feasible": true,
    "known_optimal_cost": 90.95485148736039,
    "chromatic_number": 10
  }
}