{
  "graph_edges": [
    [
      0,
      1
    ],
    [
      0,
      2
    ],
    [
      0,
      3
    ],
    [
      0,
      4
    ],
    [
      0,
      5
    ],
    [
      0,
      6
    ],
    [
      0,
      7
    ],
    [
      0,
      8
    ],
    [
      0,
      9
    ],
    [
      1,
      2
    ],
    [
      1,
      3
    ],
    [
      1,
      4
    ],
    [
      1,
      5
    ],
    [
      1,
      6
    ],
    [
      1,
      7
    ],
    [
      1,
      8
    ],
    [
      1,
      9
    ],
    [
      2,
      3
    ],
    [
      2,
      4
    ],
    [
      2,
      5
    ],
    [
      2,
      6
    ],
    [
      2,
      7
    ],
    [
      2,
      8
    ],
    [
      2,
      9
    ],
    [
      3,
      4
    ],
    [
      3,
      5
    ],
    [
      3,
      6
    ],
    [
      3,
      7
    ],
    [
      3,
      8
    ],
    [
      3,
      9
    ],
    [
      4,
      5
    ],
    [
      4,
      6
    ],
    [
      4,
      7
    ],
    [
      4,
      8
    ],
    [
      4,
      9
    ],
    [
      5,
      6
    ],
    [
      5,
      7
    ],
    [
      5,
      8
    ],
    [
      5,
      9
    ],
    [
      6,
      7
    ],
    [
      6,
      8
    ],
    [
      6,
      9
    ],
    [
      7,
      8
    ],
    [
      7,
      9
    ],
    [
      8,
      9
    ]
  ],
  "graph_nodes": [
    0,
    1,
    2,
    3,
    4,
    5,
    6,
    7,
    8,
    9
  ],
  "cost_matrix": [
    [
      50.469737726414564,
      26.33777629685535,
      26.551962467868876,
      10.595249234477247,
      56.85432634163054,
      2.583017272594871,
      16.106927659507956,
      48.544525325628086,
      10.887403217479456,
      42.279425340421945
    ],
    [
      91.45143053286195,
      35.72123152019873,
      12.345832821856668,
      71.54823065971621,
      11.086729155087323,
      41.16434349878396,
      66.88266246839153,
      14.697577735099808,
      83.21287583422219,
      13.196769229219445
    ],
    [
      59.19136389037438,
      7.2467500924146755,
      50.21317166819732,
      92.9110674755404,
      80.7970532806431,
      20.64073257522878,
      35.183070344779516,
      53.93891075346233,
      97.87976340483429,
      50.80140598491728
    ],
    [
      35.397302915039646,
      22.065866204301464,
      18.567948460883724,
      11.298831786434189,
      19.55808991764388,
      4.991061120959969,
      24.75180970048724,
      55.07802764538434,
      21.57053362830903,
      99.27769392511608
    ],
    [
      32.434091978986245,
      42.129992902062874,
      94.12170730274431,
      18.205976087880018,
      57.98608843764772,
      32.49990529391458,
      41.44016940753939,
      62.524187847785065,
      79.22076014360697,
      58.201613248747044
    ],
    [
      29.593345377077117,
      7.495947437935759,
      26.61097020492716,
      52.809674707340285,
      53.81776221695089,
      61.94871382695429,
      6.620739625988444,
      26.72307973646218,
      95.72318448802093,
      10.511812421135652
    ],
    [
      64.99809368178788,
      6.887238982262636,
      65.08497967334411,
      86.14709517152173,
      57.716929504649094,
      92.32627702355033,
      36.31402478015398,
      98.82864463382175,
      20.87527885242804,
      23.813205554227526
    ],
    [
      72.40320042653119,
      70.94888298253424,
      42.74507573674925,
      73.16633891131222,
      28.066039754498874,
      42.73468267668896,
      1.9082154191337484,
      31.369188502106365,
      79.3279687641551,
      31.193655381746954
    ],
    [
      65.9405431018467,
      67.63434149326629,
      35.966042826720155,
      91.79700092340455,
      52.86631985601975,
      74.04281251534385,
      19.7469271212239,
      9.663063269837036,
      24.162357774465793,
      99.92100318224493
    ],
    [
      24.49287237966358,
      89.1381426929544,
      93.70541758954813,
      75.83557719118228,
      97.30263712713548,
      69.33381235685302,
      5.293531702104514,
      8.897037891523434,
      68.32608139991463,
      29.31209974416432
    ]
  ],
  "n_vertices": 10,
  "n_edges": 45,
  "n_colors": 10,
  "metadata": {
    "instance_type": "complete",
    "n_vertices": 10,
    "n_colors": 10,
    "cost_pattern": "uniform",
    "seed": 89,
    "density": 1.0,
    "is_feasible": true,
    "known_optimal_cost": 125.14166341105869,
    "chromatic_number": 10
  }
}