{
  "graph_edges": [
    [
      0,
      1
    ],
    [
      0,
      19
    ],
    [
      1,
      2
    ],
    [
      2,
      3
    ],
    [
      3,
      4
    ],
    [
      4,
      5
    ],
    [
      5,
      6
    ],
    [
      6,
      7
    ],
    [
      7,
      8
    ],
    [
      8,
      9
    ],
    [
      9,
      10
    ],
    [
      10,
      11
    ],
    [
      11,
      12
    ],
    [
      12,
      13
    ],
    [
      13,
      14
    ],
    [
      14,
      15
    ],
    [
      15,
      16
    ],
    [
      16,
      17
    ],
    [
      17,
      18
    ],
    [
      18,
      19
    ]
  ],
  "graph_nodes": [
    0,
    1,
    2,
    3,
    4,
    5,
    6,
    7,
    8,
    9,
    10,
    11,
    12,
    13,
    14,
    15,
    16,
    17,
    18,
    19
  ],
  "cost_matrix": [
    [
      37.1454527192467,
      45.66938567344045,
      50.10997452801116,
      8.486584592918556,
      57.60439665044437,
      29.6737665716219,
      31.571641420054053,
      38.11274048401684,
      81.76981076867042,
      96.91463467702398,
      79.09924069728254,
      38.68750088816426,
      17.108905417443758,
      55.19137999629943,
      78.21412721366788,
      30.704326966623654,
      65.63079252191089,
      30.353403960756747,
      4.230297176286657,
      94.92676913088503
    ],
    [
      16.121465616601114,
      28.609792666184145,
      57.87627709320055,
      55.83470109061959,
      8.866516780488594,
      17.314445067904522,
      73.028733357185,
      13.176982241434036,
      37.37132989922607,
      2.4120873670100353,
      52.095966171784774,
      24.789364262958244,
      51.05156251922853,
      37.76676950177893,
      37.70249942495611,
      43.048570693056035,
      58.28291227432821,
      60.36940928071586,
      54.683787222965876,
      84.54129572720919
    ],
    [
      29.15169669070509,
      9.19340325079958,
      66.17541094446855,
      22.86369505499923,
      82.59883891289039,
      40.34631939887585,
      67.86400700234775,
      90.92891512095093,
      68.64764090027512,
      94.18413828087223,
      97.17976125075272,
      58.20816935623168,
      98.96642592754178,
      27.476303701512958,
      56.30110625375499,
      2.2733221212368795,
      75.13521184387716,
      88.31387989246801,
      2.9328128994023324,
      32.818509021453366
    ],
    [
      3.6455977124732506,
      78.60500857005052,
      59.68901040677575,
      57.06665433896386,
      90.2778987818279,
      58.57376222911195,
      79.71134355319522,
      59.749311099651756,
      68.68898067456831,
      42.319623885162045,
      23.49916031405076,
      29.148168934864337,
      32.69376057274795,
      87.36129490582425,
      51.47661135587492,
      11.192193005577668,
      65.95039922152583,
      7.398773998464973,
      91.03815672957404,
      57.465802184819466
    ],
    [
      76.02272479408697,
      94.11186682396574,
      5.282208022029212,
      6.278877433548455,
      71.40976620600011,
      55.25662504519498,
      66.4688583283252,
      34.71307467598255,
      40.80130063207724,
      61.37365982456456,
      96.81470346996608,
      9.270600186940937,
      15.339971658143556,
      42.20307023813823,
      73.50578963530059,
      13.69517440919474,
      89.66347120829747,
      22.72862990721994,
      2.2947019969568796,
      18.743135267654228
    ],
    [
      39.91929941716054,
      7.923753082443751,
      78.07345238162561,
      28.441587753485788,
      21.451739998767806,
      86.99272689866126,
      44.99983689232202,
      7.268402347045942,
      70.6762134460201,
      71.97777285162552,
      13.957272179191406,
      13.524390165135607,
      84.40311012162411,
      93.79392010224544,
      46.390443215024305,
      92.25495321302414,
      53.06707352073979,
      61.898155753839724,
      96.85247077506942,
      99.85141190195907
    ],
    [
      79.0245514692968,
      13.62549992431833,
      55.63536305430964,
      2.0761773569496413,
      89.75845666231511,
      33.649965726992924,
      80.79967151018911,
      71.50255194593062,
      7.782420493502823,
      63.59548344220336,
      56.467412669947386,
      31.961151747132376,
      9.792977650183717,
      31.22993303078612,
      74.84315644885486,
      22.32660461587075,
      92.57274389820891,
      36.54835392941871,
      98.7698302915519,
      28.770166713275135
    ],
    [
      11.872904167478385,
      21.465905408911375,
      62.36849405770998,
      2.7265737224234394,
      34.836686824099,
      47.282801123442205,
      91.15534397702457,
      73.76833553758759,
      92.08461461456506,
      58.43353614506197,
      77.25820745120424,
      26.09604787172958,
      42.49330850629171,
      91.04742629959114,
      70.46081019758856,
      89.1812310819892,
      69.10806115105903,
      82.75187268257662,
      76.11110354144456,
      34.359911342505505
    ],
    [
      55.421960041623116,
      89.91853606931025,
      52.3837710939125,
      66.42366948168115,
      22.94244481038187,
      85.87533186844341,
      74.024250372258,
      35.42407034220835,
      67.91545597035909,
      31.698783673959117,
      31.332863821950415,
      10.860178701882562,
      62.85519251371197,
      65.30126524352029,
      40.078147778396,
      67.34047825905753,
      47.64038137064881,
      6.23691525572024,
      3.751175111795112,
      21.50536181745977
    ],
    [
      8.929984800385572,
      5.092433643799562,
      10.791564650035959,
      64.66072316512162,
      11.05198178510605,
      7.092236367511216,
      31.214869376196173,
      79.68955101846,
      70.9020846050011,
      12.704994237782497,
      22.10111283886402,
      52.047140017541494,
      15.292376863678141,
      92.05075533929394,
      30.130242375268946,
      42.84601372056686,
      79.67477414341262,
      76.69086035972481,
      56.60433503016728,
      81.05973429462713
    ],
    [
      19.02388450678826,
      44.855916889468354,
      13.109427263693062,
      82.71354814661484,
      4.95938174564246,
      1.1725165218765479,
      62.20738870125514,
      68.30197897694202,
      40.7507066751376,
      16.6776487612041,
      86.5460133332709,
      94.77993460155353,
      62.164346309533244,
      84.52043188500484,
      58.14007288258103,
      31.558317722909173,
      35.6241059135947,
      50.7724310291587,
      8.958608214053038,
      49.72521728536806
    ],
    [
      64.4105782230289,
      38.34330031695989,
      83.51434833224818,
      90.08840723768078,
      26.656185790517394,
      4.080189181838744,
      53.594534361371544,
      15.48013249934258,
      8.535511826920485,
      31.00933875527323,
      69.96947273778315,
      44.80927288113188,
      12.072940930191846,
      8.599955556545979,
      78.00644494667618,
      17.481505380825237,
      45.85351789049661,
      10.775096102554176,
      19.66796491378945,
      42.290808788094914
    ],
    [
      88.21774586426247,
      75.08128738102413,
      92.49478047361328,
      33.45891763967974,
      4.230443820338276,
      88.7671864024444,
      89.97521541240674,
      56.330374977765665,
      62.39900751444228,
      22.192026563255332,
      99.70467111388707,
      23.956829584273788,
      20.513047836553064,
      36.72860991320383,
      50.3079051180964,
      6.190864270969135,
      42.733865138742814,
      4.82524096128692,
      49.71500172178182,
      75.66542760364565
    ],
    [
      3.4689848889254433,
      85.4143825594623,
      32.52349431126403,
      21.12817704851336,
      55.474028134912935,
      6.326308122244072,
      58.01748755284946,
      77.73630240732747,
      57.63421395147498,
      65.73299892092034,
      84.87651083359442,
      48.23980714626001,
      17.937525649555653,
      52.381823339412136,
      93.0871855527245,
      33.7474885948373,
      95.9584917951036,
      62.70007548213122,
