{
  "graph_edges": [
    [
      0,
      1
    ],
    [
      0,
      9
    ],
    [
      1,
      2
    ],
    [
      2,
      3
    ],
    [
      3,
      4
    ],
    [
      4,
      5
    ],
    [
      5,
      6
    ],
    [
      6,
      7
    ],
    [
      7,
      8
    ],
    [
      8,
      9
    ]
  ],
  "graph_nodes": [
    0,
    1,
    2,
    3,
    4,
    5,
    6,
    7,
    8,
    9
  ],
  "cost_matrix": [
    [
      82.4879237302694,
      3.585680175416866,
      21.866293353198103,
      62.223755165611415,
      10.730162068353017,
      62.39299967780902
    ],
    [
      6.335131740245932,
      96.10475172261961,
      98.06250804729227,
      52.59163737685116,
      64.01878113871923,
      76.71093787865574
    ],
    [
      76.7305741670651,
      42.35087237641255,
      77.11172532605052,
      42.89697329079114,
      92.68425358115633,
      68.51072200236744
    ],
    [
      37.47710354114415,
      86.03207567992918,
      38.669072318355596,
      10.400472124477165,
      33.164180650045495,
      42.09610642810663
    ],
    [
      74.48512093618764,
      66.13297789107594,
      20.93036630293688,
      81.04030341109126,
      78.85384140256701,
      40.09902415250718
    ],
    [
      51.55100726391678,
      79.81979460870042,
      45.09237209321172,
      74.5636241405113,
      8.796158258855819,
      49.27688054365128
    ],
    [
      44.004475842425,
      25.359736621618712,
      86.3024311090439,
      2.9822333526805265,
      45.631844273313554,
      5.694864560180558
    ],
    [
      50.2750221216071,
      86.01862640867245,
      34.14674998510328,
      90.25741308389323,
      13.16586784305766,
      16.585940946393052
    ],
    [
      78.9511438720425,
      66.82896672508036,
      72.3002130674456,
      54.38627701444565,
      47.722797971231785,
      90.16806286929656
    ],
    [
      38.076738565820094,
      53.25085804606741,
      69.75484902203452,
      43.13125801437424,
      64.21909126441325,
      59.83814377622234
    ]
  ],
  "n_vertices": 10,
  "n_edges": 10,
  "n_colors": 6,
  "metadata": {
    "instance_type": "cycle",
    "n_vertices": 10,
    "n_colors": 6,
    "cost_pattern": "uniform",
    "seed": 52,
    "density": 0.2222222222222222,
    "is_feasible": true,
    "known_optimal_cost": 197.76639181447064,
    "chromatic_number": 2
  }
}