{
  "graph_edges": [
    [
      0,
      1
    ],
    [
      0,
      19
    ],
    [
      1,
      2
    ],
    [
      2,
      3
    ],
    [
      3,
      4
    ],
    [
      4,
      5
    ],
    [
      5,
      6
    ],
    [
      6,
      7
    ],
    [
      7,
      8
    ],
    [
      8,
      9
    ],
    [
      9,
      10
    ],
    [
      10,
      11
    ],
    [
      11,
      12
    ],
    [
      12,
      13
    ],
    [
      13,
      14
    ],
    [
      14,
      15
    ],
    [
      15,
      16
    ],
    [
      16,
      17
    ],
    [
      17,
      18
    ],
    [
      18,
      19
    ]
  ],
  "graph_nodes": [
    0,
    1,
    2,
    3,
    4,
    5,
    6,
    7,
    8,
    9,
    10,
    11,
    12,
    13,
    14,
    15,
    16,
    17,
    18,
    19
  ],
  "cost_matrix": [
    [
      92.4794764418681,
      16.629187472944405,
      86.82459260476394,
      9.331537145284361,
      57.78379470982514,
      28.912036919428363,
      26.371775223190543,
      56.834060783873035,
      22.762511830048933,
      65.21345915867754,
      63.14747199855859,
      41.68646662576892,
      40.851792428669164,
      45.56604512838039,
      24.158320615224415,
      14.298837955910162,
      11.36656396621976,
      47.82603268980721,
      12.270906048011735,
      29.31865168305641
    ],
    [
      83.98295717729714,
      32.093268880955215,
      8.561251575650363,
      77.17327391007058,
      26.539028525437846,
      93.50733061416598,
      80.99592783977465,
      34.1976313583858,
      49.64340232856931,
      23.0506766856009,
      43.990568124168526,
      64.79499870263933,
      96.21490757079451,
      44.50972990954916,
      44.47343479451745,
      64.38257779469932,
      91.39686002293155,
      56.04996187459717,
      54.0096601861454,
      44.882682132458015
    ],
    [
      14.773836879505678,
      93.60254994997057,
      64.1450230107204,
      95.04564675799686,
      45.866280999179416,
      39.53177510351254,
      61.87359966067936,
      67.51796511175621,
      76.58632085707572,
      31.724785576065692,
      30.1170013725774,
      20.838461679830548,
      29.18802581132045,
      70.252290323294,
      92.36867108688041,
      34.76101176700933,
      70.33573104442648,
      64.39964116725974,
      5.249118642132327,
      74.37053243882237
    ],
    [
      3.017244057394642,
      81.37488206740304,
      29.01965009136054,
      44.30374197303425,
      93.07655430807918,
      54.63553041829485,
      90.37533483338723,
      39.77497710911187,
      59.79091806834715,
      89.70577336105315,
      17.003942245466003,
      81.1521331401168,
      19.443154281973168,
      63.74066261911146,
      51.89406502661547,
      73.09672864554973,
      4.769297133001611,
      91.23954916100362,
      77.30761428525307,
      95.97607260900183
    ],
    [
      23.449625417437886,
      67.96652856619657,
      36.495984072065006,
      26.984974273426197,
      39.88809852933605,
      75.94968041937541,
      39.469200516736045,
      91.64169872882849,
      63.45262644876848,
      99.32010891693355,
      72.56327391765949,
      48.55223904510609,
      23.234760570952606,
      66.16443188196303,
      58.49617554381179,
      59.32149496541873,
      16.801201210393614,
      80.2394587532967,
      62.35724461847369,
      86.33420305028852
    ],
    [
      15.051914139543982,
      54.91937723792868,
      37.11541548663697,
      54.435926132583596,
      27.53238764600351,
      77.42980030762236,
      88.75423750240658,
      2.07209336428683,
      30.8301554029122,
      4.199568252775574,
      22.876017080399482,
      26.20731355510242,
      3.7497304196221246,
      27.908283131021477,
      55.8102592522023,
      24.64496476269529,
      55.052177834275135,
      23.193917806122997,
      66.00712577984932,
      79.84997093427278
    ],
    [
      99.6171792486628,
      64.14235806278822,
      93.58149750058247,
      79.19733261702079,
      85.21568966787254,
      8.83259104090305,
      54.205847392472045,
      68.9749230427477,
      45.4627500098827,
      93.68360912650012,
      65.14027870423566,
      12.140071899415757,
      81.4389634734837,
      55.61954122437121,
      92.77652863220277,
      65.00570716602492,
      62.055615874148245,
      5.8722505704575845,
      41.1146289430765,
      45.11742407589461
    ],
    [
      57.16133872373285,
      17.796619258382677,
      49.963292430183685,
      75.80761066609355,
      72.80529567865746,
      23.76626281251099,
      52.39813756013592,
      59.43927151781606,
      35.33102233047604,
      57.423151867696255,
      92.20435443873363,
      24.504875385133825,
      68.14057657293633,
      64.35995030016252,
      89.08481332512557,
      49.34798168036912,
      42.58107299688409,
      47.802682519155944,
      23.305898052859423,
      46.25930068681151
    ],
    [
      88.80202841475979,
      47.722126913261505,
      34.577148862005615,
      15.078989768858577,
      89.94262906928317,
      25.805448680622757,
      71.79804188953621,
      84.00583958275787,
      58.80757550514512,
      63.31504216186748,
      20.094470606096934,
      17.238839699731805,
      13.545948284106245,
      99.87268027031908,
      29.093763983622654,
      52.07623096637009,
      19.702968105514895,
      72.94939684816673,
      94.81034607291157,
      85.29493315645108
    ],
    [
      78.57665634153078,
      21.8535831831907,
      72.82096629334967,
      15.292768370178495,
      15.73521382912174,
      81.03231195227671,
      93.08218238410842,
      93.82577912553757,
      35.20603213978634,
      39.3084040036235,
      1.6262918370099455,
      55.22535211367958,
      57.4342481174939,
      77.1747792646798,
      8.362361737783573,
      23.706747649188586,
      90.41356549214547,
      27.786191743242014,
      19.75460608658418,
      61.59649517827825
    ],
    [
      41.380232601064975,
      64.46412124234864,
      94.95046816481354,
      25.13818810195385,
      45.78072544148006,
      71.56023461985845,
      89.6346164828408,
      7.699373128102935,
      36.18042178699612,
      76.29657684312903,
      45.06556173814457,
      78.31976322259264,
      22.486759385592396,
      37.81707754029276,
      67.80034524960303,
      61.54149218135926,
      98.81014930799994,
      49.39378216994157,
      81.24145080389782,
      89.37714643572933
    ],
    [
      80.96357147830632,
      34.146496870597865,
      58.301622945813236,
      22.7592982682656,
      52.2575958731652,
      73.29659914858998,
      34.60847408245268,
      6.390980066610488,
      9.017291708762574,
      17.319345794388376,
      86.17357000418785,
      84.11227067057052,
      98.99040101737764,
      56.59638675318798,
      28.973514184743706,
      37.523903931455195,
      84.85576975799263,
      70.07970066513491,
      13.805749793135753,
      44.727136147778495
    ],
    [
      75.82720271479894,
      7.360846528363605,
      35.88995879790949,
      16.393117782792128,
      67.74040660835772,
      95.00499533239525,
      24.704185503106608,
      38.431490611807575,
      19.678554161789048,
      74.61425973396175,
      39.37126342248099,
      69.24251355940264,
      75.68483935527779,
      83.9819609153955,
      38.08094614906459,
      37.92837810222108,
      5.9080585068614155,
      96.21052047610158,
      78.41982889030432,
      22.003656202029774
    ],
    [
      57.6066377244283,
      92.70134045144601,
      51.83215783941125,
      91.49973410142961,
      2.634947797983507,
      46.008527299162154,
      49.82988799973463,
      76.08442825929207,
      46.56232911099091,
      50.77797264980512,
      88.58275229758463,
      16.692217502734884,
      31.318495379011868,
      85.95581950425397,
      97.0180861248276,
      25.38991694796869,
      20.948604454419854,
      91.32148224400241,
