{
  "graph_edges": [
    [
      0,
      1
    ],
    [
      0,
      19
    ],
    [
      1,
      2
    ],
    [
      2,
      3
    ],
    [
      3,
      4
    ],
    [
      4,
      5
    ],
    [
      5,
      6
    ],
    [
      6,
      7
    ],
    [
      7,
      8
    ],
    [
      8,
      9
    ],
    [
      9,
      10
    ],
    [
      10,
      11
    ],
    [
      11,
      12
    ],
    [
      12,
      13
    ],
    [
      13,
      14
    ],
    [
      14,
      15
    ],
    [
      15,
      16
    ],
    [
      16,
      17
    ],
    [
      17,
      18
    ],
    [
      18,
      19
    ]
  ],
  "graph_nodes": [
    0,
    1,
    2,
    3,
    4,
    5,
    6,
    7,
    8,
    9,
    10,
    11,
    12,
    13,
    14,
    15,
    16,
    17,
    18,
    19
  ],
  "cost_matrix": [
    [
      9.647614647315331,
      23.817232855621075,
      41.69504599325236,
      31.767487157448613,
      57.02963318538905,
      54.9613066746012,
      80.9028448402073,
      91.89735562107616,
      52.68698453152403,
      43.04403887744022,
      8.108591500414146,
      89.95435616774256,
      42.630868779449585,
      58.63480900590116,
      22.20120005166986,
      45.30108229852422,
      47.31851663414783,
      10.963078536761014,
      92.8015015854187,
      16.937697589910687
    ],
    [
      87.5848238904849,
      6.1638456289675725,
      99.23567743109528,
      11.409584268544124,
      40.79699543085424,
      8.111818889659297,
      2.900110734436166,
      72.41010054093955,
      5.105120652891119,
      2.846403091692161,
      9.210836155867899,
      28.80955083200316,
      43.485029070409034,
      2.9533040380511224,
      46.7051217846934,
      67.28907105030832,
      67.631342753741,
      79.89962447969765,
      9.288304081297959,
      89.59252023236151
    ],
    [
      78.884018307614,
      66.73838695943483,
      85.41521584408144,
      54.89440582308352,
      20.549669370577472,
      54.332223844778184,
      51.22170907181509,
      28.458347513565478,
      67.17993864940861,
      73.40437602372329,
      69.57868607603959,
      60.32716131613993,
      20.427541698776047,
      66.26489491693366,
      31.552247751820033,
      37.567723630393786,
      29.193631720162426,
      92.78459803241363,
      77.77664644343557,
      64.49022906384826
    ],
    [
      29.320221571379637,
      66.80880258729769,
      14.322263130614415,
      49.97162161495445,
      65.02814481987444,
      93.86646527222629,
      99.7552444287355,
      81.07167025370876,
      46.092670024170644,
      69.40932404009712,
      71.04823170289005,
      38.43527393188742,
      58.56410857363396,
      63.18253606415822,
      11.945042511814778,
      66.5379226939298,
      58.29045827667746,
      31.753149953590157,
      39.72994143219221,
      41.90105100336475
    ],
    [
      92.90540801403613,
      31.55267187946418,
      68.22701956007901,
      26.68640716616981,
      13.202535982975924,
      20.481166965094257,
      85.49558631492329,
      31.304967700592087,
      55.49274615517794,
      95.98457250371548,
      88.69977656781415,
      45.72499192451996,
      17.766040953958086,
      30.330940141984854,
      54.41560551069288,
      76.35376987721224,
      89.04392987550841,
      57.211944552885285,
      47.96935770194784,
      76.6254667286588
    ],
    [
      81.84158319406131,
      15.66437487960726,
      67.71249877566024,
      58.44821590110943,
      37.58622124686226,
      14.563036422626768,
      85.98809749919961,
      28.503358256294845,
      43.13893936549235,
      73.66852630907265,
      99.17612906481853,
      95.9045300147687,
      36.30241832155976,
      48.123496762525264,
      62.890927500588184,
      22.34007470380923,
      92.00333019927088,
      71.59618099507935,
      59.10165408626783,
      50.84821033163606
    ],
    [
      49.65475696234397,
      72.3167660427925,
      67.25143065965716,
      1.6610619732754592,
      46.96289156301214,
      6.034108262516615,
      54.26793758980362,
      8.634880445936176,
      39.6043333504791,
      78.67447452638334,
      35.83885931446417,
      38.79673215507576,
      65.98534925182899,
      44.64643740923072,
      54.267781216122074,
      11.097463687481262,
      69.7256619416369,
      27.431752878683824,
      17.520199339677,
      59.340855266813065
    ],
    [
      43.17368020906041,
      45.82394657577538,
      47.71242878511801,
      35.49769519995962,
      20.98389493253131,
      76.7575616044135,
      11.857757811516507,
      84.04225859321578,
      29.570390753396847,
      94.68080849929322,
      48.909747153326855,
      35.56698450354988,
      36.78190872296756,
      86.2234231755548,
      88.83457421935468,
      86.20657091664627,
      79.85931690156957,
      47.10563545699231,
      71.42236416196333,
      19.103825273245544
    ],
    [
      72.91328416622275,
      47.30672463783954,
      97.5533574778812,
      73.49159293454954,
      92.67613936945463,
      5.556876744418012,
      69.24513988196973,
      56.75756472477358,
      76.87873917459491,
      45.95905867757506,
      14.290053473519766,
      26.743804341396828,
      36.18982881765391,
      8.982881424041459,
      1.075396164419478,
      56.05474367074708,
      74.25976088647487,
      82.71478711089055,
      30.80636903025924,
      12.821216149005089
    ],
    [
      23.650530495596193,
      91.86443009485266,
      63.361740890399886,
      5.044653415662749,
      23.396117170621206,
      4.0191332383939,
      91.51906727764143,
      18.0844035824521,
      17.165879537173666,
      85.43845974595897,
      99.08919740717461,
      6.638838952495456,
      26.528658905316377,
      36.07772920928671,
      61.63338381436026,
      38.74254814661416,
      48.488822403159446,
      43.56641704970459,
      37.17460064363764,
      44.03581133366448
    ],
    [
      24.729476007040343,
      4.559099873544742,
      17.323493642116254,
      32.14268122186624,
      9.529899081290814,
      59.725541612410055,
      81.99271927703072,
      48.9834591596574,
      51.04124497152302,
      85.54942204502724,
      75.50481063009258,
      95.90150956834866,
      62.84349714378497,
      20.00752191661352,
      3.0627314678387356,
      35.402991335300364,
      90.19925644750286,
      45.31919470206676,
      21.655192569738983,
      77.73736788266605
    ],
    [
      55.115927590228075,
      1.6237008449339951,
      55.48169293621748,
      39.12752969619377,
      34.023358853737584,
      42.52592560316568,
      82.54047027548674,
      84.28066763666614,
      49.55260666077387,
      82.55249177028091,
      8.484314901045172,
      71.56802960863742,
      64.77880566171994,
      45.364431611595535,
      36.924869933196504,
      98.063247741381,
      74.66779515484572,
      28.7112173701303,
      35.068620573677656,
      12.246040160908633
    ],
    [
      38.396784091661445,
      39.66369403665945,
      45.302051009669285,
      68.8240101216338,
      55.65185860087124,
      90.21853506200031,
      40.133065887416095,
      79.19306179621229,
      62.14933222488668,
      8.345099439311138,
      81.18873606856195,
      2.689037188645523,
      38.40537374022976,
      22.542036475928484,
      77.22211405478959,
      2.177451238457846,
      19.134650047219946,
      58.16418231204004,
      73.71991223644395,
      64.9338064300636
    ],
    [
      35.44658673108413,
      43.65844119875155,
      67.60535025528003,
      6.3745564462991995,
      46.80121270536295,
      71.94130210141329,
      94.90494669559048,
      79.77331492236272,
      44.024550834044206,
      26.309145243545203,
      80.31240266820657,
      48.34776321021971,
      12.009989654546427,
      43.875545824485584,
      63.01281631061972,
      46.5477221187565,
      68.70870291214854,
      9.824876639352647,
