{
  "graph_edges": [
    [
      0,
      1
    ],
    [
      0,
      14
    ],
    [
      1,
      2
    ],
    [
      2,
      3
    ],
    [
      3,
      4
    ],
    [
      4,
      5
    ],
    [
      5,
      6
    ],
    [
      6,
      7
    ],
    [
      7,
      8
    ],
    [
      8,
      9
    ],
    [
      9,
      10
    ],
    [
      10,
      11
    ],
    [
      11,
      12
    ],
    [
      12,
      13
    ],
    [
      13,
      14
    ]
  ],
  "graph_nodes": [
    0,
    1,
    2,
    3,
    4,
    5,
    6,
    7,
    8,
    9,
    10,
    11,
    12,
    13,
    14
  ],
  "cost_matrix": [
    [
      10.217720380513942,
      97.19393607898897,
      48.902138065900964,
      25.009747448308346,
      53.58125915091806,
      29.26887931101508,
      86.40040732811232,
      5.068915192626497,
      11.726425661121318,
      76.948844497441
    ],
    [
      6.091442179504544,
      77.79593732574945,
      1.904755319074316,
      62.21289923222657,
      82.05222394110734,
      89.95998657517018,
      98.57554659376198,
      50.17774732123908,
      35.87957365126896,
      86.84141445273235
    ],
    [
      40.29129282665345,
      64.72206469849318,
      3.0248780033935487,
      81.00036975595046,
      43.5317168998967,
      56.29610572780633,
      78.13201772488908,
      40.85315523162523,
      90.89149687317686,
      65.34699148767389
    ],
    [
      72.99995048791965,
      78.17654295849384,
      35.72201731989736,
      2.946332109692182,
      36.49729838341653,
      31.019319683532604,
      91.98713722594698,
      26.086296062479164,
      24.874322351299494,
      91.08239158073593
    ],
    [
      77.90471969708733,
      43.546821820095616,
      92.25724541806447,
      71.06226819329025,
      8.105172827437071,
      32.88602992287569,
      84.66683668285778,
      63.93360196203523,
      61.92302923336645,
      81.02312576878693
    ],
    [
      64.00737081929489,
      27.47458685952739,
      39.16990563131179,
      35.15081816940725,
      20.83264502008569,
      26.762956207132085,
      67.59759988076677,
      84.98821275630193,
      21.074731068846567,
      77.34222358354367
    ],
    [
      83.27882928714666,
      54.38644943535437,
      37.87385421066785,
      21.114996641342525,
      19.604640159818455,
      33.04684066973803,
      8.1606079097837,
      20.128836638767844,
      91.95934981705057,
      61.746169725507386
    ],
    [
      4.689629864315501,
      28.140699722225303,
      72.60674557764284,
      93.47223503053188,
      40.424085238210765,
      71.98720098578065,
      81.73104536434138,
      4.0134646104591525,
      82.84099502705106,
      48.32454372698321
    ],
    [
      28.792104709062937,
      59.820282599928774,
      7.254535267127576,
      17.54266352909285,
      53.85468005802729,
      58.73277739556224,
      23.304011735261582,
      74.86804403829748,
      76.77907218590323,
      36.02117936489023
    ],
    [
      59.89107977361827,
      97.93474401780054,
      29.71672205807614,
      62.88883517625923,
      32.57053410131904,
      92.4296995003924,
      47.020286800555866,
      86.1782358758555,
      19.031491544289256,
      29.107580294090933
    ],
    [
      28.908527359561685,
      58.069095816562985,
      49.608905860316774,
      75.74656914780346,
      7.750146472081757,
      92.81518929851362,
      29.411042284464703,
      55.32844254522848,
      53.22654762530549,
      49.738454733558676
    ],
    [
      95.25236261644736,
      61.3566459202281,
      42.24993431995823,
      44.32610099730153,
      24.352498324195654,
      98.07767366385654,
      75.59072563022463,
      29.8406449926311,
      29.871749850086726,
      72.71723273796303
    ],
    [
      50.93585919606472,
      4.983274451096808,
      51.510429739910066,
      38.21541671105576,
      75.3883859180519,
      72.29773177571292,
      8.5700863485333,
      86.17633806411447,
      6.963794666075856,
      66.25061560480513
    ],
    [
      7.735027970882437,
      70.25221675573833,
      38.01875044707427,
      21.242922370430833,
      79.15516296095939,
      98.18346732083043,
      61.394460979202336,
      48.67113609768784,
      50.78197585794577,
      6.568074668659217
    ],
    [
      6.508268146137995,
      25.12447019098801,
      12.242660848584057,
      40.44614764609738,
      21.633634440060554,
      57.766710130292225,
      55.04695081011755,
      5.662591247480548,
      74.87765678380747,
      1.2669683626839057
    ]
  ],
  "n_vertices": 15,
  "n_edges": 15,
  "n_colors": 10,
  "metadata": {
    "instance_type": "cycle",
    "n_vertices": 15,
    "n_colors": 10,
    "cost_pattern": "uniform",
    "seed": 55,
    "density": 0.14285714285714285,
    "is_feasible": true,
    "known_optimal_cost": 136.3476329625361,
    "chromatic_number": 3
  }
}