{
  "graph_edges": [
    [
      0,
      1
    ],
    [
      0,
      14
    ],
    [
      1,
      2
    ],
    [
      2,
      3
    ],
    [
      3,
      4
    ],
    [
      4,
      5
    ],
    [
      5,
      6
    ],
    [
      6,
      7
    ],
    [
      7,
      8
    ],
    [
      8,
      9
    ],
    [
      9,
      10
    ],
    [
      10,
      11
    ],
    [
      11,
      12
    ],
    [
      12,
      13
    ],
    [
      13,
      14
    ]
  ],
  "graph_nodes": [
    0,
    1,
    2,
    3,
    4,
    5,
    6,
    7,
    8,
    9,
    10,
    11,
    12,
    13,
    14
  ],
  "cost_matrix": [
    [
      98.4349932037151,
      34.00781433545068,
      67.69646084224462,
      20.44265130423793,
      36.09019999946133,
      81.523229365024,
      25.537105797614842,
      46.402521189475166,
      87.85284072821167,
      39.7741876555734
    ],
    [
      33.287208614680694,
      9.919415914133355,
      83.58755724245957,
      10.52494888926101,
      65.10696312763075,
      55.400894848367194,
      85.12431364717062,
      27.266414504208914,
      44.645963778952975,
      88.20765286699316
    ],
    [
      73.89941279037026,
      71.5513637027654,
      4.531524924858248,
      2.953391665308754,
      33.45189025315729,
      56.73864670313058,
      74.82598766541416,
      73.22722089417006,
      99.02892084852449,
      96.38489011777868
    ],
    [
      55.469338159617735,
      98.83790545052692,
      51.41620696996268,
      35.627471297057184,
      93.20065186251229,
      21.214033376946873,
      40.71548353336904,
      47.747465903910054,
      14.644909883955783,
      72.79506924155942
    ],
    [
      58.98793690509623,
      16.49604588614821,
      78.82152679349848,
      17.36847977894065,
      74.68941883233146,
      26.666122573118056,
      75.47206679914174,
      13.763493490365315,
      3.5166761720487987,
      18.481534346473232
    ],
    [
      96.77882276430917,
      28.94906373873091,
      82.8037684184898,
      37.843528537304955,
      47.42916357805773,
      19.65045935583106,
      16.120821595171392,
      1.1626011892378494,
      46.40345936004701,
      4.842483849724466
    ],
    [
      73.59934901024616,
      68.25108440480618,
      15.463253498971726,
      53.9920589249003,
      96.25512385981762,
      74.04161311706389,
      93.72036249408386,
      33.411961032214286,
      85.02190139620544,
      87.4538673613044
    ],
    [
      15.922701770374726,
      2.7239490542336706,
      44.04643723420049,
      40.918545968409404,
      34.04681938835473,
      4.530625769475506,
      22.981580524706086,
      37.07257779938431,
      53.237543553800116,
      75.63191539291573
    ],
    [
      69.51538358560525,
      11.910460056202554,
      98.89118546985182,
      93.88184446488037,
      50.55544301132459,
      68.59990401104656,
      49.25578755574392,
      23.08990364131479,
      40.459644788359775,
      51.40983498189615
    ],
    [
      96.67905371674665,
      21.471884889975996,
      52.045192382721574,
      57.65532703050884,
      88.83373671451534,
      69.34868477534108,
      44.75131914343553,
      72.65156925049644,
      7.064656807041191,
      4.267244558415889
    ],
    [
      7.532252314780421,
      97.97303609265593,
      89.62436234631113,
      69.83744468195188,
      10.858798177540375,
      79.70174978367476,
      66.04159162976487,
      28.631818560784485,
      9.21835304022593,
      50.79371409159394
    ],
    [
      25.57995199304184,
      58.729552252168894,
      56.98927071488728,
      60.832156910609825,
      70.86681024317886,
      70.64932235042683,
      26.094403250321186,
      98.20271097540103,
      32.728978232192,
      61.38369318990707
    ],
    [
      17.441554348320835,
      31.296857795771317,
      64.01753357985105,
      19.61625462631303,
      87.53731172109752,
      8.432904160757712,
      62.28671427776649,
      69.83306228795169,
      77.81915849834182,
      64.85301436282107
    ],
    [
      53.4197238838121,
      99.61486320415894,
      93.47684381686575,
      30.41829558105109,
      12.929387551478115,
      16.005974232195918,
      65.60978948260647,
      68.52557286059711,
      99.11450776470348,
      90.27894002259619
    ],
    [
      10.215589133879012,
      90.24681204038582,
      87.2538232475807,
      39.338229783827856,
      59.81068382368942,
      88.05437093459767,
      55.00710103245832,
      68.21618881795499,
      34.953882043109495,
      29.679126115149888
    ]
  ],
  "n_vertices": 15,
  "n_edges": 15,
  "n_colors": 10,
  "metadata": {
    "instance_type": "cycle",
    "n_vertices": 15,
    "n_colors": 10,
    "cost_pattern": "uniform",
    "seed": 56,
    "density": 0.14285714285714285,
    "is_feasible": true,
    "known_optimal_cost": 160.58488991619566,
    "chromatic_number": 3
  }
}