{
  "graph_edges": [
    [
      0,
      1
    ],
    [
      0,
      14
    ],
    [
      1,
      2
    ],
    [
      2,
      3
    ],
    [
      3,
      4
    ],
    [
      4,
      5
    ],
    [
      5,
      6
    ],
    [
      6,
      7
    ],
    [
      7,
      8
    ],
    [
      8,
      9
    ],
    [
      9,
      10
    ],
    [
      10,
      11
    ],
    [
      11,
      12
    ],
    [
      12,
      13
    ],
    [
      13,
      14
    ]
  ],
  "graph_nodes": [
    0,
    1,
    2,
    3,
    4,
    5,
    6,
    7,
    8,
    9,
    10,
    11,
    12,
    13,
    14
  ],
  "cost_matrix": [
    [
      42.59811374693661,
      36.96071019954348,
      19.302792088383722,
      52.30999008858014,
      1.8519397488681584,
      96.92468446522913,
      80.33674434562963,
      75.97388687225678,
      67.47694588234057,
      3.9360438736673937
    ],
    [
      39.76464096805282,
      41.07460986066685,
      19.77347042404595,
      76.94345880379119,
      62.05559138587891,
      92.70112243509749,
      33.18727937609484,
      26.06228088262753,
      72.30157393862874,
      99.69878883578112
    ],
    [
      31.47944405163423,
      18.02668148705675,
      18.363068039579655,
      17.2188326227204,
      58.91642327443865,
      47.88002017870434,
      46.61493827037502,
      24.280246832843503,
      85.76550005815427,
      47.61848379847933
    ],
    [
      6.403759717317643,
      99.33245087530734,
      20.360082539579203,
      71.53996343633041,
      81.8226063297449,
      47.634669836212844,
      26.84753126669564,
      44.62128507159007,
      21.728912458685905,
      47.81747738453313
    ],
    [
      23.906896097313066,
      16.95651782873397,
      22.48915298595019,
      16.910832735106183,
      94.75054746245881,
      62.552410344950474,
      73.14971145309731,
      87.73303152641118,
      94.22579542279959,
      12.973710736610185
    ],
    [
      88.38981002175909,
      10.513719938442161,
      78.492122421147,
      66.08919231760609,
      88.34167662579837,
      65.7071817644405,
      5.131044834977801,
      63.44315977462111,
      71.39506641621982,
      46.017119102890085
    ],
    [
      67.49450468853642,
      79.89706775719957,
      20.374050414694697,
      17.753065929349553,
      1.917722552834307,
      75.25222243743444,
      81.32408001789143,
      5.6651511459673,
      8.331515409648112,
      81.08373147399912
    ],
    [
      76.37334746521597,
      77.62822239166739,
      37.323066437480094,
      43.3618418995835,
      67.48100547484354,
      18.523454391852134,
      60.89911358140629,
      40.44293984013644,
      82.83728343088941,
      71.53649856313163
    ],
    [
      4.6980731562391895,
      41.43454572000521,
      47.697434413389644,
      28.85876339720422,
      20.969751901712907,
      13.687680443527292,
      22.743943385915667,
      1.2147389782222355,
      21.09019797216626,
      69.81361224101867
    ],
    [
      59.09441783332747,
      99.14993379027703,
      27.48364942072755,
      39.90727447830065,
      78.72998975233622,
      71.85007606507986,
      24.03169141613196,
      29.154612015793244,
      28.212812508120976,
      13.931401654455176
    ],
    [
      54.595433837853854,
      95.94666663102602,
      51.38212796336662,
      10.092387739918763,
      66.11289142236744,
      50.99894978184231,
      34.630370300661355,
      62.12302412636746,
      87.71067405724934,
      82.74151548049605
    ],
    [
      22.742542646703686,
      23.31685999465521,
      61.59999549121039,
      63.26893999769088,
      14.982321245112646,
      88.92194697552152,
      65.10481221343854,
      35.79673336810683,
      88.26009708581493,
      8.497224822693944
    ],
    [
      46.11094334648724,
      98.47435953228558,
      7.300748305815034,
      33.68839297708824,
      98.09419466229802,
      26.486691888502907,
      62.53301137281711,
      71.24991563710886,
      2.7669211631784085,
      2.936037514159098
    ],
    [
      30.761952991003536,
      83.79821162533764,
      94.68996064600367,
      88.93538115069771,
      90.07551750747434,
      40.80676137722461,
      94.28725954665082,
      31.689207840264395,
      72.65083398073926,
      45.585823550991215
    ],
    [
      52.424469103742126,
      24.197680977801497,
      6.174425319967305,
      4.138641767867808,
      91.40405898427997,
      12.603587557633473,
      32.576322639568346,
      48.32396892096943,
      3.8937632610867623,
      12.997043267172225
    ]
  ],
  "n_vertices": 15,
  "n_edges": 15,
  "n_colors": 10,
  "metadata": {
    "instance_type": "cycle",
    "n_vertices": 15,
    "n_colors": 10,
    "cost_pattern": "uniform",
    "seed": 54,
    "density": 0.14285714285714285,
    "is_feasible": true,
    "known_optimal_cost": 154.9523256397854,
    "chromatic_number": 3
  }
}