{
  "graph_edges": [
    [
      0,
      1
    ],
    [
      0,
      9
    ],
    [
      0,
      13
    ],
    [
      1,
      9
    ],
    [
      1,
      10
    ],
    [
      1,
      11
    ],
    [
      2,
      3
    ],
    [
      2,
      7
    ],
    [
      2,
      8
    ],
    [
      2,
      13
    ],
    [
      3,
      4
    ],
    [
      3,
      6
    ],
    [
      3,
      8
    ],
    [
      3,
      12
    ],
    [
      4,
      7
    ],
    [
      4,
      9
    ],
    [
      4,
      10
    ],
    [
      4,
      14
    ],
    [
      5,
      6
    ],
    [
      6,
      11
    ],
    [
      6,
      12
    ],
    [
      6,
      13
    ],
    [
      8,
      9
    ],
    [
      8,
      12
    ],
    [
      8,
      14
    ],
    [
      9,
      11
    ],
    [
      10,
      11
    ],
    [
      10,
      12
    ],
    [
      10,
      14
    ],
    [
      11,
      14
    ],
    [
      12,
      13
    ],
    [
      13,
      14
    ]
  ],
  "graph_nodes": [
    0,
    1,
    2,
    3,
    4,
    5,
    6,
    7,
    8,
    9,
    10,
    11,
    12,
    13,
    14
  ],
  "cost_matrix": [
    [
      32.71102399373825,
      15.348540429641643,
      82.23366011606325,
      16.98926507022337,
      95.05920849371998,
      34.30518849934861,
      15.992809140904981,
      68.17980595842899
    ],
    [
      23.8368296314985,
      97.08870297708964,
      95.50000354172752,
      33.036116589646234,
      25.489316162909333,
      20.074074922467126,
      17.512310861908386,
      63.19172457458284
    ],
    [
      25.270051673988426,
      13.233865160435048,
      67.74543649879101,
      73.75415981035594,
      42.26290800729957,
      46.351408871850204,
      82.05142031000163,
      49.16748784349484
    ],
    [
      45.9842862187398,
      11.09685998201189,
      34.59109712436198,
      81.25290825514983,
      94.04140347241977,
      65.86116628172933,
      54.84171785264701,
      63.397943474892614
    ],
    [
      6.348954031095014,
      18.221452400061047,
      8.603767256579133,
      51.55542203673448,
      57.41428484673308,
      54.545291817281125,
      74.68084514261633,
      34.761033419711545
    ],
    [
      45.649283310906654,
      19.972072229220462,
      86.0640591351626,
      54.67135586647417,
      55.775320386171096,
      98.53612200500501,
      54.907707869193615,
      69.00439901390904
    ],
    [
      62.70471411182928,
      81.47709164840157,
      68.1229455568601,
      56.000056014651925,
      12.316385377368789,
      76.3629802193502,
      40.84024556924706,
      20.905268609626585
    ],
    [
      50.31167396495363,
      24.401289612611844,
      38.45326466493653,
      23.059192178120817,
      39.464141002592534,
      41.52866337096178,
      51.835922827512654,
      15.649237815752945
    ],
    [
      82.20830043711833,
      32.304972281317774,
      93.60069193868404,
      9.034169451762748,
      53.38562279578686,
      80.26671776375528,
      63.378449773778144,
      29.430049930841754
    ],
    [
      74.58774015127568,
      9.653676110003776,
      29.619562615816214,
      97.98343100430402,
      25.3912777941326,
      91.00299951329714,
      88.08603370380968,
      73.67749918195798
    ],
    [
      59.154773017120576,
      72.52011578254208,
      59.39116976088791,
      59.23632076961464,
      84.71294553414536,
      85.13512567338014,
      51.83271202337445,
      18.216442997093157
    ],
    [
      43.879001590698614,
      20.409369151126686,
      63.030724510116144,
      97.03459652719702,
      16.78062050775307,
      31.780875410653685,
      5.792692611786966,
      25.188441597592394
    ],
    [
      43.93689665608843,
      30.70865649286001,
      61.488875312732,
      50.947713140081134,
      28.25314277530003,
      74.48950714318515,
      22.142902985238038,
      8.237062884980086
    ],
    [
      64.74506412590121,
      22.322492772870856,
      78.7735447448097,
      69.25986817601857,
      68.41521369027858,
      54.75639800590308,
      6.617711401422987,
      56.13125607080229
    ],
    [
      7.582303534069485,
      25.60337370308765,
      10.142728192943878,
      5.051883511836906,
      87.12436355971549,
      38.803838955286565,
      40.13630808913553,
      6.879664051005856
    ]
  ],
  "n_vertices": 15,
  "n_edges": 32,
  "n_colors": 8,
  "metadata": {
    "instance_type": "erdos_renyi",
    "n_vertices": 15,
    "p": 0.3,
    "n_colors": 8,
    "cost_pattern": "uniform",
    "seed": 1042,
    "density": 0.3047619047619048,
    "is_feasible": true,
    "known_optimal_cost": 223.7107364413091,
    "chromatic_number": 4
  }
}