{
  "graph_edges": [
    [
      0,
      6
    ],
    [
      0,
      8
    ],
    [
      1,
      9
    ],
    [
      1,
      16
    ],
    [
      2,
      3
    ],
    [
      2,
      19
    ],
    [
      3,
      6
    ],
    [
      3,
      19
    ],
    [
      4,
      14
    ],
    [
      9,
      18
    ],
    [
      10,
      15
    ],
    [
      12,
      16
    ],
    [
      12,
      19
    ]
  ],
  "graph_nodes": [
    0,
    1,
    2,
    3,
    4,
    5,
    6,
    7,
    8,
    9,
    10,
    11,
    12,
    13,
    14,
    15,
    16,
    17,
    18,
    19
  ],
  "cost_matrix": [
    [
      83.6493727178993,
      11.374814332617104,
      74.71940768627226,
      36.68958278937229,
      36.571772942999125,
      61.31459968119702,
      39.98417555773688,
      41.49818837622897,
      51.480338549371034,
      71.30465133938027
    ],
    [
      96.09209629536106,
      46.205489784954786,
      43.33750058509929,
      12.232906410877069,
      22.571988065305888,
      95.78973483772381,
      94.3917213200351,
      88.30060383449327,
      64.99464567793595,
      22.168656400930246
    ],
    [
      64.04636936687709,
      14.775478946505446,
      46.41170296023089,
      87.5124553304755,
      26.586580280840288,
      66.82025867849063,
      86.40475926765897,
      15.735958241377675,
      56.73204585773835,
      16.756371117501622
    ],
    [
      18.116597731647612,
      11.298273138032881,
      21.090821707016545,
      46.0637403755659,
      79.66291670659348,
      99.09144541709738,
      80.69670285746477,
      38.36412516592582,
      52.0580051365621,
      6.830993215835664
    ],
    [
      71.39847293409984,
      8.178273526365977,
      88.3785466110581,
      72.87972403808931,
      83.50325503173383,
      71.31283769913212,
      70.04556190221498,
      93.08017753740909,
      88.28560213687102,
      10.402226346349348
    ],
    [
      46.19314530650284,
      49.779625693807766,
      11.788376889647385,
      16.21971162531322,
      98.44411929734461,
      27.884455217482916,
      89.81803677581277,
      17.25922990688439,
      14.103471179114514,
      32.417986864262616
    ],
    [
      31.43483332373662,
      42.78346348868567,
      33.76864268927586,
      57.23946191920344,
      10.433181494553697,
      79.99977100026764,
      27.596980677314885,
      91.23007637931384,
      90.27265398691992,
      2.569922234775119
    ],
    [
      85.51454235224371,
      67.88501119333544,
      4.730348940571808,
      31.585835449439706,
      56.86069970920505,
      59.81368531582645,
      68.40052737158844,
      63.61075067521518,
      93.93154646466468,
      73.97483968135711
    ],
    [
      74.74069549641149,
      11.779673933753642,
      49.86989198737222,
      86.8083525711453,
      2.807255660612228,
      19.10746835331605,
      12.155307930438545,
      85.47646826197004,
      5.796960731420285,
      50.44346062086684
    ],
    [
      50.80589703019461,
      76.70798637053086,
      35.400412772019166,
      93.21047425873458,
      30.62138566638039,
      55.561818893881025,
      6.697970700154595,
      59.93537343765203,
      64.6613709490307,
      74.37820922567607
    ],
    [
      10.792352390676013,
      35.13278372763503,
      69.2361488654723,
      19.034039193080943,
      1.2515830293159196,
      27.48786225715891,
      70.21363682175307,
      42.47450527157685,
      32.58842068304007,
      22.00726990433413
    ],
    [
      31.98949709818595,
      37.6735489708458,
      14.076185238173007,
      68.05264859829178,
      51.47086540592521,
      85.88518093877705,
      1.0360137418765227,
      78.1353548860968,
      79.4372226117473,
      7.349825108136402
    ],
    [
      43.57188293541028,
      35.305911432833234,
      84.3258489942742,
      48.92832996547609,
      26.619243113922114,
      12.575634941379242,
      61.99823204351156,
      35.8212666166984,
      51.83231827531768,
      36.89069701322958
    ],
    [
      98.08689089670403,
      41.16290186397855,
      80.53600286019707,
      68.00522993451565,
      27.547450225610927,
      50.59087723658801,
      41.086682935000034,
      73.09671607843333,
      36.957795466390266,
      87.90218388394136
    ],
    [
      46.609785240610336,
      93.6458694410979,
      85.16877535597838,
      32.17911494564572,
      49.0567040182721,
      41.055107610459814,
      98.66567288213706,
      47.289943835894114,
      34.464341185047154,
      45.39841809077212
    ],
    [
      18.163230159225197,
      57.736148351999205,
      72.08663041535239,
      89.36002481631392,
      79.10211470899289,
      48.97579206755484,
      31.9016575585167,
      69.84281356237663,
      58.37599425730697,
      39.563801882683194
    ],
    [
      46.50826487804907,
      61.92318281186408,
      13.761074258615034,
      59.35848426383059,
      55.654045635801694,
      49.22491013847081,
      55.39271192791194,
      97.92003697836996,
      17.939994604933496,
      53.22514767356863
    ],
    [
      70.92421101716556,
      54.31298543795469,
      41.15145735533528,
      76.15553053420976,
      71.54788387920263,
      21.066580829580914,
      98.28751493636047,
      78.88937642761043,
      1.5824235691635113,
      56.346390241202386
    ],
    [
      76.4847284222211,
      25.14057619157245,
      75.53768613678686,
      3.8259221266339267,
      8.818713139548775,
      77.08400602648447,
      98.19155667300372,
      51.42808661951518,
      29.907491189524215,
      30.921628312489297
    ],
    [
      21.65121324191627,
      6.238843744777689,
      97.00966881596382,
      8.2756965116912,
      51.58387873440059,
      41.33924725061483,
      57.888760047244155,
      64.25948341529232,
      15.132780339886507,
      49.163619507865604
    ]
  ],
  "n_vertices": 20,
  "n_edges": 13,
  "n_colors": 10,
  "metadata": {
    "instance_type": "erdos_renyi",
    "n_vertices": 20,
    "p": 0.05,
    "n_colors": 10,
    "cost_pattern": "uniform",
    "seed": 44,
    "density": 0.06842105263157895,
    "is_feasible": true,
    "known_optimal_cost": 207.61224358418906,
    "chromatic_number": 3
  }
}