{
  "graph_edges": [
    [
      0,
      1
    ],
    [
      0,
      8
    ],
    [
      0,
      10
    ],
    [
      0,
      12
    ],
    [
      0,
      13
    ],
    [
      1,
      4
    ],
    [
      1,
      6
    ],
    [
      1,
      7
    ],
    [
      1,
      8
    ],
    [
      1,
      11
    ],
    [
      2,
      3
    ],
    [
      2,
      4
    ],
    [
      2,
      5
    ],
    [
      2,
      9
    ],
    [
      2,
      10
    ],
    [
      2,
      11
    ],
    [
      3,
      4
    ],
    [
      3,
      5
    ],
    [
      3,
      8
    ],
    [
      3,
      13
    ],
    [
      3,
      14
    ],
    [
      4,
      7
    ],
    [
      4,
      8
    ],
    [
      4,
      9
    ],
    [
      4,
      11
    ],
    [
      4,
      12
    ],
    [
      4,
      14
    ],
    [
      5,
      6
    ],
    [
      5,
      7
    ],
    [
      5,
      9
    ],
    [
      5,
      10
    ],
    [
      5,
      12
    ],
    [
      5,
      13
    ],
    [
      6,
      9
    ],
    [
      6,
      12
    ],
    [
      6,
      14
    ],
    [
      7,
      8
    ],
    [
      7,
      11
    ],
    [
      7,
      12
    ],
    [
      7,
      13
    ],
    [
      8,
      9
    ],
    [
      8,
      10
    ],
    [
      8,
      11
    ],
    [
      8,
      12
    ],
    [
      8,
      13
    ],
    [
      9,
      10
    ],
    [
      9,
      11
    ],
    [
      9,
      13
    ],
    [
      10,
      12
    ],
    [
      10,
      13
    ],
    [
      11,
      13
    ],
    [
      12,
      14
    ],
    [
      13,
      14
    ]
  ],
  "graph_nodes": [
    0,
    1,
    2,
    3,
    4,
    5,
    6,
    7,
    8,
    9,
    10,
    11,
    12,
    13,
    14
  ],
  "cost_matrix": [
    [
      1.553637517290358,
      26.638763299619185,
      15.173059888659907,
      18.63438282635264,
      40.65699946147074,
      48.49502218512042,
      1.196478104284255,
      34.040679670465444
    ],
    [
      57.181507967028956,
      46.27567959381348,
      86.65497506506209,
      78.19615531304869,
      98.99120222107507,
      36.37323264763103,
      58.128682040653885,
      74.55074557294606
    ],
    [
      78.26445148345965,
      78.39387182995357,
      28.46700294405826,
      14.678221523388961,
      91.0368493567164,
      45.23328523960158,
      19.865201868051177,
      35.589999573158416
    ],
    [
      92.11842534034905,
      78.32276495629837,
      39.800754456922206,
      43.48354456550858,
      76.47494811850768,
      30.551476881602586,
      94.65257654413286,
      20.683869164352558
    ],
    [
      62.795598455193655,
      85.65617447085418,
      17.632883467142758,
      55.99668130303912,
      27.728146233691298,
      45.16114358563139,
      31.105813812425183,
      25.702809534730505
    ],
    [
      63.749550342417436,
      63.42962098933432,
      74.99754462450534,
      79.65688402672541,
      3.9252135694742423,
      48.30592910912701,
      41.0232969914475,
      54.638995050233156
    ],
    [
      70.32348641953416,
      20.12787579997416,
      24.518951045380586,
      56.268029387258814,
      35.83176970045933,
      89.05546690840625,
      31.584214058669478,
      67.88079566383671
    ],
    [
      21.145719005797794,
      90.43860364181846,
      69.09805369486722,
      48.52214702834962,
      58.77609776173568,
      40.345993971229845,
      38.88463662255783,
      32.0393483111384
    ],
    [
      28.953319089220994,
      20.293695918644012,
      86.31569950218598,
      56.97705442811175,
      73.38070815192847,
      28.762641573449955,
      63.97229256381806,
      69.89078686134127
    ],
    [
      60.136468599870575,
      45.39048012174854,
      11.8859151888187,
      93.21559767884037,
      47.73518804663094,
      34.27608183712325,
      96.74427296270056,
      1.9694185903582186
    ],
    [
      10.732353592451986,
      41.568829807306685,
      34.36254201634643,
      59.43235065720092,
      52.96704449461164,
      51.28396027316943,
      66.78167642347364,
      53.75719160395651
    ],
    [
      31.605517035091488,
      73.41674512353947,
      99.48403220446345,
      52.72995223362946,
      30.714000942649157,
      15.208630680431783,
      48.480898078748424,
      45.4557916011068
    ],
    [
      5.788389330419879,
      77.39768331497775,
      58.28988101487648,
      26.255115300318536,
      89.64332340844179,
      78.64804767556804,
      53.83906901485667,
      5.265250049114919
    ],
    [
      63.992023302517,
      63.405997918184205,
      45.57228537898692,
      39.90642466134875,
      98.36043138348852,
      72.37535335863043,
      55.50853080202974,
      17.586733817731833
    ],
    [
      28.43783504593541,
      47.76611538331459,
      54.907022938646996,
      97.64034998742687,
      16.255763835390155,
      34.91529128903486,
      83.08552414199134,
      62.16103998179327
    ]
  ],
  "n_vertices": 15,
  "n_edges": 53,
  "n_colors": 8,
  "metadata": {
    "instance_type": "erdos_renyi",
    "n_vertices": 15,
    "p": 0.6,
    "n_colors": 8,
    "cost_pattern": "uniform",
    "seed": 2043,
    "density": 0.5047619047619047,
    "is_feasible": true,
    "known_optimal_cost": 260.90040087200293,
    "chromatic_number": 6
  }
}