{
  "graph_edges": [
    [
      0,
      19
    ],
    [
      1,
      4
    ],
    [
      1,
      5
    ],
    [
      1,
      7
    ],
    [
      1,
      8
    ],
    [
      1,
      11
    ],
    [
      1,
      14
    ],
    [
      1,
      15
    ],
    [
      1,
      16
    ],
    [
      2,
      3
    ],
    [
      2,
      4
    ],
    [
      2,
      7
    ],
    [
      2,
      15
    ],
    [
      2,
      18
    ],
    [
      3,
      8
    ],
    [
      3,
      10
    ],
    [
      3,
      11
    ],
    [
      3,
      13
    ],
    [
      3,
      14
    ],
    [
      3,
      18
    ],
    [
      4,
      15
    ],
    [
      4,
      18
    ],
    [
      4,
      19
    ],
    [
      5,
      7
    ],
    [
      5,
      18
    ],
    [
      6,
      12
    ],
    [
      6,
      15
    ],
    [
      6,
      16
    ],
    [
      6,
      17
    ],
    [
      7,
      9
    ],
    [
      7,
      10
    ],
    [
      7,
      13
    ],
    [
      7,
      18
    ],
    [
      8,
      11
    ],
    [
      8,
      13
    ],
    [
      8,
      17
    ],
    [
      8,
      19
    ],
    [
      9,
      11
    ],
    [
      9,
      12
    ],
    [
      9,
      16
    ],
    [
      10,
      15
    ],
    [
      10,
      19
    ],
    [
      11,
      16
    ],
    [
      11,
      17
    ],
    [
      12,
      13
    ],
    [
      12,
      18
    ],
    [
      12,
      19
    ],
    [
      13,
      15
    ],
    [
      14,
      17
    ],
    [
      14,
      18
    ],
    [
      16,
      17
    ],
    [
      16,
      18
    ],
    [
      18,
      19
    ]
  ],
  "graph_nodes": [
    0,
    1,
    2,
    3,
    4,
    5,
    6,
    7,
    8,
    9,
    10,
    11,
    12,
    13,
    14,
    15,
    16,
    17,
    18,
    19
  ],
  "cost_matrix": [
    [
      75.70107456953734,
      53.97415219326095,
      47.74496679462724,
      76.22121110275326,
      91.0594995727172,
      32.61649295007502,
      1.426600803409579,
      64.34541304141837,
      41.97990724532498,
      33.65747833005624
    ],
    [
      2.7120975888738723,
      85.61580669595766,
      30.225098058230554,
      16.12741469442824,
      64.80804900622812,
      42.24456703813368,
      93.99899453952072,
      71.68411155874963,
      34.32575098363922,
      8.976615091773436
    ],
    [
      34.232166974863546,
      42.17002617474461,
      52.875586708257885,
      38.232767791821644,
      88.45189364861301,
      80.08332463685011,
      75.21060317736122,
      49.292153948459095,
      49.904038784174105,
      6.47976723429752
    ],
    [
      61.650489897798806,
      66.47986596512254,
      13.146823572561074,
      55.354254345922016,
      36.87153455435203,
      18.27439802313696,
      81.94506574859822,
      22.45592115629921,
      2.5094844715082774,
      47.13296737648217
    ],
    [
      16.25558799847452,
      2.210441317485073,
      74.78991085694078,
      55.979136286910176,
      47.80365845902179,
      25.65797208343298,
      87.2358916214768,
      30.10663070578864,
      60.51802544962323,
      56.59743566242546
    ],
    [
      56.28259651555111,
      1.281176535338402,
      18.681531137781455,
      28.97845425509486,
      95.37845812941596,
      57.1319973132613,
      45.205325740492434,
      4.0424327942074125,
      1.305732109144,
      9.217674733592455
    ],
    [
      38.64348938824944,
      65.65644182045851,
      44.242082882819524,
      47.44098231914036,
      66.51948344979148,
      90.14108814346153,
      87.491018360608,
      6.486042093921334,
      90.49738557041792,
      16.028020430667944
    ],
    [
      84.21805851810795,
      47.01406280336083,
      74.70677294584797,
      89.02854148022134,
      60.586990967647125,
      6.065957844472107,
      50.218118979589434,
      97.20439865489494,
      90.16221519865582,
      73.58245861771954
    ],
    [
      31.0710755344413,
      17.648294250608288,
      21.995202031026125,
      2.4277884897584863,
      54.832808402916335,
      90.9745652961446,
      6.890606414766363,
      99.92995598577826,
      11.513448734741289,
      82.91065351881785
    ],
    [
      71.40601176155138,
      20.110987163438132,
      20.178160244216645,
      68.36660036821809,
      57.387349815445084,
      57.92647841889275,
      4.039207910329766,
      68.88790579308407,
      82.62293842577722,
      19.10866184530651
    ],
    [
      50.90316033189403,
      96.24609470717748,
      62.842736749856876,
      31.67684944670246,
      4.185736782225176,
      41.097009907384674,
      86.37615747191977,
      85.06684992968277,
      52.76856356124485,
      21.599662265780655
    ],
    [
      18.69075468478435,
      8.686986600275677,
      5.343604203800172,
      95.53169680208588,
      59.26832830123046,
      80.28934532638831,
      63.498999017616875,
      62.23012578639742,
      22.72636031046135,
      65.37440084676632
    ],
    [
      98.77685018904086,
      36.53367327745372,
      40.845887668731464,
      65.12384705009946,
      56.02405412236614,
      10.71208671449918,
      63.31497503052086,
      72.07176350993012,
      1.8131733930039062,
      25.88452180182626
    ],
    [
      86.44484926972707,
      86.37830549747494,
      31.97521968796571,
      46.69997810454222,
      61.665925294521124,
      23.9727273301528,
      66.63688327710165,
      58.75017348970095,
      37.89289343545205,
      11.201265370554745
    ],
    [
      70.09724405184038,
      43.71559428192071,
      48.60335997729716,
      23.723171332774722,
      48.164007899826586,
      71.05478013740253,
      79.87267777699812,
      57.145109054679644,
      60.640242042266216,
      19.42608122932229
    ],
    [
      5.491409796596256,
      30.869735918858623,
      85.99614688514886,
      74.01668188135001,
      50.03879510530718,
      42.38081910299803,
      9.352630483499341,
      42.88665474802174,
      69.05850587617418,
      84.82233155636867
    ],
    [
      89.50904721262116,
      48.23922154346697,
      77.00923415615664,
      56.10264405481184,
      59.26371070533603,
      66.84593171285185,
      47.772041858055886,
      67.23908934262981,
      59.219588437073455,
      79.38306123759206
    ],
    [
      37.969130283733925,
      56.6190222027891,
      67.64943269940352,
      70.28973315756603,
      84.22825388442438,
      37.32878956743704,
      73.70526405581512,
      43.326309631289824,
      97.94609232495881,
      2.8821392164535875
    ],
    [
      90.35060387155517,
      76.25871372455819,
      18.91242613509012,
      67.60735667007454,
      81.64532596329188,
      24.200884115036516,
      75.57634549737945,
      69.57176788296289,
      21.101851935132117,
      8.288521517125847
    ],
    [
      76.86864565796719,
      61.84762287430418,
      65.40907954700866,
      13.338643184654016,
      95.31490451838033,
      90.26566691715475,
      8.9213924723176,
      23.856887640937487,
      22.842438454268322,
      88.53274937462743
    ]
  ],
  "n_vertices": 20,
  "n_edges": 53,
  "n_colors": 10,
  "metadata": {
    "instance_type": "erdos_renyi",
    "n_vertices": 20,
    "p": 0.3,
    "n_colors": 10,
    "cost_pattern": "uniform",
    "seed": 1045,
    "density": 0.2789473684210526,
    "is_feasible": true,
    "known_optimal_cost": 179.09339385992507,
    "chromatic_number": 4
  }
}