{
  "graph_edges": [
    [
      0,
      2
    ],
    [
      0,
      10
    ],
    [
      0,
      13
    ],
    [
      1,
      7
    ],
    [
      3,
      6
    ],
    [
      5,
      13
    ],
    [
      8,
      14
    ],
    [
      11,
      13
    ]
  ],
  "graph_nodes": [
    0,
    1,
    2,
    3,
    4,
    5,
    6,
    7,
    8,
    9,
    10,
    11,
    12,
    13,
    14
  ],
  "cost_matrix": [
    [
      38.07947176588889,
      95.1207163345817,
      73.46740023932911,
      60.26718993550662,
      16.445845403801215,
      16.443457513284063,
      6.750277604651747,
      86.75143843171858
    ],
    [
      60.510386162577674,
      71.09918520180851,
      3.0378649352844422,
      97.02107536403744,
      83.41182143924175,
      22.02157195714934,
      19.00067175350296,
      19.15704647548995
    ],
    [
      31.119982052994235,
      52.950886731591545,
      43.76255684556946,
      29.83168487960615,
      61.573436577515565,
      14.809892204552142,
      29.922320204986598,
      37.269822486075476
    ],
    [
      46.150928437486556,
      78.73242017790835,
      20.767704433677615,
      51.909209402947546,
      59.64904231734221,
      5.598590859279775,
      61.146940338242395,
      17.88188824504186
    ],
    [
      7.4401077055426725,
      94.93966818807999,
      96.59757127438138,
      81.03133746352965,
      31.156763148163698,
      10.669539286632004,
      68.73906962470353,
      44.57509688022053
    ],
    [
      13.081785249633104,
      50.02251410101575,
      4.404463590406621,
      91.02271980579943,
      26.619218178401674,
      66.58970615104421,
      31.859396532851683,
      52.48673409660327
    ],
    [
      55.12431765498469,
      19.300591097027176,
      96.9888781486913,
      77.73814951275034,
      94.01039521485473,
      89.58790769233724,
      60.19209790229743,
      92.26554926728856
    ],
    [
      9.76075770314003,
      20.402303379495375,
      5.477501602143269,
      33.20770274556317,
      39.47905167925872,
      27.863554145615694,
      83.04501340604101,
      36.31857934266534
    ],
    [
      28.812516459050695,
      54.7269122326666,
      14.951498272501501,
      80.41750109464992,
      8.380513724297312,
      98.70180672345121,
      77.45223216036908,
      20.67285247188307
    ],
    [
      1.5466895952366375,
      81.73068141702858,
      70.9788770409141,
      73.17170963605774,
      77.35576432190862,
      8.330420521674945,
      36.48810712588299,
      12.471036892987842
    ],
    [
      86.44723916168375,
      62.70651455592824,
      33.75890446041227,
      7.29227667831634,
      31.787249849850557,
      33.19314888064796,
      73.23101165546834,
      64.1181896641661
    ],
    [
      88.83406151505633,
      47.74927759103298,
      12.83983034789187,
      71.6112339350765,
      76.31771981307284,
      56.56644255938013,
      77.32575081550154,
      49.88576404007468
    ],
    [
      52.750550108817414,
      43.326560817496414,
      3.5164935476654238,
      11.681251272337141,
      4.111489382986691,
      64.00463071511426,
      32.12124212655634,
      51.34849842530557
    ],
    [
      90.84908091868321,
      25.67993068573862,
      41.62790938052734,
      75.79956271576182,
      23.651018383670625,
      8.621011073050507,
      29.685393838463035,
      16.960907438146435
    ],
    [
      93.04006758191473,
      81.00391757687729,
      63.706971894531925,
      87.27459842858406,
      80.56353561301233,
      19.470435829717548,
      89.3633408505078,
      54.394881949649424
    ]
  ],
  "n_vertices": 15,
  "n_edges": 8,
  "n_colors": 8,
  "metadata": {
    "instance_type": "erdos_renyi",
    "n_vertices": 15,
    "p": 0.05,
    "n_colors": 8,
    "cost_pattern": "uniform",
    "seed": 42,
    "density": 0.0761904761904762,
    "is_feasible": true,
    "known_optimal_cost": 132.76979649606025,
    "chromatic_number": 2
  }
}