{
  "graph_edges": [
    [
      0,
      10
    ],
    [
      0,
      12
    ],
    [
      0,
      13
    ],
    [
      1,
      3
    ],
    [
      1,
      5
    ],
    [
      1,
      10
    ],
    [
      2,
      6
    ],
    [
      2,
      9
    ],
    [
      2,
      12
    ],
    [
      3,
      7
    ],
    [
      3,
      11
    ],
    [
      4,
      7
    ],
    [
      4,
      8
    ],
    [
      4,
      9
    ],
    [
      4,
      13
    ],
    [
      5,
      6
    ],
    [
      5,
      7
    ],
    [
      5,
      12
    ],
    [
      6,
      13
    ],
    [
      7,
      8
    ],
    [
      7,
      10
    ],
    [
      8,
      12
    ],
    [
      9,
      12
    ],
    [
      9,
      13
    ],
    [
      10,
      12
    ]
  ],
  "graph_nodes": [
    0,
    1,
    2,
    3,
    4,
    5,
    6,
    7,
    8,
    9,
    10,
    11,
    12,
    13,
    14
  ],
  "cost_matrix": [
    [
      55.577252345251075,
      95.7981987757262,
      4.505507557616422,
      93.8506432571412,
      6.753771597644391,
      86.35435586098575,
      21.517289672685862,
      42.967472008250084
    ],
    [
      12.12243088750915,
      89.51534434119746,
      25.31047221877438,
      50.95914898110187,
      96.48235519523212,
      30.348418896077817,
      51.63537554628954,
      35.683264487761626
    ],
    [
      20.00343979226978,
      3.421166579516219,
      11.930524019827327,
      69.87827218158233,
      49.321026388515904,
      68.95902934527341,
      44.5706701501939,
      3.8975064801754145
    ],
    [
      3.3017565335747734,
      16.446409545395873,
      24.643155711371858,
      38.015441377102114,
      37.31388977896852,
      15.950792231453784,
      27.926680282748993,
      80.22619103187526
    ],
    [
      20.614067925742628,
      76.3181305007514,
      66.03309232690115,
      43.13928019859503,
      74.87644628205128,
      93.55553818058357,
      56.67336127423489,
      9.389280818475767
    ],
    [
      42.180700939550455,
      23.568100745399963,
      86.33534564088308,
      60.677197520881,
      42.75883686914127,
      13.914902116484376,
      86.16114760448319,
      99.8867508373964
    ],
    [
      33.51495672959881,
      84.96063052220863,
      88.07703314335347,
      98.60419060371177,
      29.445213663953787,
      76.31568675003605,
      17.020348789601275,
      29.30506558531123
    ],
    [
      53.42388844935386,
      62.13562995387903,
      61.94856674709482,
      5.799326995840431,
      82.15751142636883,
      40.452443415729626,
      85.60962946314237,
      60.48961051821808
    ],
    [
      88.63057240983399,
      43.36752446264022,
      88.72965994659197,
      95.9098243389042,
      85.77604966818426,
      53.595426925944935,
      90.21422026197683,
      82.9824782489791
    ],
    [
      12.298193950544242,
      76.73193813794141,
      61.56558597035005,
      92.12187291672286,
      30.084838186559665,
      70.67142809412543,
      97.11608590291952,
      41.42440211590709
    ],
    [
      5.657625843745825,
      68.9641869360064,
      32.46481901432303,
      55.4517947830085,
      52.69552652460762,
      50.17033208677173,
      98.10752517967003,
      64.92369094486415
    ],
    [
      30.452764851340028,
      25.141670194944208,
      46.458528437647175,
      8.974071885254695,
      12.077329591756735,
      73.13349019608697,
      83.45085724969337,
      6.418558604286371
    ],
    [
      11.584276525160387,
      49.50203907257864,
      84.40806756727497,
      91.96045442036896,
      32.46870955629322,
      37.067968438325906,
      84.42004368799734,
      22.897046456207512
    ],
    [
      57.5675512693701,
      56.05113852411387,
      87.02970012984701,
      74.63227193727712,
      75.93135108185518,
      63.43737757169984,
      24.32953794109536,
      48.3657941946951
    ],
    [
      82.20960841654454,
      51.2532317305482,
      77.13904514526658,
      52.598975275532055,
      46.976056206025916,
      67.00735066066038,
      46.6306636979733,
      9.302238299819999
    ]
  ],
  "n_vertices": 15,
  "n_edges": 25,
  "n_colors": 8,
  "metadata": {
    "instance_type": "erdos_renyi",
    "n_vertices": 15,
    "p": 0.3,
    "n_colors": 8,
    "cost_pattern": "uniform",
    "seed": 1043,
    "density": 0.23809523809523808,
    "is_feasible": true,
    "known_optimal_cost": 219.21820396393312,
    "chromatic_number": 3
  }
}