{
  "graph_edges": [
    [
      0,
      9
    ],
    [
      2,
      15
    ],
    [
      2,
      21
    ],
    [
      2,
      23
    ],
    [
      3,
      19
    ],
    [
      5,
      16
    ],
    [
      5,
      19
    ],
    [
      6,
      10
    ],
    [
      8,
      12
    ],
    [
      9,
      18
    ],
    [
      9,
      23
    ],
    [
      10,
      15
    ],
    [
      12,
      17
    ],
    [
      13,
      17
    ],
    [
      14,
      23
    ],
    [
      15,
      22
    ],
    [
      15,
      23
    ],
    [
      16,
      18
    ]
  ],
  "graph_nodes": [
    0,
    1,
    2,
    3,
    4,
    5,
    6,
    7,
    8,
    9,
    10,
    11,
    12,
    13,
    14,
    15,
    16,
    17,
    18,
    19,
    20,
    21,
    22,
    23,
    24
  ],
  "cost_matrix": [
    [
      78.59940272976931,
      63.848536899220285,
      25.65526606005914,
      76.04951060033196,
      31.994616627536303,
      93.78649839135136,
      5.243679386874128,
      44.64585313955064,
      91.35950670358457,
      46.045387973751104,
      51.28549972967537,
      9.405887524675315,
      43.20862931548823,
      74.82597900969334,
      86.84105816546823
    ],
    [
      33.04291686316639,
      11.303365334015538,
      80.40869663849126,
      40.08836296883166,
      63.149040735184784,
      4.562865816370371,
      30.690877152132007,
      5.71766874079929,
      37.84889670280639,
      26.979104446391514,
      99.06209443485592,
      40.119389462202975,
      31.446386997307563,
      22.88901249842274,
      49.90847747365235
    ],
    [
      6.729643772671183,
      29.68030403205765,
      24.26008867190248,
      96.37961108040925,
      61.95171343467248,
      86.39581296090213,
      9.918440363804262,
      15.749901256410602,
      67.584921404843,
      97.92020055643096,
      3.2991270067111795,
      90.86385342640109,
      6.747080305409028,
      75.81087799391092,
      7.395684930892742
    ],
    [
      26.317608957026888,
      17.79116868217369,
      20.317602377742237,
      11.549128257940161,
      52.558170438497186,
      1.6183813571990255,
      79.2699045477184,
      14.73238147729897,
      11.607374319701309,
      43.53051519664987,
      22.678314860159276,
      83.74932117724133,
      1.5815972849736974,
      15.68396661919557,
      70.1360404114454
    ],
    [
      15.613380569941095,
      87.2076690844593,
      51.884635470616736,
      43.05522536666325,
      2.8778694491009835,
      49.93826668857091,
      94.71578875690925,
      35.234539340125295,
      41.32556040185174,
      83.06371664968096,
      71.6875242701519,
      49.17060535891584,
      24.04169572094493,
      67.52765241150951,
      58.2868135628006
    ],
    [
      45.39018367233168,
      58.07478250411134,
      31.798623960670906,
      65.55506478933326,
      10.00410954357306,
      37.357906098390686,
      57.6449474766776,
      81.26062196147483,
      47.19175467241929,
      62.804866622101294,
      56.20909508197696,
      33.89329519633607,
      14.584289431664217,
      90.51006077476869,
      23.648192644165057
    ],
    [
      22.02716835513303,
      18.600594152533763,
      65.87082537862784,
      6.0528955287727175,
      10.056474266494785,
      70.48370712080548,
      72.77846219333613,
      52.05292014508379,
      66.24779004578794,
      31.740036007147808,
      8.799160973940849,
      71.76877715625425,
      72.62641775713857,
      3.295880096259797,
      13.171067075863558
    ],
    [
      45.43492067554058,
      32.570353785567875,
      49.15620010217681,
      1.753515603466681,
      42.493095785734866,
      43.577731688100656,
      78.97107076323503,
      24.745336486068986,
      21.487828884480955,
      9.268114627349592,
      2.300023024897798,
      66.7987198935183,
      34.29588086574127,
      94.32773217509313,
      59.91431102565749
    ],
    [
      35.83130165136394,
      78.58843679313077,
      84.93271480573358,
      13.483086986847443,
      84.90761869135837,
      18.357267520382734,
      97.89521450507863,
      15.23563878217754,
      12.109638752187061,
      57.779287971814156,
      99.80348053704091,
      1.1244983515829854,
      8.813221766441382,
      1.2671122636390186,
      8.03168466586256
    ],
    [
      34.54077495885706,
      32.382405307995896,
      53.19996639012247,
      30.863049939932214,
      71.27640252219794,
      24.82112754671008,
      15.97741516642219,
      99.86131906484393,
      87.79938501343692,
      8.61200059521671,
      29.164624252896655,
      12.508567056747445,
      82.29693701455287,
      11.298809690301626,
      13.790274927242965
    ],
    [
      7.421441473281276,
      70.7815308332306,
      48.65598720357828,
      67.13986921459869,
      32.372095665976865,
      53.09657152742471,
      8.908537396799819,
      47.97821468845413,
      99.94307657099367,
      89.09649778853702,
      52.254735202078116,
      68.85455321587861,
      73.6703475811541,
      65.4962357707164,
      45.82625129977671
    ],
    [
      55.37306042545034,
      84.02963417018599,
      80.78432682136084,
      37.474417683832,
      82.6366133145037,
      59.012754935924434,
      3.2543603722078442,
      7.66312923368708,
      25.591524607199208,
      92.91208519024786,
      92.24850602797153,
      79.15334398732628,
      76.10169711798136,
      45.14915813884735,
      31.015703366164253
    ],
    [
      4.308128682032685,
      61.63099050014853,
      62.17333069027251,
      77.54319178882494,
      21.72999353055561,
      16.654357155351605,
      72.83627179821575,
      62.77515062182177,
      9.318258368719668,
      52.65366808539451,
      87.78959142846479,
      1.7186754562975346,
      35.07389073371285,
      56.55479536474686,
      76.5434538798572
    ],
    [
      31.936740685756465,
      77.01967906087482,
      26.482872647946753,
      11.909039311041065,
      82.34630653980844,
      61.0415585284523,
      58.36239169233868,
      4.285986942039763,
      91.65262268805661,
      76.08288797711931,
      61.29515739129649,
      31.06272572446919,
      66.72079726606688,
      43.19189190300147,
      83.84970812441274
    ],
    [
      27.509340022313093,
      42.63834330357233,
      55.58117367025987,
      13.53149950205548,
      59.536100546166715,
      60.60801128564934,
      15.552316499027258,
      78.51650378870431,
      3.865828058508172,
      82.65319806139442,
      48.137175628603515,
      71.99598457025925,
      66.98162339090615,
      40.194168513909084,
      72.99292987560817
    ],
    [
      16.426999729110165,
      47.61574379054459,
      7.146725597314291,
      21.853948035950044,
      69.9134184236827,
      10.292143723450458,
      88.95653376664056,
      94.35298559359026,
      73.73727110680814,
      84.60189869642542,
      53.71449154163877,
      53.56170350309889,
      58.06758545759736,
      79.60805061448833,
      6.657257144211321
    ],
    [
      45.37055483979519,
      77.08330220534425,
      85.71658099008735,
      94.83641481919588,
      70.02336686626225,
      46.63669901044394,
      60.0165227131846,
      73.23857168601961,
      44.20402533608368,
      17.231385431629366,
      8.442194315988388,
      72.0840887654647,
      39.28624172463401,
      93.55771242134574,
      2.11377536566071
    ],
    [
      58.14616144375133,
      89.69864530550636,
      22.9419450008241,
      33.80200121253682,
      50.260967699543066,
      35.302893279586286,
      59.05516179826012,
      44.43115470607278,
      6.1424058975898665,
      45.99859349470137,
      11.581942543729399,
      72.8757213640243,
      69.39482055119076,
      6.4545824873893585,
      84.61797746276306
    ],
    [
      53.52929769519488,
      23.825269908835164,
      34.096763012043255,
      54.64829480581524,
      75.25131572393849,
      9.56077090106986,
