{
  "graph_edges": [
    [
      0,
      1
    ],
    [
      0,
      9
    ],
    [
      2,
      3
    ],
    [
      5,
      7
    ],
    [
      6,
      11
    ],
    [
      6,
      12
    ]
  ],
  "graph_nodes": [
    0,
    1,
    2,
    3,
    4,
    5,
    6,
    7,
    8,
    9,
    10,
    11,
    12,
    13,
    14
  ],
  "cost_matrix": [
    [
      12.390402072588117,
      61.29758738866866,
      14.20570545441284,
      24.818372376569528,
      33.38676652530284,
      86.05461160391117,
      66.94293109670456,
      54.575059016056976
    ],
    [
      3.87236861801168,
      73.64108133174801,
      40.10005182466958,
      80.40266474423798,
      26.18769146012805,
      6.631608728464028,
      86.79821544902083,
      22.881870592552758
    ],
    [
      41.093955356678705,
      32.29355063080266,
      8.589607299648279,
      84.47924472874075,
      85.04497562674129,
      97.1750440521034,
      39.15231452511867,
      95.49432438575785
    ],
    [
      45.13007772313217,
      67.30274052045897,
      9.167504920018386,
      89.8127594181719,
      30.502346568187505,
      26.968177437041764,
      1.5078253573812381,
      54.777049012760195
    ],
    [
      48.084040333718065,
      64.00099407958075,
      97.8422092741186,
      90.95761302527768,
      91.10515450223551,
      53.0003114396074,
      11.297876035621528,
      18.910544930532197
    ],
    [
      95.35098187768742,
      41.78334535524951,
      86.63669494011098,
      67.54555066814143,
      63.24979379233396,
      28.28031888824626,
      89.7779797043454,
      21.482245762993156
    ],
    [
      41.03611906446535,
      99.36367674701624,
      73.83698106920495,
      45.061079836478584,
      56.50565377492976,
      41.71429341957689,
      72.97181120483086,
      40.5204917045034
    ],
    [
      67.3443713055358,
      70.7668451801736,
      61.34642725464553,
      54.46341195398394,
      21.402103240416878,
      20.71698618564749,
      79.77814761678837,
      29.742944999304903
    ],
    [
      65.94031995456153,
      30.662060804895457,
      15.303359463860044,
      40.99171003106648,
      31.716683157614384,
      25.096403611815262,
      59.22230022317924,
      25.28898204337262
    ],
    [
      75.02929056749345,
      72.29451813756806,
      69.8308258285542,
      11.171535078747956,
      94.42060039024481,
      50.8306236563854,
      90.06768831737386,
      20.65940855919508
    ],
    [
      59.85046949502464,
      96.57544958604906,
      99.871126343772,
      3.392693873073917,
      48.649030012076345,
      29.85084627768719,
      7.308336263414139,
      57.39281549536283
    ],
    [
      1.5032451852221902,
      61.51648137733214,
      87.14796622642436,
      88.47654503241503,
      95.47762883640779,
      74.24651816054394,
      19.286582797359788,
      44.03315378759372
    ],
    [
      88.70405005923946,
      26.249581753144852,
      44.88795677816942,
      62.07676060626862,
      11.23189857693729,
      49.52085644583719,
      5.425735841138945,
      31.851119461605926
    ],
    [
      75.45192895023648,
      71.83440956627841,
      94.21387013207338,
      77.91264130416818,
      22.307622983731434,
      90.59214688269181,
      55.67415055412896,
      84.64489087010877
    ],
    [
      92.32645889353101,
      83.06716661497504,
      40.02560179801291,
      60.22062552163054,
      43.83710987679642,
      69.72056643894814,
      48.983962470759025,
      13.697773816031251
    ]
  ],
  "n_vertices": 15,
  "n_edges": 6,
  "n_colors": 8,
  "metadata": {
    "instance_type": "erdos_renyi",
    "n_vertices": 15,
    "p": 0.05,
    "n_colors": 8,
    "cost_pattern": "uniform",
    "seed": 43,
    "density": 0.05714285714285714,
    "is_feasible": true,
    "known_optimal_cost": 194.99507266002536,
    "chromatic_number": 2
  }
}