{
  "graph_edges": [
    [
      0,
      3
    ],
    [
      0,
      4
    ],
    [
      0,
      5
    ],
    [
      0,
      7
    ],
    [
      0,
      10
    ],
    [
      0,
      11
    ],
    [
      0,
      12
    ],
    [
      0,
      13
    ],
    [
      1,
      2
    ],
    [
      1,
      3
    ],
    [
      1,
      4
    ],
    [
      1,
      5
    ],
    [
      1,
      6
    ],
    [
      1,
      8
    ],
    [
      1,
      12
    ],
    [
      1,
      13
    ],
    [
      2,
      3
    ],
    [
      2,
      4
    ],
    [
      2,
      5
    ],
    [
      2,
      6
    ],
    [
      2,
      7
    ],
    [
      2,
      8
    ],
    [
      2,
      9
    ],
    [
      2,
      10
    ],
    [
      2,
      11
    ],
    [
      2,
      12
    ],
    [
      2,
      13
    ],
    [
      2,
      14
    ],
    [
      3,
      4
    ],
    [
      3,
      7
    ],
    [
      3,
      8
    ],
    [
      3,
      9
    ],
    [
      3,
      11
    ],
    [
      3,
      13
    ],
    [
      3,
      14
    ],
    [
      4,
      5
    ],
    [
      4,
      6
    ],
    [
      4,
      7
    ],
    [
      4,
      10
    ],
    [
      5,
      6
    ],
    [
      5,
      9
    ],
    [
      5,
      14
    ],
    [
      6,
      8
    ],
    [
      6,
      14
    ],
    [
      7,
      9
    ],
    [
      7,
      12
    ],
    [
      7,
      14
    ],
    [
      8,
      11
    ],
    [
      8,
      12
    ],
    [
      8,
      13
    ],
    [
      9,
      10
    ],
    [
      9,
      11
    ],
    [
      9,
      12
    ],
    [
      9,
      13
    ],
    [
      10,
      11
    ],
    [
      10,
      14
    ],
    [
      11,
      13
    ],
    [
      11,
      14
    ],
    [
      12,
      13
    ],
    [
      12,
      14
    ],
    [
      13,
      14
    ]
  ],
  "graph_nodes": [
    0,
    1,
    2,
    3,
    4,
    5,
    6,
    7,
    8,
    9,
    10,
    11,
    12,
    13,
    14
  ],
  "cost_matrix": [
    [
      78.18427541147095,
      62.48966842669281,
      53.98023305218518,
      62.087835522762106,
      91.49300995893338,
      34.074639225299684,
      92.31842030235501,
      39.46357816627246
    ],
    [
      60.52510021523072,
      55.22447947243382,
      99.95909706961471,
      45.49294302526736,
      43.08575675941056,
      49.97104722531845,
      51.61267493598429,
      36.374461266851604
    ],
    [
      61.09811956643126,
      90.14007667825594,
      63.313629068466945,
      38.66705186561886,
      93.8029274225614,
      6.307428283615213,
      17.97422102221687,
      87.93052509955609
    ],
    [
      73.59820869921803,
      49.81561511961716,
      77.11799847798402,
      12.188175265492195,
      7.333348407608923,
      88.61484366496835,
      10.160325690141814,
      1.8711819549538977
    ],
    [
      35.77995617338668,
      74.6571298981344,
      64.04976745556348,
      28.291466064056042,
      99.08543373206018,
      40.37482780414205,
      57.92616173948344,
      46.1344354043861
    ],
    [
      49.63706209498973,
      4.863525232853434,
      94.22879487363029,
      23.40066548964539,
      22.269181980997708,
      90.2704846287897,
      84.00533976467251,
      43.001481381610446
    ],
    [
      78.38101454568573,
      6.332639364825261,
      3.3701464020326934,
      19.98825672439428,
      87.84408474900025,
      64.0455027822816,
      92.9738967420108,
      79.66920319158842
    ],
    [
      12.479304491400397,
      40.83561242385593,
      23.92531656313077,
      70.58416743007962,
      87.32959999783984,
      46.96594322145723,
      30.881718857053816,
      84.92133946284928
    ],
    [
      5.594861655311066,
      34.03861300482627,
      53.02198982734124,
      29.823126452513026,
      77.05250010861705,
      86.23962706041193,
      79.42827174075246,
      53.21747861452102
    ],
    [
      27.61556830983805,
      61.852820408379806,
      30.5791264389897,
      31.79199922038655,
      87.23271173003073,
      22.295211920645407,
      56.29368881069731,
      45.437046781806565
    ],
    [
      18.13435156511394,
      71.10613981162986,
      61.51789353096707,
      93.7868388140553,
      35.64207946797415,
      78.273597873725,
      48.75253057193656,
      98.84499024973809
    ],
    [
      19.933092507168965,
      87.98905212805857,
      81.27115625220769,
      96.21387788135496,
      71.13247160605565,
      25.452209220360697,
      88.04498743018627,
      60.23386580116968
    ],
    [
      7.741451127535273,
      44.62829555611228,
      22.02891121816864,
      94.65755677470648,
      89.22690124261113,
      6.678584551363388,
      71.67111319379961,
      9.081267633815635
    ],
    [
      88.59411011973766,
      92.64068058000353,
      30.343953322503122,
      1.560802340760924,
      38.199394337162616,
      20.721387117103742,
      93.43359343592736,
      21.963036012519215
    ],
    [
      23.995196215255817,
      64.23216312848002,
      84.42153025667824,
      75.67083261680048,
      20.923881197932065,
      78.03130534246804,
      82.06305795512421,
      51.0729635001661
    ]
  ],
  "n_vertices": 15,
  "n_edges": 61,
  "n_colors": 8,
  "metadata": {
    "instance_type": "erdos_renyi",
    "n_vertices": 15,
    "p": 0.6,
    "n_colors": 8,
    "cost_pattern": "uniform",
    "seed": 2042,
    "density": 0.580952380952381,
    "is_feasible": true,
    "known_optimal_cost": 274.83965194894085,
    "chromatic_number": 6
  }
}