{
  "graph_edges": [
    [
      0,
      7
    ],
    [
      0,
      9
    ],
    [
      0,
      22
    ],
    [
      1,
      8
    ],
    [
      2,
      7
    ],
    [
      3,
      10
    ],
    [
      3,
      19
    ],
    [
      4,
      13
    ],
    [
      4,
      16
    ],
    [
      4,
      17
    ],
    [
      5,
      6
    ],
    [
      7,
      17
    ],
    [
      8,
      12
    ],
    [
      11,
      13
    ],
    [
      12,
      15
    ],
    [
      13,
      16
    ],
    [
      13,
      24
    ],
    [
      17,
      23
    ],
    [
      20,
      24
    ]
  ],
  "graph_nodes": [
    0,
    1,
    2,
    3,
    4,
    5,
    6,
    7,
    8,
    9,
    10,
    11,
    12,
    13,
    14,
    15,
    16,
    17,
    18,
    19,
    20,
    21,
    22,
    23,
    24
  ],
  "cost_matrix": [
    [
      12.235358717471303,
      97.4738263492092,
      73.14472871660952,
      35.79531278337744,
      71.05290868764902,
      80.16085556434534,
      64.91062359632096,
      42.045361111628466,
      70.8970701160279,
      25.41828879568955,
      26.34325069849827,
      3.377124060390732,
      10.773869530032242,
      30.74320710076755,
      64.44471210323215
    ],
    [
      32.89858685887842,
      19.36391966951315,
      91.80216135471395,
      27.82115953410223,
      28.081241268149405,
      95.48685555745573,
      13.584342534847291,
      74.97922013805774,
      1.5185576141913593,
      85.82227017857215,
      69.89966393084809,
      55.74954471922032,
      93.58834394752186,
      51.74972944461117,
      18.583594493983245
    ],
    [
      54.14971345398078,
      30.052521980009775,
      2.0496032371653143,
      88.49627106143237,
      65.98465416422115,
      94.28334129208221,
      74.74958447922609,
      27.453834130288712,
      36.824424905059246,
      53.113984671708884,
      55.14161213507381,
      26.608362074379095,
      18.288998378061105,
      36.710315492638124,
      14.878044262801016
    ],
    [
      39.518786860014664,
      47.7169450804337,
      96.91386537945326,
      15.411177503810464,
      51.91121745478549,
      53.237531168967216,
      31.219009091782738,
      16.80780085885771,
      60.09424106715766,
      11.269152261175083,
      57.22864276337098,
      39.244331697900684,
      9.387482719032603,
      56.63791853387171,
      65.15909617669605
    ],
    [
      66.53146056634935,
      19.735038120307838,
      95.45678559525325,
      6.843421170697188,
      88.14041736179107,
      78.59205791437344,
      25.995264053479225,
      92.78196173141322,
      45.03030940324689,
      38.337982042261345,
      89.48852446493372,
      75.65133309764353,
      77.67134360762428,
      88.0258025942794,
      48.66674941272222
    ],
    [
      30.987171783090933,
      44.84985945083757,
      53.285151975726876,
      61.20631746965068,
      52.99925216386323,
      97.8188471869356,
      60.60194774952989,
      83.69429993323317,
      9.452208012374413,
      49.34079133181169,
      90.13098856450829,
      91.78853164124746,
      22.471468417171607,
      40.661503210382065,
      54.972043534631
    ],
    [
      64.55029683628565,
      47.88942091645255,
      56.79383842107622,
      59.33908175544247,
      32.04524404893786,
      76.04383939217097,
      85.85948221220109,
      48.17329363096082,
      86.4505776286627,
      66.43052471554829,
      55.49944299923042,
      80.17963080601454,
      32.16280585310602,
      4.836554491957376,
      81.02522805504393
    ],
    [
      79.80942806203794,
      28.712007402653793,
      46.088521779259786,
      40.367265139275794,
      95.38970203026891,
      35.61849426037225,
      6.883242363721497,
      1.3315764333513567,
      61.551738354202385,
      35.19279775459616,
      48.4007112365386,
      98.30794373661887,
      20.304639689802578,
      33.101924785185446,
      97.69922027243571
    ],
    [
      71.43868902586678,
      75.71342967053083,
      8.891499539790619,
      2.5251591215666744,
      17.678941320829153,
      4.818253199665884,
      70.12758262687016,
      56.917087185241,
      64.63507575276495,
      15.982855978380295,
      51.97385140180969,
      90.28273819165967,
      15.6488378680692,
      80.18712729724163,
      26.49526849710905
    ],
    [
      82.61834758837625,
      64.15858296194486,
      49.82828958777824,
      49.68719779953873,
      79.81994147588615,
      80.39543684419718,
      10.662674107834379,
      29.610737834692273,
      17.827157756671582,
      53.22289482955947,
      72.89650391854033,
      86.59588382135672,
      93.65440256076391,
      28.915923613582926,
      83.07340276812158
    ],
    [
      78.56123772422792,
      15.050095833013973,
      59.28160557037286,
      54.6050874692438,
      25.03292941620095,
      30.051780190795263,
      68.25803808062601,
      35.83485765585247,
      33.26964568270158,
      63.51832447416314,
      3.176365179710189,
      36.176101453802616,
      25.794153360311384,
      75.37203076212828,
      40.56660415392009
    ],
    [
      36.0021072602356,
      55.181994710851335,
      61.87407975729622,
      68.04750150915866,
      94.55749871905704,
      69.33382526286893,
      6.840906591888792,
      83.51402591834812,
      77.39951863902145,
      26.066615854132582,
      94.55168187791215,
      18.16335923592757,
      66.18261743595407,
      86.23534048384853,
      43.64322812626569
    ],
    [
      96.3244240351943,
      88.50455925727432,
      73.09845394677194,
      16.677167377214836,
      86.0274783702853,
      86.90733880535124,
      1.859819296601405,
      40.24974072617164,
      8.834430843604656,
      82.66592330832707,
      79.92499010805051,
      82.07361790091048,
      49.6140930077434,
      77.47336833456154,
      1.745356033638118
    ],
    [
      44.876117857213565,
      9.449037445221643,
      70.04167264442354,
      19.841803058941572,
      88.13118954482071,
      82.77087094058287,
      95.87516592016985,
      18.020512796997142,
      78.58816944343842,
      54.40558045690456,
      97.26297673738884,
      60.31933577169818,
      13.242488666073731,
      67.1657620884489,
      40.77176097088633
    ],
    [
      55.30317646996987,
      49.34523910301176,
      56.99953900284648,
      49.79864557253135,
      93.67529463486223,
      36.94085331224552,
      99.17571720413453,
      48.2782796263466,
      47.96656116537371,
      37.4564127868943,
      51.925915780656446,
      14.701575531414683,
      25.728546164041852,
      45.487719389334174,
      91.99813402614757
    ],
    [
      69.21734234853055,
      28.875126936720264,
      91.48153370709717,
      19.966618028437182,
      97.69250520955498,
      52.39510040997718,
      73.4740157792016,
      45.84007722716589,
      22.440773877581293,
      72.14055295006132,
      2.895950454609711,
      97.54566801360525,
      4.099867106782298,
      12.015118137189214,
      85.17233799635953
    ],
    [
      97.15343271908556,
      21.59476552296137,
      79.0736820170675,
      39.10142289331275,
      13.233132866287459,
      70.23398542121284,
      99.15089541130077,
      45.077220082718476,
      16.58690643585235,
      4.514436959600166,
      62.59376436338637,
      27.374023097977574,
      64.57254256688984,
      14.680372422702709,
      91.86976203823387
    ],
    [
      96.01948027503563,
      11.020898387276537,
      85.34046957555732,
      9.025838880567933,
      29.099180257544464,
      81.34817379107527,
      96.97267960951969,
      87.17613628083663,
      33.28363991004287,
      31.807722361359914,
      36.85232347435359,
      15.117334257260561,
      21.596542195917934,
      95.53387496872104,
      22.883726278104447
    ],
    [
      68.81519076029946,
      1.026247027746214,
      47.55822917416871,
      30.891276579763815,
      51.47430995664455,
