{
  "graph_edges": [
    [
      0,
      12
    ],
    [
      0,
      15
    ],
    [
      0,
      16
    ],
    [
      0,
      18
    ],
    [
      1,
      2
    ],
    [
      1,
      4
    ],
    [
      1,
      8
    ],
    [
      1,
      9
    ],
    [
      1,
      11
    ],
    [
      1,
      12
    ],
    [
      1,
      18
    ],
    [
      2,
      4
    ],
    [
      2,
      6
    ],
    [
      2,
      7
    ],
    [
      2,
      9
    ],
    [
      2,
      13
    ],
    [
      3,
      5
    ],
    [
      3,
      7
    ],
    [
      3,
      8
    ],
    [
      3,
      13
    ],
    [
      3,
      14
    ],
    [
      3,
      16
    ],
    [
      3,
      18
    ],
    [
      4,
      7
    ],
    [
      4,
      9
    ],
    [
      4,
      15
    ],
    [
      4,
      17
    ],
    [
      4,
      19
    ],
    [
      5,
      12
    ],
    [
      5,
      15
    ],
    [
      5,
      16
    ],
    [
      6,
      7
    ],
    [
      6,
      17
    ],
    [
      7,
      9
    ],
    [
      7,
      13
    ],
    [
      7,
      15
    ],
    [
      7,
      17
    ],
    [
      8,
      11
    ],
    [
      8,
      17
    ],
    [
      9,
      12
    ],
    [
      9,
      15
    ],
    [
      10,
      11
    ],
    [
      10,
      12
    ],
    [
      10,
      13
    ],
    [
      10,
      14
    ],
    [
      10,
      16
    ],
    [
      10,
      17
    ],
    [
      10,
      18
    ],
    [
      10,
      19
    ],
    [
      11,
      14
    ],
    [
      11,
      15
    ],
    [
      12,
      17
    ],
    [
      13,
      14
    ],
    [
      13,
      18
    ],
    [
      13,
      19
    ],
    [
      14,
      15
    ],
    [
      14,
      16
    ],
    [
      15,
      16
    ],
    [
      15,
      18
    ],
    [
      15,
      19
    ],
    [
      16,
      18
    ],
    [
      16,
      19
    ],
    [
      17,
      18
    ]
  ],
  "graph_nodes": [
    0,
    1,
    2,
    3,
    4,
    5,
    6,
    7,
    8,
    9,
    10,
    11,
    12,
    13,
    14,
    15,
    16,
    17,
    18,
    19
  ],
  "cost_matrix": [
    [
      12.459530745117277,
      38.75124637106618,
      67.93089145647,
      62.580124635595716,
      14.487952599047988,
      31.095134356926934,
      46.98729558178272,
      62.62681805113309,
      90.56710315290508,
      23.089866982825868
    ],
    [
      59.189430554080545,
      5.996440311368666,
      74.35102148302722,
      20.29776229449009,
      74.08244578741551,
      30.91047511385609,
      77.65883776945128,
      83.0664268214124,
      90.96512592491426,
      55.24436068205053
    ],
    [
      43.8643278712967,
      38.07397394094552,
      67.115977515171,
      26.489037946063906,
      18.60416434701555,
      96.28791335034227,
      20.641713609938225,
      32.594499635874556,
      45.48252963653807,
      40.74875704104152
    ],
    [
      38.523129560190945,
      58.23488828561084,
      98.524476787529,
      20.03389791762932,
      40.26668657422227,
      83.24414951189274,
      69.37792195541209,
      61.389811644052465,
      97.4947668769815,
      47.63525582871507
    ],
    [
      86.1646713433115,
      58.09772046657529,
      57.25759796657047,
      18.94703820179593,
      29.728762367685846,
      56.15177611972341,
      17.113851502392084,
      57.92715734891154,
      3.4708828207303046,
      14.422229517110825
    ],
    [
      93.12155095611534,
      19.794214178851053,
      23.009766482925457,
      49.1943657100847,
      47.82513671756951,
      84.26199051916691,
      18.338941320262595,
      95.84986987959792,
      66.34459401638179,
      28.175733024319765
    ],
    [
      39.57994480099701,
      78.70107184769643,
      51.41293017115474,
      71.85018236211775,
      66.70454481884457,
      52.125569466311376,
      93.50482508885153,
      92.89074639438128,
      92.40804620946714,
      3.5926221068890727
    ],
    [
      28.396489572797602,
      58.30843346482318,
      12.449271750759273,
      45.68548196041884,
      22.981607508572512,
      28.674357320880286,
      92.07149040975122,
      19.659802115353667,
      37.65271408236229,
      13.03648039539988
    ],
    [
      42.39110357919427,
      57.53852921881262,
      15.602746757615948,
      30.35845454242084,
      87.41974563797045,
      48.796370335055,
      1.2499160641418823,
      35.6891106164914,
      8.868406889455475,
      34.442441477849144
    ],
    [
      41.129879410795034,
      1.2303216117840954,
      86.83788181858533,
      56.57710922613636,
      59.426657862220594,
      80.7295526630293,
      93.01302045186819,
      3.51541030279381,
      69.83905669881679,
      14.132755666021891
    ],
    [
      22.747395832330586,
      40.495846966791945,
      94.44902495573396,
      78.7444354414145,
      18.92142485826153,
      29.181753194176693,
      78.23811542313598,
      75.31229792563931,
      88.75935364778395,
      88.24424326354487
    ],
    [
      49.43815379620499,
      50.64888703313973,
      92.97150809347934,
      3.482429931926672,
      70.3408551206821,
      96.62882507100976,
      59.58050980737134,
      75.07483266731879,
      35.04327615880398,
      35.64615894327948
    ],
    [
      20.96411683422056,
      8.90506440401423,
      78.59915846086261,
      70.11150044538644,
      31.73405573605177,
      36.78339377789185,
      20.9861969468545,
      8.530325955701088,
      60.84258593829851,
      97.50543773308068
    ],
    [
      58.86234679470445,
      34.43666422939792,
      67.82685956741113,
      21.02481437512467,
      24.753802237765736,
      25.12102186369183,
      62.91241596478374,
      18.259148068323793,
      42.146284105037516,
      73.93789223985517
    ],
    [
      67.03578163322855,
      10.076304621627123,
      9.931705408619882,
      43.528227498845766,
      67.01539522800361,
      18.651616039154334,
      83.27296625308185,
      21.873604474609888,
      57.92143278891947,
      19.900923822474457
    ],
    [
      96.22919996227131,
      33.70187319301286,
      88.85849360142592,
      37.82747959542455,
      75.00918401790913,
      2.224720507401927,
      66.14329499746077,
      47.49417847560815,
      24.089723003022716,
      92.3496792340515
    ],
    [
      52.20725826584574,
      16.560036973921576,
      6.626331135452022,
      96.91936414116579,
      2.288719293241855,
      57.22961459042651,
      49.80262572374735,
      16.35992146375877,
      62.139526497037565,
      17.972077816260818
    ],
    [
      24.7308859158239,
      65.27482267259572,
      69.7311053652048,
      10.321715208428133,
      39.529434204354004,
      15.73932565417267,
      28.01875577515053,
      49.8500229732569,
      43.90877801784464,
      2.932035827829017
    ],
    [
      38.28242622699796,
      16.97565488230571,
      71.61187257184514,
      37.01923994281447,
      7.200081091995747,
      35.38554635062111,
      50.79563780622656,
      79.9396616905555,
      11.103939078578817,
      25.489233291719632
    ],
    [
      35.13463706521318,
      3.474057466964403,
      3.097506385662375,
      55.53923873694632,
      46.12280617097509,
      65.64214601768364,
      24.301261195050195,
      42.92968406887264,
      30.159644274428093,
      33.67228180978818
    ]
  ],
  "n_vertices": 20,
  "n_edges": 63,
  "n_colors": 10,
  "metadata": {
    "instance_type": "erdos_renyi",
    "n_vertices": 20,
    "p": 0.3,
    "n_colors": 10,
    "cost_pattern": "uniform",
    "seed": 1044,
    "density": 0.33157894736842103,
    "is_feasible": true,
    "known_optimal_cost": 202.31602872015097,
    "chromatic_number": 5
  }
}