{
  "graph_edges": [
    [
      0,
      5
    ],
    [
      0,
      1
    ],
    [
      1,
      6
    ],
    [
      1,
      2
    ],
    [
      2,
      7
    ],
    [
      2,
      3
    ],
    [
      3,
      8
    ],
    [
      3,
      4
    ],
    [
      4,
      9
    ],
    [
      5,
      6
    ],
    [
      6,
      7
    ],
    [
      7,
      8
    ],
    [
      8,
      9
    ]
  ],
  "graph_nodes": [
    0,
    1,
    2,
    3,
    4,
    5,
    6,
    7,
    8,
    9
  ],
  "cost_matrix": [
    [
      5.76994152252353,
      68.41533837290407,
      80.07091072247637,
      80.21075057413037,
      96.56442776546979,
      44.957962597709646
    ],
    [
      83.29225277952396,
      25.410195852844065,
      5.9775099328824775,
      49.25574649215961,
      65.37353760921488,
      92.17690025989423
    ],
    [
      74.13466865551698,
      25.4947852131162,
      52.28528362193886,
      66.74430215218376,
      29.987033073441083,
      87.47677326674746
    ],
    [
      88.42378660262575,
      56.41802263490513,
      23.194982809120514,
      93.40668862447586,
      39.594321404175695,
      15.917233554340475
    ],
    [
      32.8608627634553,
      34.11959730754606,
      89.97654272816567,
      2.0811672873706764,
      21.45808900331679,
      80.6274606184993
    ],
    [
      57.47787437284351,
      61.297972667907715,
      96.45902216736667,
      41.727195071510764,
      6.740920756407135,
      9.422348522615808
    ],
    [
      12.279015808115723,
      94.55225300063053,
      68.95268871422638,
      9.146725418832773,
      1.416049933385238,
      30.344880683831786
    ],
    [
      37.491388269493164,
      36.02851363840662,
      86.84868482093238,
      76.40468403733685,
      27.897536930722126,
      7.656267155144924
    ],
    [
      78.20556336614685,
      66.92866533569789,
      58.93363394025663,
      74.22466683649239,
      47.771435164704606,
      89.77698804301123
    ],
    [
      27.710661850131025,
      55.942984301347245,
      14.18486538637865,
      41.494440797586805,
      92.039206254217,
      51.385873807926345
    ]
  ],
  "n_vertices": 10,
  "n_edges": 13,
  "n_colors": 6,
  "metadata": {
    "instance_type": "grid",
    "n_vertices": 10,
    "n_colors": 6,
    "cost_pattern": "uniform",
    "seed": 78,
    "density": 0.28888888888888886,
    "is_feasible": true,
    "known_optimal_cost": 135.69160367246258,
    "chromatic_number": 2
  }
}