{
  "graph_edges": [
    [
      0,
      5
    ],
    [
      0,
      1
    ],
    [
      1,
      6
    ],
    [
      1,
      2
    ],
    [
      2,
      7
    ],
    [
      2,
      3
    ],
    [
      3,
      8
    ],
    [
      3,
      4
    ],
    [
      4,
      9
    ],
    [
      5,
      10
    ],
    [
      5,
      6
    ],
    [
      6,
      11
    ],
    [
      6,
      7
    ],
    [
      7,
      12
    ],
    [
      7,
      8
    ],
    [
      8,
      13
    ],
    [
      8,
      9
    ],
    [
      9,
      14
    ],
    [
      10,
      15
    ],
    [
      10,
      11
    ],
    [
      11,
      16
    ],
    [
      11,
      12
    ],
    [
      12,
      17
    ],
    [
      12,
      13
    ],
    [
      13,
      18
    ],
    [
      13,
      14
    ],
    [
      14,
      19
    ],
    [
      15,
      16
    ],
    [
      16,
      17
    ],
    [
      17,
      18
    ],
    [
      18,
      19
    ]
  ],
  "graph_nodes": [
    0,
    1,
    2,
    3,
    4,
    5,
    6,
    7,
    8,
    9,
    10,
    11,
    12,
    13,
    14,
    15,
    16,
    17,
    18,
    19
  ],
  "cost_matrix": [
    [
      62.41700764077235,
      51.386353795895296,
      30.526239334114138,
      65.72607252686699,
      28.07714690087439,
      52.78948175665339,
      37.9517244678284,
      37.55858076375042,
      73.7346665395409,
      65.21524868888463,
      92.65387668370332,
      23.487666206985207,
      41.149722616999185,
      88.48439329967583,
      21.68121043996394,
      22.164939003088655,
      29.06059478639087,
      45.85975506247103,
      34.419567298230874,
      2.1619892154764764
    ],
    [
      40.29774041283889,
      69.22508870513289,
      83.68512728257521,
      32.26306007432505,
      72.19972195395287,
      50.99399577869645,
      37.38172776111589,
      19.113124197562545,
      54.129256920418854,
      4.129388243577429,
      60.26062207350153,
      77.83339897308156,
      23.14872842112297,
      63.0010161999459,
      41.819690501552465,
      62.486184699694206,
      24.71839440422301,
      31.41846894573214,
      26.570973777343788,
      10.282766872389196
    ],
    [
      52.89079784048652,
      86.8084441500388,
      42.54360785261412,
      22.768523193267303,
      98.96906055615104,
      10.936540659739206,
      1.1623482331432895,
      60.76934367473168,
      97.83794427740291,
      67.40248254175592,
      62.72074034766878,
      31.866064125429702,
      81.96704733271118,
      8.882733232930354,
      86.61781058481074,
      70.18857433545197,
      70.15831171482172,
      95.4954982814655,
      88.38205725902567,
      54.953621803281344
    ],
    [
      68.48806890938421,
      20.088107443712314,
      82.47310399060895,
      9.87871298434899,
      91.28035568470429,
      86.25526178228604,
      61.334094038600554,
      14.61457240176771,
      38.08249322902632,
      22.94450049233905,
      78.49056566584939,
      53.77068180079065,
      37.481410113938615,
      8.695691555819455,
      54.26057415756434,
      12.135320329573316,
      59.99482400950805,
      41.35943809045883,
      56.32171969498828,
      67.97359812196441
    ],
    [
      96.12945436695955,
      92.4828040082847,
      10.32236974724686,
      14.002612297133508,
      41.506808817760586,
      97.36807339875624,
      34.9812660834969,
      87.48749044631845,
      6.9924884257291176,
      46.34234750008415,
      83.30569127840174,
      34.26361511682652,
      94.36062272131628,
      25.4707240554917,
      15.461897401363379,
      3.084552082211361,
      88.3345659563952,
      12.347650301675925,
      70.47358278567921,
      58.06857595427657
    ],
    [
      25.128546811234873,
      76.61097298106118,
      44.39536836682039,
      62.391312751642474,
      37.67447720204533,
      32.36832292298173,
      20.4641843100609,
      29.024257949495915,
      78.71697425999824,
      42.350980770526334,
      40.56517879347204,
      25.753741574307668,
      45.18760951580739,
      57.35415800453523,
      60.759043691742946,
      13.123064381081946,
      76.22763188875464,
      3.9391471795177675,
      93.33901005630071,
      26.725704429277936
    ],
    [
      56.50614728629485,
      20.36643711101665,
      35.21711643078446,
      35.748110106215314,
      10.127109463071399,
      63.23561502296651,
      66.50201211650861,
      32.35745978720516,
      29.901965133097626,
      2.260761138719311,
      42.50209650248949,
      20.580219331653755,
      62.276619661637866,
      4.991269459548613,
      24.797288292355322,
      83.01977258315146,
      35.55531621336912,
      25.907029777074555,
      44.63500457320141,
      14.159854848790332
    ],
    [
      48.37862072161398,
      53.39178863686444,
      74.47453618277537,
      18.094160289598193,
      60.648893420510916,
      6.350108370495188,
      64.1668897037717,
      56.530567248579686,
      12.417814774441988,
      37.30359386507193,
      85.36197826371966,
      95.11713298161456,
      5.036270425472359,
      42.70848990494559,
      87.67448294782638,
      54.023490246690024,
      39.67202916735995,
      85.37422528389223,
      11.899241364939744,
      85.07598080610367
    ],
    [
      25.91937326982682,
      81.65203689885867,
      25.20779015134977,
      32.46117763931386,
      21.453338927823022,
      46.01182874115292,
      43.44032112505059,
      26.316307577571347,
      61.69461141542042,
      63.051025080423,
      21.005223257672274,
      20.129594167860258,
      74.25144100895604,
      2.33197148721639,
      84.1659756183326,
      90.24261532572142,
      73.9959276980928,
      33.75877411636048,
      20.64206350920538,
      15.321471026346721
    ],
    [
      29.844009842219656,
      31.444449177868282,
      72.0455191833779,
      45.6165284383469,
      30.35814827917762,
      39.61808666620621,
      49.63877347505077,
      1.8629293809484428,
      79.95472145751062,
      23.65058136797058,
      16.41357122512246,
      70.29175302918703,
      78.18188249074778,
      30.71138448943396,
      33.881349067588424,
      22.8191039711928,
      60.97709616211145,
      59.34920948186506,
      71.64977958600127,
      27.76013390004537
    ],
    [
      90.16088684423679,
      38.253082696146485,
      11.782520286311936,
      64.25503866986483,
      21.406955071454995,
      43.20999906752282,
      12.018389754091883,
      63.287240539375226,
      40.10494084069745,
      63.904131238823474,
      97.79490470342046,
      85.88432194281235,
      53.34633608685822,
      46.408371706198636,
      80.7418083834874,
      61.16409850737795,
      2.8623135109265925,
      44.46963121086463,
      20.784345345300284,
      4.025756296484544
    ],
    [
      32.80697424663918,
      19.85935051027778,
      88.4509693720071,
      51.403312713821514,
      98.62077702004616,
      81.23379503666034,
      44.948843150822945,
      83.9743124162301,
      52.30915470137465,
      37.60917600803813,
      98.99092538924229,
      50.24138913579631,
      74.39534496499155,
      24.674019430426245,
      36.74893872431564,
      54.68124734599303,
      72.2016608870821,
      81.52735626195094,
      56.91483182105034,
      86.42943363664597
    ],
    [
      16.9864752587687,
      89.3931825041266,
      75.7545046453061,
      70.43028869739311,
      20.168738315514318,
      35.46938578197758,
      6.516709522106452,
      35.644088066153344,
      55.877925273359125,
      46.96545889344345,
      76.66901557232009,
      70.71221974289196,
      25.374817929420452,
      28.66686400040292,
      44.27441575444389,
      55.98882656015904,
      39.90300821088235,
      85.63513618820473,
      87.84823378560768,
      23.08144076310979
    ],
    [
      82.545240177167,
      85.30318745204188,
      62.261596981077396,
      42.59332559054031,
