{
  "graph_edges": [
    [
      0,
      5
    ],
    [
      0,
      1
    ],
    [
      1,
      6
    ],
    [
      1,
      2
    ],
    [
      2,
      7
    ],
    [
      2,
      3
    ],
    [
      3,
      8
    ],
    [
      3,
      4
    ],
    [
      4,
      9
    ],
    [
      5,
      10
    ],
    [
      5,
      6
    ],
    [
      6,
      11
    ],
    [
      6,
      7
    ],
    [
      7,
      12
    ],
    [
      7,
      8
    ],
    [
      8,
      13
    ],
    [
      8,
      9
    ],
    [
      9,
      14
    ],
    [
      10,
      15
    ],
    [
      10,
      11
    ],
    [
      11,
      16
    ],
    [
      11,
      12
    ],
    [
      12,
      17
    ],
    [
      12,
      13
    ],
    [
      13,
      18
    ],
    [
      13,
      14
    ],
    [
      14,
      19
    ],
    [
      15,
      16
    ],
    [
      16,
      17
    ],
    [
      17,
      18
    ],
    [
      18,
      19
    ]
  ],
  "graph_nodes": [
    0,
    1,
    2,
    3,
    4,
    5,
    6,
    7,
    8,
    9,
    10,
    11,
    12,
    13,
    14,
    15,
    16,
    17,
    18,
    19
  ],
  "cost_matrix": [
    [
      5.558058369517065,
      37.65398929544432,
      24.989508481649068,
      63.21952049941392,
      99.02089594266475,
      13.928216876572352,
      18.18532717131827,
      26.573091708308294,
      42.42149770157919,
      13.970870434016414,
      29.754562416699873,
      50.03530338079859,
      96.73342713935097,
      30.441596450921708,
      65.52839170882149,
      54.0256768638824,
      88.81561170440911,
      86.59522651277342,
      94.11274949051014,
      11.4774807116618
    ],
    [
      61.70900964082837,
      18.680490292329573,
      8.343528874740112,
      99.59734122791126,
      36.27112376468135,
      84.10797437925238,
      64.16907015988234,
      21.752763123400356,
      97.86426712651124,
      14.70272499819774,
      55.769087872538016,
      27.40670345274641,
      31.857488952425282,
      33.768836056996236,
      15.437262804214704,
      82.25515797030317,
      16.950626842058405,
      50.335993570538285,
      33.77211397365101,
      20.289384203645447
    ],
    [
      15.48642902215686,
      68.98587323329585,
      99.4672911104206,
      29.19095077970801,
      57.05300159046484,
      12.91044723285947,
      5.292931684596765,
      16.627343998367646,
      43.868414841395165,
      38.34432775153949,
      6.957460697373058,
      62.858909372999584,
      49.291868394126375,
      41.75989613218865,
      45.70195050456986,
      55.708335229052096,
      93.54711720058343,
      27.176987935553065,
      2.75025289305968,
      70.14285384605132
    ],
    [
      80.92693527662345,
      64.59193929905454,
      53.22290257948741,
      83.4039911613341,
      35.759823961046955,
      19.766799629303335,
      2.711167361858916,
      98.09177078160525,
      81.29137021761566,
      96.11873149887799,
      2.2603739447760622,
      29.02838567368279,
      23.504652282573186,
      1.2704881318606482,
      35.547158133456435,
      44.54167333626926,
      18.971508237677263,
      51.27482946710549,
      28.997428275721028,
      95.25269148007531
    ],
    [
      48.01038493334481,
      26.743891617825874,
      31.592220143169833,
      3.1165569158240185,
      28.9854666348319,
      26.53551280752531,
      94.8458444663989,
      72.57029169267315,
      83.07595521634855,
      57.77239586677081,
      13.205320401515378,
      58.33981266856992,
      54.877135483405695,
      48.78571268248655,
      60.958807626066054,
      54.330895661836315,
      44.37301725673176,
      71.67897280704301,
      32.44807677010088,
      33.0533478501153
    ],
    [
      82.97779066035837,
      37.83051046858815,
      90.92749175579632,
      11.58517579276135,
      79.48374029360176,
      87.98831827901533,
      41.2784483341737,
      89.36492021683085,
      48.12016022348368,
      4.378119495746191,
      94.8694882957816,
      92.33811799324789,
      27.172981739112828,
      60.92195056235159,
      37.8619741574689,
      63.40774611910266,
      65.14373674280009,
      8.76469954182921,
      49.670095123095535,
      96.93508009906559
    ],
    [
      41.562577254749115,
      39.26103129590179,
      34.86154584685098,
      53.44497006783515,
      55.52070813986767,
      46.53159711344601,
      21.49501600145215,
      54.23270910474696,
      22.60469331480149,
      15.38506637251818,
      64.44028894615488,
      20.30756608134509,
      28.962979410426943,
      58.00792778245313,
      97.79529596526547,
      19.400962242267674,
      60.02773384172102,
      59.867268194883806,
      9.627377081914329,
      14.730918858992272
    ],
    [
      1.4649622389681434,
      62.50088140033918,
      12.738286423999913,
      43.83962564853935,
      98.92073901146384,
      21.605847135206822,
      36.41140126437352,
      93.71986678612028,
      63.28692835449298,
      26.997704204643803,
      12.539151500148444,
      51.15123849416482,
      87.0333468906239,
      46.20531641491469,
      39.72570268024886,
      10.86620615667088,
      98.20874680025624,
      79.75993771395778,
      40.50131135276342,
      53.87048367613079
    ],
    [
      33.701043251416564,
      41.01589389494781,
      41.59966634362719,
      92.61243294444236,
      15.199739872336377,
      46.38179600332907,
      48.89549293807657,
      41.986320243805096,
      96.00644672380211,
      8.932796578463403,
      50.646216446586,
      51.18936404941026,
      49.4005903022094,
      49.16866442374088,
      5.854387837941891,
      40.230823944779246,
      28.679671762211466,
      26.42845367602285,
      48.07440219956105,
      21.059280075758632
    ],
    [
      35.64986586418046,
      14.940767162223597,
      32.36887127564589,
      3.9460210143478602,
      34.006618528907836,
      87.26162734588215,
      24.637086160428215,
      62.37589768692265,
      43.92214757475497,
      36.36863096688464,
      65.67111563373194,
      52.09223426093216,
      63.726589812180464,
      72.40157472463927,
      4.906067982221668,
      73.50244586016308,
      56.7868445787836,
      81.62133981034408,
      9.720547827912236,
      11.484503688819116
    ],
    [
      43.75701308956971,
      24.236122111987875,
      26.256766761482073,
      75.06629926116224,
      73.10016674577425,
      60.26066361566194,
      50.11632845668483,
      95.67010402967156,
      25.557070883455296,
      1.2371055191590492,
      60.71208820162863,
      54.90018646022482,
      41.90619235710151,
      22.682221483563495,
      14.61713948139775,
      89.21881285338526,
      19.08850813438477,
      98.9821664052581,
      39.05535381831068,
      80.40792141678685
    ],
    [
      93.38999223174181,
      24.737695677160566,
      7.385586654136793,
      5.062182208982392,
      78.0353192706385,
      35.111680933529684,
      43.83244731110288,
      22.46140083641267,
      78.68688699993817,
      80.48459511790533,
      5.867726701931452,
      91.99851516618115,
      72.37703028246982,
      55.80820048636755,
      67.22620692345654,
      60.35780432890123,
      96.4805049764361,
      10.73008717341716,
      64.4153292595995,
      72.8193499524761
    ],
    [
      59.361592478171,
      73.49682951199533,
      64.10036093400554,
      39.342012086955265,
      99.93369862271419,
      27.26218930307662,
      9.844942405166737,
      76.76604245668811,
      75.92354697655239,
      20.38930712036784,
      47.46596719727821,
      81.26501663167458,
      15.449763807725208,
      72.04543222061096,
      37.230682567998024,
      98.38799145782629,
      29.262787618872363,
      60.60598540844403,
      9.795233153503446,
      37.20019896165915
    ],
    [
      52.65305373421733,
      17.873369517923877,
      13.624594687401325,
      41.68830268644132,
