{
  "graph_edges": [
    [
      0,
      5
    ],
    [
      0,
      1
    ],
    [
      1,
      6
    ],
    [
      1,
      2
    ],
    [
      2,
      7
    ],
    [
      2,
      3
    ],
    [
      3,
      8
    ],
    [
      3,
      4
    ],
    [
      4,
      9
    ],
    [
      5,
      10
    ],
    [
      5,
      6
    ],
    [
      6,
      11
    ],
    [
      6,
      7
    ],
    [
      7,
      12
    ],
    [
      7,
      8
    ],
    [
      8,
      13
    ],
    [
      8,
      9
    ],
    [
      9,
      14
    ],
    [
      10,
      11
    ],
    [
      11,
      12
    ],
    [
      12,
      13
    ],
    [
      13,
      14
    ]
  ],
  "graph_nodes": [
    0,
    1,
    2,
    3,
    4,
    5,
    6,
    7,
    8,
    9,
    10,
    11,
    12,
    13,
    14
  ],
  "cost_matrix": [
    [
      36.186492662718415,
      34.744038792240865,
      93.37753778587542,
      91.46809937885763,
      83.90900810926303,
      6.889318506765688,
      25.572812286979506,
      51.40282499655102,
      9.864877883652747,
      78.72993783394833
    ],
    [
      40.51203765744864,
      44.82684332642594,
      77.0633712587962,
      57.04370835147964,
      25.29151393143992,
      54.95565993537197,
      15.312385860662529,
      45.443990448382756,
      47.075065582121724,
      72.03159241405574
    ],
    [
      95.46765572639474,
      62.857351631510234,
      42.38867950307075,
      89.50026873193687,
      33.237996897924255,
      98.28731339157261,
      71.30290173920496,
      92.3044386674347,
      98.88607611143227,
      72.94424713923597
    ],
    [
      33.76955171996934,
      27.551287190430706,
      11.154653606731754,
      19.355031489985908,
      20.74427922194221,
      58.369409506191076,
      26.416007977992034,
      33.70307356856406,
      9.034174163198573,
      71.77801924233248
    ],
    [
      29.658021362437324,
      52.253400171537,
      22.351163035365293,
      37.69314793012385,
      34.94449601489728,
      16.55912392612373,
      83.64568558697663,
      28.407895446205192,
      44.81693290631438,
      99.64776112305059
    ],
    [
      98.0019518348762,
      34.56488245937096,
      70.13155214714116,
      74.31429161354906,
      3.180527231413109,
      31.22981228783337,
      85.55803163043082,
      75.79948000420876,
      1.6883718670782502,
      73.47892190191055
    ],
    [
      9.616734194341811,
      18.353020582701117,
      73.38217667935935,
      44.07339010307126,
      2.246121640290213,
      26.146847427098812,
      44.586624995449114,
      14.522510807942103,
      27.530430541739403,
      30.039810788232284
    ],
    [
      48.09849665285842,
      73.79843194519152,
      95.2849390883027,
      21.93175736936942,
      99.63367563158666,
      66.4888791743809,
      55.53605674119336,
      41.02144020282688,
      5.0431311595934805,
      65.19319052419291
    ],
    [
      11.548824215212651,
      94.42678297787637,
      57.20193213360597,
      94.49371595781317,
      9.223150386204184,
      84.4313402067251,
      25.259849012551893,
      29.882041980810367,
      8.832356913071358,
      26.961599746849508
    ],
    [
      16.413776409955943,
      23.120081721909823,
      13.675510634617527,
      22.345290099530445,
      66.6391530275984,
      58.04438788251592,
      60.64764826839848,
      76.61790483550519,
      5.591882286646224,
      45.769907845606234
    ],
    [
      92.544201382659,
      54.10890668572958,
      48.13701295226426,
      70.35098877957905,
      58.872374549135124,
      54.91677506927203,
      45.61958105387671,
      41.7128082344952,
      96.39211363596115,
      82.82017924578967
    ],
    [
      13.987526830774245,
      29.056956307908273,
      7.027482235206109,
      87.65346811612434,
      68.80293621135549,
      46.95825070084925,
      74.38268938981149,
      24.012467443693033,
      11.654185594049487,
      19.01540141223174
    ],
    [
      83.47829058232296,
      18.428350278103903,
      54.42643296921849,
      8.176539548421417,
      24.780545628353327,
      36.422757310024096,
      20.42460516580736,
      40.65197959373331,
      21.39768540099915,
      3.821459955029867
    ],
    [
      66.82554028280674,
      54.224434712526055,
      60.006737438917014,
      6.947366691638142,
      65.6065047001027,
      30.235836148241347,
      23.886690607003644,
      4.157621144869414,
      12.905055201082261,
      72.41990617791917
    ],
    [
      14.494435066563295,
      53.09375932390169,
      57.0842323842138,
      88.1257158877217,
      52.818902323153544,
      42.05244855832963,
      35.98350657753733,
      39.42745071791989,
      93.95927947618351,
      98.29748747989811
    ]
  ],
  "n_vertices": 15,
  "n_edges": 22,
  "n_colors": 10,
  "metadata": {
    "instance_type": "grid",
    "n_vertices": 15,
    "n_colors": 10,
    "cost_pattern": "uniform",
    "seed": 81,
    "density": 0.20952380952380953,
    "is_feasible": true,
    "known_optimal_cost": 176.039463330651,
    "chromatic_number": 2
  }
}