{
  "graph_edges": [
    [
      0,
      5
    ],
    [
      0,
      1
    ],
    [
      1,
      6
    ],
    [
      1,
      2
    ],
    [
      2,
      7
    ],
    [
      2,
      3
    ],
    [
      3,
      8
    ],
    [
      3,
      4
    ],
    [
      4,
      9
    ],
    [
      5,
      10
    ],
    [
      5,
      6
    ],
    [
      6,
      11
    ],
    [
      6,
      7
    ],
    [
      7,
      12
    ],
    [
      7,
      8
    ],
    [
      8,
      13
    ],
    [
      8,
      9
    ],
    [
      9,
      14
    ],
    [
      10,
      15
    ],
    [
      10,
      11
    ],
    [
      11,
      16
    ],
    [
      11,
      12
    ],
    [
      12,
      17
    ],
    [
      12,
      13
    ],
    [
      13,
      18
    ],
    [
      13,
      14
    ],
    [
      14,
      19
    ],
    [
      15,
      16
    ],
    [
      16,
      17
    ],
    [
      17,
      18
    ],
    [
      18,
      19
    ]
  ],
  "graph_nodes": [
    0,
    1,
    2,
    3,
    4,
    5,
    6,
    7,
    8,
    9,
    10,
    11,
    12,
    13,
    14,
    15,
    16,
    17,
    18,
    19
  ],
  "cost_matrix": [
    [
      21.058088409260158,
      21.502217302036343,
      16.11113658672435,
      75.70468834102677,
      23.515249807876085,
      66.74411443940842,
      59.33256465524053,
      42.74307485821239,
      85.74636373276357,
      49.18851711477962,
      25.78481206450268,
      84.39946934313188,
      80.18311482488369,
      77.4716882180779,
      82.1475461704061,
      6.665323500924602,
      31.37677894812495,
      18.672414499725726,
      40.394634984624425,
      89.04482706601362
    ],
    [
      29.46537399461465,
      68.2821638526644,
      85.82989125268139,
      28.354536802988417,
      52.311505355514264,
      58.26734365301997,
      16.965799078344585,
      74.08655628218106,
      60.59397025242773,
      5.907673159454599,
      35.252950687380874,
      67.40037332105749,
      21.150104106410634,
      14.704825679968152,
      44.33510324903106,
      30.44561622796333,
      99.73119863645394,
      89.91872577178778,
      76.63124737493037,
      21.867669049309956
    ],
    [
      56.887068535780365,
      73.51177860148601,
      94.92935661800908,
      49.599656631263635,
      83.22835125254583,
      31.281476510162406,
      25.59515548407201,
      48.23505107427807,
      76.8168963864447,
      78.96776691990173,
      64.95894467668583,
      30.658553863413125,
      84.956206316871,
      7.928449965902417,
      33.492321205747174,
      66.15333295396516,
      22.485127515110236,
      28.668056935693855,
      63.802967525839236,
      98.96255277500165
    ],
    [
      11.980707564011825,
      16.09305450639676,
      85.41351423650244,
      7.645224977617064,
      61.84650487195727,
      34.382391441018584,
      41.619899444663275,
      82.55576028571119,
      80.93274152830574,
      50.949840362793786,
      99.56772139540703,
      22.543669280482387,
      89.77912055666121,
      20.330074001542467,
      21.40062359946874,
      29.16206092302582,
      77.23178372382606,
      31.516155330074707,
      27.9663908928129,
      43.24751858828856
    ],
    [
      14.076379832896434,
      43.91079013353871,
      14.185380176817755,
      7.999575211852434,
      53.534246372508,
      37.13731804278408,
      67.22332273882239,
      40.413900336413136,
      15.71921863891773,
      38.61735778638973,
      73.71722688090126,
      50.28862675467171,
      87.2559586912811,
      31.50223432960798,
      64.36303481302602,
      58.866496989469425,
      98.87148061369032,
      13.688059798987783,
      4.770228871840415,
      13.043349292086162
    ],
    [
      90.60687079748381,
      7.303474590517835,
      11.911693697042214,
      10.312328551561066,
      58.628857731333675,
      71.30715462995333,
      79.41312823105352,
      65.93727728114925,
      10.43423442030774,
      68.21370849836929,
      96.07486868700819,
      62.25353460774895,
      49.42763972540052,
      81.33907379714336,
      35.266414359239626,
      65.83903143382791,
      89.32828435664716,
      29.59690194185322,
      90.41739776813444,
      62.61532392529705
    ],
    [
      6.370331067057648,
      5.388138326185889,
      77.12574700978989,
      51.83443803622231,
      63.55496182372316,
      88.03974787271206,
      8.055820749234897,
      38.87224987174828,
      1.0385258240365856,
      92.26996609373253,
      69.81376886385338,
      63.113419410754204,
      81.84761169842228,
      27.516110081012727,
      37.32384373574657,
      36.151182653735916,
      84.7712651668861,
      6.626856597762667,
      95.72639242745562,
      52.02150664086566
    ],
    [
      16.429262688339293,
      70.68870186515672,
      18.215959530624477,
      76.68515926152064,
      87.13922322609449,
      72.90002966637772,
      17.61174409885921,
      78.42039847216695,
      22.899006710248173,
      23.40649047444437,
      61.3861181536862,
      51.92421709195846,
      42.53049489318849,
      52.6466862267604,
      94.49186672523258,
      90.92168078603358,
      29.31416012698143,
      86.01051298026746,
      41.834895832793,
      95.70219172948306
    ],
    [
      50.12079797966657,
      50.7751450566039,
      55.436189406722285,
      74.40675681341773,
      63.82899355234327,
      21.66183449227569,
      30.396206299119516,
      81.06469607519857,
      32.31875732936435,
      62.958039209643275,
      67.195313023091,
      53.851270627282176,
      42.38510538772037,
      6.631197535502005,
      25.641345812803046,
      91.22783934814505,
      19.835110002674654,
      8.051757763134447,
      87.38792263827264,
      20.30292755629467
    ],
    [
      58.85892980740076,
      39.7870882743088,
      67.83300368207576,
      90.41204284061287,
      87.74922705014863,
      49.17114509999354,
      23.444928602004765,
      36.181410684517125,
      98.16308352876293,
      49.70310814753415,
      80.52891589656438,
      11.153247449712978,
      32.80825050502817,
      14.36300601568929,
      88.8422006147404,
      32.15011198174081,
      99.23475632669022,
      35.70884595110576,
      35.30191867917505,
      68.6712649345869
    ],
    [
      92.26558036102347,
      3.8429848472447814,
      4.039454246959372,
      9.500266403906295,
      86.54304896546385,
      5.870190482280764,
      18.148530540001925,
      6.118982612413309,
      32.07527239852301,
      30.76696005617923,
      31.42592361960316,
      43.88255373449179,
      97.56995289806262,
      27.733796839354145,
      76.8345913479939,
      33.49815814800636,
      51.8910259450286,
      32.32578189758047,
      1.150581461827824,
      82.91568691898283
    ],
    [
      71.54175468644193,
      64.77209077016519,
      74.03718286861564,
      32.91522369219465,
      32.80068959132134,
      67.49633317011296,
      86.06245024585317,
      31.42630447057589,
      27.53516671949124,
      41.71827557061886,
      97.19936256635746,
      44.591235117236934,
      60.63660979189514,
      77.4867966386124,
      80.922615682604,
      40.708716322232334,
      34.381865855607415,
      50.951237551226924,
      63.388998110065586,
      78.15223716539586
    ],
    [
      64.68289715003941,
      31.387541001422672,
      90.33841905961464,
      68.7320394555827,
      34.408645093514515,
      4.446405862946483,
      71.1259855794449,
      49.691251308946796,
      44.80675830434539,
      75.82131617141472,
      21.50446275366194,
      99.69060457395159,
      9.207620864629613,
      67.1402807439412,
      29.11428467891217,
      64.64730646645344,
      65.58355923904199,
      55.82140069038835,
      88.20753657594784,
      26.680202710256175
    ],
    [
      29.83668590464879,
      61.166797989228854,
      4.134108142788364,
      59.35279491284593,
