{
  "graph_edges": [
    [
      0,
      5
    ],
    [
      0,
      1
    ],
    [
      1,
      6
    ],
    [
      1,
      2
    ],
    [
      2,
      7
    ],
    [
      2,
      3
    ],
    [
      3,
      8
    ],
    [
      3,
      4
    ],
    [
      4,
      9
    ],
    [
      5,
      6
    ],
    [
      6,
      7
    ],
    [
      7,
      8
    ],
    [
      8,
      9
    ]
  ],
  "graph_nodes": [
    0,
    1,
    2,
    3,
    4,
    5,
    6,
    7,
    8,
    9
  ],
  "cost_matrix": [
    [
      50.566144507697736,
      47.338675168863396,
      50.577470038581005,
      15.768638379758707,
      82.20751564612209,
      32.81503912935415
    ],
    [
      78.13822571363391,
      81.69295048004305,
      2.4654254508560323,
      23.530393108230335,
      71.46142596621381,
      82.2901766544809
    ],
    [
      79.53922208848778,
      50.026382574202685,
      56.49689484823431,
      51.97814622806904,
      29.414319544650972,
      19.620889933223584
    ],
    [
      34.75955793817536,
      27.36462412333203,
      21.078073119113665,
      41.35908983192462,
      52.60321123580521,
      1.8368341565749877
    ],
    [
      96.3512909722494,
      86.18695357250344,
      79.2124569576317,
      75.46223298791541,
      93.97905372886046,
      98.4381244099306
    ],
    [
      9.42186441927386,
      53.73198494898866,
      75.82933597035372,
      31.723457530070583,
      69.48509076967132,
      20.33989748966099
    ],
    [
      85.56591237441567,
      44.37069064628959,
      63.823483786134474,
      28.624915418265164,
      67.84463763732232,
      39.00442934514169
    ],
    [
      22.067520147708972,
      17.73029854998397,
      44.75613153877024,
      92.4892732307726,
      79.2674864635706,
      32.89923684947467
    ],
    [
      1.4538744324608082,
      69.13442376572604,
      64.7835996177927,
      40.604562522552065,
      1.4200108188675205,
      57.942390052590724
    ],
    [
      23.155304656846894,
      85.7679588608894,
      80.05392862797089,
      73.5578021343025,
      88.53162092592902,
      56.8456728242034
    ]
  ],
  "n_vertices": 10,
  "n_edges": 13,
  "n_colors": 6,
  "metadata": {
    "instance_type": "grid",
    "n_vertices": 10,
    "n_colors": 6,
    "cost_pattern": "uniform",
    "seed": 79,
    "density": 0.28888888888888886,
    "is_feasible": true,
    "known_optimal_cost": 205.2998443829935,
    "chromatic_number": 2
  }
}