{
  "graph_edges": [
    [
      0,
      5
    ],
    [
      0,
      1
    ],
    [
      1,
      6
    ],
    [
      1,
      2
    ],
    [
      2,
      7
    ],
    [
      2,
      3
    ],
    [
      3,
      8
    ],
    [
      3,
      4
    ],
    [
      4,
      9
    ],
    [
      5,
      10
    ],
    [
      5,
      6
    ],
    [
      6,
      11
    ],
    [
      6,
      7
    ],
    [
      7,
      12
    ],
    [
      7,
      8
    ],
    [
      8,
      13
    ],
    [
      8,
      9
    ],
    [
      9,
      14
    ],
    [
      10,
      11
    ],
    [
      11,
      12
    ],
    [
      12,
      13
    ],
    [
      13,
      14
    ]
  ],
  "graph_nodes": [
    0,
    1,
    2,
    3,
    4,
    5,
    6,
    7,
    8,
    9,
    10,
    11,
    12,
    13,
    14
  ],
  "cost_matrix": [
    [
      28.24734131033243,
      64.2838453316017,
      62.7660220212026,
      78.02618842422618,
      48.3332394205495,
      95.9542546633919,
      99.74598646423897,
      83.41881436990974,
      21.180660146494635,
      14.270950146268984
    ],
    [
      61.886447069910396,
      59.70571870277036,
      64.83326886177674,
      98.88333265041555,
      34.18109862945262,
      81.04336364604816,
      67.4205771616697,
      54.27586586221943,
      7.881370451375014,
      9.860622000049158
    ],
    [
      87.3074370167225,
      59.215371996257794,
      8.579985852438556,
      35.06668413701104,
      37.267961308271914,
      2.174957213843695,
      44.74142347072487,
      6.300727349341043,
      67.58624546498326,
      4.1946265026626515
    ],
    [
      39.0645624267313,
      82.58911091999069,
      89.91116891758682,
      33.649084320945256,
      10.636904299624113,
      19.651094128619523,
      17.295261862259864,
      93.78946565302401,
      98.84425811325947,
      10.197670311178507
    ],
    [
      26.957200071630595,
      14.134353689699514,
      72.35972163487959,
      19.942423505329288,
      2.4938265193966136,
      16.24828319155747,
      90.25873592730109,
      61.8263818947941,
      10.566354275299648,
      17.48350724293446
    ],
    [
      1.4748935792053666,
      46.96294537526565,
      7.932773945150668,
      90.90494733233123,
      28.203035849295862,
      58.52769150896733,
      89.75350107892636,
      16.745638957443106,
      81.61617485859765,
      40.84552644737092
    ],
    [
      23.98120847340397,
      12.872742955820243,
      33.990898085854035,
      73.00885759477997,
      3.1264245930457513,
      31.344330256938512,
      29.066072559279018,
      82.31152415074305,
      56.21139498273314,
      95.29256621360211
    ],
    [
      30.55396964509908,
      34.39608389740954,
      29.811198519128038,
      35.28540402275003,
      96.4219724806382,
      45.84768838184792,
      6.715545053651709,
      20.712138925081348,
      58.864948011984005,
      22.81495904005001
    ],
    [
      78.85832345817704,
      28.37727401033118,
      72.3433231437961,
      4.322925233283587,
      33.071192893984005,
      25.265086643320316,
      99.19438902927466,
      75.6125863074742,
      40.02726010462554,
      22.439052384638416
    ],
    [
      88.54182889501318,
      36.17367649431287,
      45.15205834545042,
      80.43056031452498,
      72.43739557452191,
      90.34992764546566,
      69.49528692662945,
      85.90068532334455,
      75.48641311942383,
      62.06797745208263
    ],
    [
      80.92281680015911,
      75.75356591192181,
      57.102322551278895,
      44.05132971060018,
      16.563514240264325,
      36.72375244172652,
      12.48130990582333,
      77.02440586415432,
      30.508293598866178,
      30.123659430251422
    ],
    [
      19.33698221750493,
      39.605618150041174,
      91.03872920641521,
      82.16814622464842,
      82.1061444140008,
      9.920077009671559,
      80.85389458251497,
      35.01131863886425,
      14.91337687316609,
      13.737338762991007
    ],
    [
      52.8345243408259,
      83.53713671550526,
      7.5645251367889434,
      16.67734612137573,
      44.78694844861693,
      1.5208241564343614,
      53.28997201576961,
      73.41040242899135,
      77.27853231787664,
      98.5902077676336
    ],
    [
      45.0999225234711,
      72.69783788281036,
      53.127900260807266,
      97.96022465974265,
      25.860522597884014,
      77.45909960826722,
      98.46531338281682,
      7.617666523685876,
      2.9213093090629205,
      92.90208863849392
    ],
    [
      44.91350466484949,
      38.42181397981851,
      97.28078440917787,
      79.87661100893045,
      18.277094193039424,
      61.325313794632216,
      27.280696927489622,
      52.512995508986506,
      6.3723232590675805,
      63.850718654859016
    ]
  ],
  "n_vertices": 15,
  "n_edges": 22,
  "n_colors": 10,
  "metadata": {
    "instance_type": "grid",
    "n_vertices": 15,
    "n_colors": 10,
    "cost_pattern": "uniform",
    "seed": 82,
    "density": 0.20952380952380953,
    "is_feasible": true,
    "known_optimal_cost": 130.56170220356424,
    "chromatic_number": 2
  }
}