{
  "graph_edges": [
    [
      0,
      5
    ],
    [
      0,
      1
    ],
    [
      1,
      6
    ],
    [
      1,
      2
    ],
    [
      2,
      7
    ],
    [
      2,
      3
    ],
    [
      3,
      8
    ],
    [
      3,
      4
    ],
    [
      4,
      9
    ],
    [
      5,
      6
    ],
    [
      6,
      7
    ],
    [
      7,
      8
    ],
    [
      8,
      9
    ]
  ],
  "graph_nodes": [
    0,
    1,
    2,
    3,
    4,
    5,
    6,
    7,
    8,
    9
  ],
  "cost_matrix": [
    [
      52.66965593352523,
      70.24123033445174,
      27.717028136222076,
      67.77370559421024,
      90.89913624801818,
      68.82987021178133
    ],
    [
      21.953681055314668,
      32.40934133849187,
      27.462641091332525,
      12.930125550657086,
      99.68883273385637,
      8.963529247807609
    ],
    [
      29.175375219306417,
      53.98976971975886,
      84.73440866796265,
      20.81228947138242,
      81.39231156189794,
      37.92074230730146
    ],
    [
      81.15448285955289,
      2.187531014864035,
      67.13887184511479,
      29.761895419886486,
      32.94926072928433,
      42.35328157782265
    ],
    [
      49.153203681036196,
      94.3251734761534,
      73.48262467823,
      97.58610518262674,
      58.304383151603965,
      51.97320799447336
    ],
    [
      45.06087308109831,
      86.70717364700481,
      62.523022330133095,
      53.40300804811819,
      7.585171249467043,
      48.110830897264464
    ],
    [
      24.228935768040735,
      53.40920737552799,
      11.141563379314388,
      15.935211689373492,
      94.90167417403126,
      97.45509808667828
    ],
    [
      8.601929842319134,
      82.30913239683979,
      10.05423190474547,
      71.76744635365982,
      60.321897191723664,
      18.013137055950875
    ],
    [
      71.77972629684237,
      26.75248211733856,
      88.38290042836604,
      43.26216174048328,
      91.25054237780344,
      3.8766829855881726
    ],
    [
      74.04747873440452,
      68.96458809689776,
      95.24318805483094,
      62.630558426574424,
      97.00962362412113,
      27.451581278997338
    ]
  ],
  "n_vertices": 10,
  "n_edges": 13,
  "n_colors": 6,
  "metadata": {
    "instance_type": "grid",
    "n_vertices": 10,
    "n_colors": 6,
    "cost_pattern": "uniform",
    "seed": 80,
    "density": 0.28888888888888886,
    "is_feasible": true,
    "known_optimal_cost": 202.66948743457547,
    "chromatic_number": 2
  }
}