{
  "graph_edges": [
    [
      0,
      5
    ],
    [
      0,
      1
    ],
    [
      1,
      6
    ],
    [
      1,
      2
    ],
    [
      2,
      7
    ],
    [
      2,
      3
    ],
    [
      3,
      8
    ],
    [
      3,
      4
    ],
    [
      4,
      9
    ],
    [
      5,
      10
    ],
    [
      5,
      6
    ],
    [
      6,
      11
    ],
    [
      6,
      7
    ],
    [
      7,
      12
    ],
    [
      7,
      8
    ],
    [
      8,
      13
    ],
    [
      8,
      9
    ],
    [
      9,
      14
    ],
    [
      10,
      11
    ],
    [
      11,
      12
    ],
    [
      12,
      13
    ],
    [
      13,
      14
    ]
  ],
  "graph_nodes": [
    0,
    1,
    2,
    3,
    4,
    5,
    6,
    7,
    8,
    9,
    10,
    11,
    12,
    13,
    14
  ],
  "cost_matrix": [
    [
      26.44720028340885,
      68.69497072403617,
      66.70053399934244,
      77.93591301217359,
      82.90929620521037,
      36.31173022974969,
      39.28687060805373,
      74.5975069686791,
      28.971510994482102,
      30.11358259626492
    ],
    [
      57.825100562288625,
      5.665320688795544,
      39.321330182262834,
      83.62313522373185,
      52.58563982197515,
      13.624921611087236,
      42.077462050079205,
      82.26153312630775,
      35.12030387570615,
      91.67069123522298
    ],
    [
      19.557269825500594,
      3.7063527637200138,
      24.481155534768895,
      72.25590284942261,
      27.652788380721187,
      57.07151505677376,
      63.36685895048098,
      22.04370167100851,
      74.07945746034588,
      35.33651571810668
    ],
    [
      33.16414692644056,
      32.39138190036674,
      97.19334006614925,
      12.357041288285192,
      33.79933457247998,
      97.85851791783645,
      99.71469397623777,
      18.906383677214663,
      14.785035711065872,
      71.33270855217998
    ],
    [
      66.04227374159619,
      61.51123783411379,
      50.48802437173061,
      99.9263675979802,
      74.20509704184451,
      89.7527282883042,
      55.228809413428465,
      75.88976652989551,
      62.66983814394046,
      21.503036798943626
    ],
    [
      87.16500998937381,
      36.16258002595062,
      55.09076990240485,
      6.632189026825904,
      31.421476168686834,
      49.733624924842744,
      39.186907344921984,
      48.86215753433908,
      15.440538285662292,
      25.594560968235918
    ],
    [
      89.8039082104416,
      64.85202570061249,
      80.1049982604698,
      56.642009200982805,
      87.39808613136557,
      3.5436441623693176,
      34.15106488382299,
      2.4304529403519135,
      56.71778050966009,
      20.644246174181802
    ],
    [
      12.868808474046071,
      83.24898716884317,
      15.3860253879357,
      86.3374653900942,
      89.29794075873984,
      52.519960897272895,
      81.67432327751452,
      51.43129441280578,
      3.7553314865537692,
      22.101811355199867
    ],
    [
      49.73422665171884,
      14.032944391890727,
      56.69111634383385,
      95.91648060133575,
      50.75691982654075,
      2.662844225920588,
      27.59824313798028,
      96.93493567078386,
      11.951628953906079,
      62.80241626751096
    ],
    [
      62.29461845818197,
      64.80754567914425,
      92.2330450294503,
      25.12841207760371,
      53.20930838892256,
      83.47724472283042,
      74.48688286953207,
      7.731460145448201,
      61.57639991728261,
      11.59588768622788
    ],
    [
      42.63002680453387,
      44.02242122313317,
      35.06768436383896,
      73.19103291184697,
      81.89062410971076,
      72.89262975337219,
      43.574470412614104,
      65.46616212242252,
      54.526007006069094,
      6.2356688304888355
    ],
    [
      47.94710731987586,
      65.29539577399214,
      76.56263925127219,
      13.30108345439932,
      83.36518038708408,
      42.7230965464621,
      62.71844738052345,
      28.345428640132067,
      40.60054433640314,
      12.784014537051226
    ],
    [
      93.28820964851622,
      61.76778327671187,
      97.75258847227772,
      16.805097730467768,
      41.53790746338028,
      90.51006739919255,
      31.106107756886452,
      47.27413581660519,
      57.833868265198554,
      85.79805634211864
    ],
    [
      54.45106919262133,
      97.14587618610703,
      21.435681534269357,
      14.42459440543055,
      20.51065286271659,
      15.88483807439943,
      38.14599196235832,
      84.71481530730414,
      60.57515929657542,
      9.677742476554966
    ],
    [
      63.63648764743916,
      99.41016569358504,
      73.53181076482414,
      51.89691637899378,
      24.77040215041427,
      66.7619303618112,
      8.651179936257735,
      76.95854562322886,
      72.07703934133018,
      65.57016431209458
    ]
  ],
  "n_vertices": 15,
  "n_edges": 22,
  "n_colors": 10,
  "metadata": {
    "instance_type": "grid",
    "n_vertices": 15,
    "n_colors": 10,
    "cost_pattern": "uniform",
    "seed": 83,
    "density": 0.20952380952380953,
    "is_feasible": true,
    "known_optimal_cost": 169.82261302513257,
    "chromatic_number": 2
  }
}