{
  "graph_edges": [
    [
      0,
      4
    ],
    [
      0,
      8
    ],
    [
      0,
      9
    ],
    [
      1,
      4
    ],
    [
      1,
      6
    ],
    [
      2,
      3
    ],
    [
      2,
      5
    ],
    [
      2,
      7
    ],
    [
      3,
      5
    ],
    [
      3,
      7
    ],
    [
      5,
      7
    ],
    [
      7,
      8
    ],
    [
      8,
      9
    ]
  ],
  "graph_nodes": [
    0,
    1,
    2,
    3,
    4,
    5,
    6,
    7,
    8,
    9
  ],
  "cost_matrix": [
    [
      38.07947176588889,
      95.1207163345817,
      73.46740023932911,
      60.26718993550662,
      16.445845403801215,
      16.443457513284063
    ],
    [
      6.750277604651747,
      86.75143843171858,
      60.510386162577674,
      71.09918520180851,
      3.0378649352844422,
      97.02107536403744
    ],
    [
      83.41182143924175,
      22.02157195714934,
      19.00067175350296,
      19.15704647548995,
      31.119982052994235,
      52.950886731591545
    ],
    [
      43.76255684556946,
      29.83168487960615,
      61.573436577515565,
      14.809892204552142,
      29.922320204986598,
      37.269822486075476
    ],
    [
      46.150928437486556,
      78.73242017790835,
      20.767704433677615,
      51.909209402947546,
      59.64904231734221,
      5.598590859279775
    ],
    [
      61.146940338242395,
      17.88188824504186,
      7.4401077055426725,
      94.93966818807999,
      96.59757127438138,
      81.03133746352965
    ],
    [
      31.156763148163698,
      10.669539286632004,
      68.73906962470353,
      44.57509688022053,
      13.081785249633104,
      50.02251410101575
    ],
    [
      4.404463590406621,
      91.02271980579943,
      26.619218178401674,
      66.58970615104421,
      31.859396532851683,
      52.48673409660327
    ],
    [
      55.12431765498469,
      19.300591097027176,
      96.9888781486913,
      77.73814951275034,
      94.01039521485473,
      89.58790769233724
    ],
    [
      60.19209790229743,
      92.26554926728856,
      9.76075770314003,
      20.402303379495375,
      5.477501602143269,
      33.20770274556317
    ]
  ],
  "n_vertices": 10,
  "n_edges": 13,
  "n_colors": 6,
  "metadata": {
    "instance_type": "interval_graph",
    "n_vertices": 10,
    "n_colors": 6,
    "max_length": 1.0,
    "cost_pattern": "uniform",
    "seed": 42,
    "density": 0.28888888888888886,
    "intervals": [
      [
        0.29963209507789,
        0.49470352571888165
      ],
      [
        0.585595153449124,
        0.7454610018688277
      ],
      [
        0.12481491235394922,
        0.24041436438756947
      ],
      [
        0.04646688973455957,
        0.2330845043120531
      ],
      [
        0.48089200939456705,
        0.6516992671741716
      ],
      [
        0.016467595436641957,
        0.2134585806528414
      ],
      [
        0.6659541126403374,
        0.7871880237081651
      ],
      [
        0.1454599737656805,
        0.2638004247510239
      ],
      [
        0.2433937943676302,
        0.395869437530854
      ],
      [
        0.34555601491369264,
        0.47467892893349684
      ]
    ],
    "is_feasible": true,
    "known_optimal_cost": 113.48922474281541,
    "chromatic_number": 4
  }
}