{
  "graph_edges": [
    [
      0,
      1
    ],
    [
      0,
      5
    ],
    [
      0,
      8
    ],
    [
      0,
      13
    ],
    [
      1,
      9
    ],
    [
      1,
      10
    ],
    [
      1,
      13
    ],
    [
      2,
      3
    ],
    [
      2,
      4
    ],
    [
      2,
      6
    ],
    [
      2,
      7
    ],
    [
      2,
      11
    ],
    [
      2,
      12
    ],
    [
      3,
      4
    ],
    [
      3,
      6
    ],
    [
      3,
      7
    ],
    [
      3,
      11
    ],
    [
      3,
      12
    ],
    [
      3,
      14
    ],
    [
      4,
      6
    ],
    [
      4,
      9
    ],
    [
      4,
      10
    ],
    [
      4,
      11
    ],
    [
      4,
      14
    ],
    [
      5,
      8
    ],
    [
      5,
      13
    ],
    [
      6,
      7
    ],
    [
      6,
      11
    ],
    [
      6,
      12
    ],
    [
      6,
      14
    ],
    [
      7,
      11
    ],
    [
      7,
      12
    ],
    [
      8,
      13
    ],
    [
      9,
      10
    ],
    [
      9,
      11
    ],
    [
      9,
      14
    ],
    [
      10,
      11
    ],
    [
      10,
      14
    ],
    [
      11,
      12
    ],
    [
      11,
      14
    ]
  ],
  "graph_nodes": [
    0,
    1,
    2,
    3,
    4,
    5,
    6,
    7,
    8,
    9,
    10,
    11,
    12,
    13,
    14
  ],
  "cost_matrix": [
    [
      83.6493727178993,
      11.374814332617104,
      74.71940768627226,
      36.68958278937229,
      36.571772942999125,
      61.31459968119702,
      39.98417555773688,
      41.49818837622897,
      51.480338549371034,
      71.30465133938027
    ],
    [
      96.09209629536106,
      46.205489784954786,
      43.33750058509929,
      12.232906410877069,
      22.571988065305888,
      95.78973483772381,
      94.3917213200351,
      88.30060383449327,
      64.99464567793595,
      22.168656400930246
    ],
    [
      64.04636936687709,
      14.775478946505446,
      46.41170296023089,
      87.5124553304755,
      26.586580280840288,
      66.82025867849063,
      86.40475926765897,
      15.735958241377675,
      56.73204585773835,
      16.756371117501622
    ],
    [
      18.116597731647612,
      11.298273138032881,
      21.090821707016545,
      46.0637403755659,
      79.66291670659348,
      99.09144541709738,
      80.69670285746477,
      38.36412516592582,
      52.0580051365621,
      6.830993215835664
    ],
    [
      71.39847293409984,
      8.178273526365977,
      88.3785466110581,
      72.87972403808931,
      83.50325503173383,
      71.31283769913212,
      70.04556190221498,
      93.08017753740909,
      88.28560213687102,
      10.402226346349348
    ],
    [
      46.19314530650284,
      49.779625693807766,
      11.788376889647385,
      16.21971162531322,
      98.44411929734461,
      27.884455217482916,
      89.81803677581277,
      17.25922990688439,
      14.103471179114514,
      32.417986864262616
    ],
    [
      31.43483332373662,
      42.78346348868567,
      33.76864268927586,
      57.23946191920344,
      10.433181494553697,
      79.99977100026764,
      27.596980677314885,
      91.23007637931384,
      90.27265398691992,
      2.569922234775119
    ],
    [
      85.51454235224371,
      67.88501119333544,
      4.730348940571808,
      31.585835449439706,
      56.86069970920505,
      59.81368531582645,
      68.40052737158844,
      63.61075067521518,
      93.93154646466468,
      73.97483968135711
    ],
    [
      74.74069549641149,
      11.779673933753642,
      49.86989198737222,
      86.8083525711453,
      2.807255660612228,
      19.10746835331605,
      12.155307930438545,
      85.47646826197004,
      5.796960731420285,
      50.44346062086684
    ],
    [
      50.80589703019461,
      76.70798637053086,
      35.400412772019166,
      93.21047425873458,
      30.62138566638039,
      55.561818893881025,
      6.697970700154595,
      59.93537343765203,
      64.6613709490307,
      74.37820922567607
    ],
    [
      10.792352390676013,
      35.13278372763503,
      69.2361488654723,
      19.034039193080943,
      1.2515830293159196,
      27.48786225715891,
      70.21363682175307,
      42.47450527157685,
      32.58842068304007,
      22.00726990433413
    ],
    [
      31.98949709818595,
      37.6735489708458,
      14.076185238173007,
      68.05264859829178,
      51.47086540592521,
      85.88518093877705,
      1.0360137418765227,
      78.1353548860968,
      79.4372226117473,
      7.349825108136402
    ],
    [
      43.57188293541028,
      35.305911432833234,
      84.3258489942742,
      48.92832996547609,
      26.619243113922114,
      12.575634941379242,
      61.99823204351156,
      35.8212666166984,
      51.83231827531768,
      36.89069701322958
    ],
    [
      98.08689089670403,
      41.16290186397855,
      80.53600286019707,
      68.00522993451565,
      27.547450225610927,
      50.59087723658801,
      41.086682935000034,
      73.09671607843333,
      36.957795466390266,
      87.90218388394136
    ],
    [
      46.609785240610336,
      93.6458694410979,
      85.16877535597838,
      32.17911494564572,
      49.0567040182721,
      41.055107610459814,
      98.66567288213706,
      47.289943835894114,
      34.464341185047154,
      45.39841809077212
    ]
  ],
  "n_vertices": 15,
  "n_edges": 40,
  "n_colors": 10,
  "metadata": {
    "instance_type": "interval_graph",
    "n_vertices": 15,
    "n_colors": 10,
    "max_length": 1.0,
    "cost_pattern": "uniform",
    "seed": 44,
    "density": 0.38095238095238093,
    "intervals": [
      [
        0.6678737189325196,
        0.7783533293695065
      ],
      [
        0.5957123853436143,
        0.7317624689692428
      ],
      [
        0.28744867024645754,
        0.4483725083082727
      ],
      [
        0.3150236408706011,
        0.45593090185669094
      ],
      [
        0.40792192767168517,
        0.5789367270043926
      ],
      [
        0.7684209801645339,
        0.9140830910584277
      ],
      [
        0.3421212168492872,
        0.45346758696128425
      ],
      [
        0.17431909547721933,
        0.37006630238401106
      ],
      [
        0.754680576323516,
        0.9428630044391658
      ],
      [
        0.5171284499227148,
        0.6385109311357756
      ],
      [
        0.5094656110454714,
        0.6233802362439618
      ],
      [
        0.36696325624429005,
        0.5543495747599219
      ],
      [
        0.20676024469365892,
        0.3732453544699121
      ],
      [
        0.6901394688295674,
        0.8050242751339893
      ],
      [
        0.4503599665271786,
        0.5662754929084933
      ]
    ],
    "is_feasible": true,
    "known_optimal_cost": 185.98899724932141,
    "chromatic_number": 6
  }
}