{
  "graph_edges": [
    [
      0,
      5
    ],
    [
      0,
      6
    ],
    [
      0,
      8
    ],
    [
      0,
      14
    ],
    [
      1,
      4
    ],
    [
      1,
      11
    ],
    [
      1,
      12
    ],
    [
      2,
      7
    ],
    [
      2,
      9
    ],
    [
      2,
      10
    ],
    [
      3,
      4
    ],
    [
      4,
      11
    ],
    [
      4,
      12
    ],
    [
      5,
      6
    ],
    [
      5,
      8
    ],
    [
      5,
      13
    ],
    [
      5,
      14
    ],
    [
      6,
      8
    ],
    [
      6,
      14
    ],
    [
      7,
      10
    ],
    [
      8,
      14
    ],
    [
      9,
      10
    ],
    [
      11,
      12
    ],
    [
      13,
      14
    ]
  ],
  "graph_nodes": [
    0,
    1,
    2,
    3,
    4,
    5,
    6,
    7,
    8,
    9,
    10,
    11,
    12,
    13,
    14
  ],
  "cost_matrix": [
    [
      98.91213983408441,
      55.40492795762782,
      28.863282893551222,
      8.651667041838097,
      45.002480101208505,
      47.80798900579305,
      5.803678089738141,
      17.16912037261841,
      12.4791204382965,
      63.11177658773818
    ],
    [
      85.76202281096681,
      65.3601396876677,
      99.0814467910222,
      47.56472409197476,
      62.211153873168456,
      28.984053446585573,
      97.62432826593663,
      67.63373191403585,
      44.6125579886799,
      29.67904668495739
    ],
    [
      51.46026872066699,
      12.133628683803467,
      23.4685241448863,
      48.37667816150777,
      25.03305752123119,
      39.410269243109525,
      82.06846932897227,
      8.379537730993114,
      92.39180436373925,
      23.26471211893633
    ],
    [
      70.93077697619162,
      11.945980220478617,
      60.499408228795446,
      41.27246127074108,
      83.84611559277359,
      25.753012356551952,
      46.31606115460401,
      56.1858375655255,
      25.943069779363963,
      11.913890904307515
    ],
    [
      72.93708243449439,
      31.697319814106013,
      82.74964258422334,
      45.714986138008804,
      10.319753980948756,
      88.83312052337631,
      74.43365866810035,
      13.071295268045102,
      85.73103809667926,
      7.6268888476465895
    ],
    [
      19.211246599895496,
      18.044514913336716,
      92.3055197683188,
      66.96691465112329,
      26.250618778343526,
      25.880309030947313,
      98.4196199387843,
      68.2007420588981,
      40.83475711161278,
      7.353057300643149
    ],
    [
      44.94353848225922,
      21.502071199185547,
      32.93640541837452,
      65.29910908243566,
      72.67722471611476,
      47.36491723627261,
      19.58682708694202,
      30.342356627472657,
      14.878989727345035,
      10.382196157306668
    ],
    [
      49.684552546170224,
      99.08709161963625,
      88.10153912353711,
      16.96660325142163,
      31.186416276712002,
      60.87472651135335,
      94.09015870963168,
      73.57883055714902,
      4.902560485740357,
      16.836280665865974
    ],
    [
      7.358984972552816,
      45.01049622799409,
      84.13747643668867,
      56.19600200843229,
      98.80364863932509,
      76.55636467993047,
      94.1468951948321,
      72.94809122097259,
      26.010592322402058,
      90.83793632111508
    ],
    [
      68.7875461257759,
      11.418256823316925,
      60.819582062085296,
      73.98883228978048,
      24.484936305708985,
      98.90960504963726,
      84.23844760747286,
      43.87692371065537,
      72.5527655167637,
      67.19496256336068
    ],
    [
      52.85120017145045,
      30.49056321976213,
      57.527584980644924,
      57.824800565993726,
      5.397736477630714,
      45.87325916018148,
      99.01070244172027,
      23.44487985822875,
      47.85148754518094,
      8.806540574789317
    ],
    [
      96.77149858070179,
      41.35015769004549,
      4.016860810415793,
      8.400911876759432,
      8.370847668370594,
      37.956780444271246,
      19.26761892731066,
      13.759644346593369,
      24.394700399965657,
      41.31426708686469
    ],
    [
      7.966615513442884,
      35.20787403038484,
      15.617633458872495,
      38.69027989394128,
      74.01732814459574,
      87.55335308520375,
      93.01296473386893,
      12.237723324395992,
      53.926622858130365,
      41.94343999413046
    ],
    [
      96.5153881581746,
      60.856868484056285,
      81.16991592883493,
      75.59315813971027,
      65.87491963546371,
      38.40513251373872,
      32.42144457756271,
      11.840037494892417,
      31.594216908925475,
      59.27608169872395
    ],
    [
      39.47772292951036,
      75.31436141735549,
      87.15546231756937,
      93.27980573605112,
      60.64648167395306,
      48.359236735015536,
      41.687444506429145,
      42.77793869056219,
      16.019354384059,
      63.23332931067177
    ]
  ],
  "n_vertices": 15,
  "n_edges": 24,
  "n_colors": 10,
  "metadata": {
    "instance_type": "interval_graph",
    "n_vertices": 15,
    "n_colors": 10,
    "max_length": 1.0,
    "cost_pattern": "uniform",
    "seed": 45,
    "density": 0.22857142857142856,
    "intervals": [
      [
        0.7912092107804801,
        0.9461636834649527
      ],
      [
        0.22515784156405028,
        0.33288679817196754
      ],
      [
        0.3555755967774425,
        0.5028563937529911
      ],
      [
        0.0388176007251567,
        0.15515004554598338
      ],
      [
        0.09276056919835557,
        0.25549973746879817
      ],
      [
        0.6849456388764996,
        0.8499558809852549
      ],
      [
        0.7925773478062401,
        0.9396124226466187
      ],
      [
        0.49463558685388653,
        0.6229023075070033
      ],
      [
        0.7808026526540334,
        0.9481094525672009
      ],
      [
        0.35242471101963563,
        0.48139344504484516
      ],
      [
        0.407759747237713,
        0.5190058368173125
      ],
      [
        0.1815638314738287,
        0.32941906193999815
      ],
      [
        0.19420652542409045,
        0.33300477718480714
      ],
      [
        0.6550987420523012,
        0.7625528205684559
      ],
      [
        0.7385196312221354,
        0.8610092394230812
      ]
    ],
    "is_feasible": true,
    "known_optimal_cost": 160.0872563681363,
    "chromatic_number": 5
  }
}