{
  "graph_edges": [
    [
      0,
      1
    ],
    [
      1,
      2
    ],
    [
      2,
      3
    ],
    [
      3,
      4
    ],
    [
      4,
      5
    ],
    [
      5,
      6
    ],
    [
      6,
      7
    ],
    [
      7,
      8
    ],
    [
      8,
      9
    ],
    [
      9,
      10
    ],
    [
      10,
      11
    ],
    [
      11,
      12
    ],
    [
      12,
      13
    ],
    [
      13,
      14
    ],
    [
      14,
      15
    ],
    [
      15,
      16
    ],
    [
      16,
      17
    ],
    [
      17,
      18
    ],
    [
      18,
      19
    ]
  ],
  "graph_nodes": [
    0,
    1,
    2,
    3,
    4,
    5,
    6,
    7,
    8,
    9,
    10,
    11,
    12,
    13,
    14,
    15,
    16,
    17,
    18,
    19
  ],
  "cost_matrix": [
    [
      30.795481129735542,
      25.459121364219627,
      92.70717837085839,
      89.26874038949863,
      68.6443992375237,
      57.12158129046755,
      55.14962214406014,
      21.831959762689817,
      77.20569235035813,
      89.72677999474035,
      72.44339520003119,
      50.37925464091831,
      44.77906550652523,
      80.44062225263811,
      84.63829926825204,
      23.684682236860063,
      96.25458659902068,
      6.832915219021687,
      29.693950763578385,
      31.904250068985743
    ],
    [
      70.48872048457852,
      71.05327725730048,
      94.35984789495667,
      61.03193351730618,
      36.16750169282837,
      42.65912425155207,
      90.74345774162313,
      25.94097124749429,
      30.98912343064955,
      8.528715205987824,
      25.89781078899543,
      91.15292345632366,
      84.52068979134206,
      64.08224938973235,
      99.02060697582958,
      94.05203404858634,
      85.63884631787516,
      92.19340511959335,
      66.90991498635682,
      39.912483115499576
    ],
    [
      58.694637586063955,
      38.36377895425582,
      48.5548271194387,
      36.78234574158378,
      17.49413903315662,
      89.59919019401009,
      54.7635076779128,
      82.506822775997,
      57.21574768184534,
      1.6604759417675923,
      63.15431686803088,
      77.09287776180932,
      32.667110250723255,
      3.718456512204593,
      9.987685844536838,
      26.325517290951595,
      62.10049595213663,
      83.2914467299309,
      2.0065890556424595,
      68.82545030611351
    ],
    [
      14.570085891008514,
      92.9362425267955,
      62.554478509968035,
      98.97344049289174,
      27.862582142530425,
      59.83619650920193,
      52.75293879728408,
      73.69779043066428,
      63.144656153937575,
      60.46826557723505,
      97.02008519071349,
      61.37056491825097,
      66.90515959129134,
      76.3842172100215,
      7.512631388842545,
      87.66612314034289,
      71.42033784719335,
      90.08535392893924,
      53.498820317174655,
      1.5243983961878091
    ],
    [
      80.62739053801255,
      57.06907721495659,
      92.59940818876726,
      13.723603682005962,
      25.91333047049187,
      74.44019110624198,
      8.12182800974421,
      66.93488340819417,
      26.164456919357708,
      45.959205257463594,
      51.40384192993382,
      94.35606924650357,
      55.96158984236429,
      89.78489428558174,
      66.74957305383303,
      49.524059810820376,
      61.060591260413325,
      2.1012251494712566,
      38.729677193952206,
      36.582558314531944
    ],
    [
      70.0053509051241,
      81.20410972996304,
      38.92383637142164,
      38.938420322984925,
      87.2433422462234,
      83.7464028122602,
      77.6139233654883,
      35.32359732948869,
      85.64877913936886,
      56.104974936310796,
      93.09598056636322,
      42.936909807600415,
      41.901459163056074,
      30.830395914885305,
      79.91902429622542,
      6.725242612711233,
      56.847542401169065,
      34.84611169907436,
      32.388524991397155,
      52.63475803055483
    ],
    [
      41.62205274608217,
      18.965764423020744,
      19.62117199392756,
      93.19244706801857,
      74.02079221026429,
      64.13450172854489,
      82.75131866609932,
      81.45699061108947,
      63.51552422391234,
      13.952925910672889,
      7.331771890461461,
      57.797535646311275,
      33.74001876824917,
      18.405338756419024,
      87.72859820252144,
      45.07632228597548,
      14.800639599941306,
      65.83349035730923,
      32.27920856332028,
      3.602726188993456
    ],
    [
      94.86710002561553,
      55.91285134513571,
      35.898611953620915,
      25.761560714693253,
      51.213658788151314,
      57.29355406291318,
      11.169079909585104,
      60.747855035919336,
      63.14282653521351,
      22.656778136175216,
      45.00268981666301,
      35.830626143651074,
      25.61957081922171,
      97.00392158345153,
      7.9088700326317145,
      60.98203943001802,
      14.59055703451245,
      7.3239621374051325,
      92.7262698033216,
      27.632615295533107
    ],
    [
      12.752701480263042,
      91.49313937361123,
      39.98804595048294,
      28.17899768714328,
      25.37435233397982,
      10.97694378009408,
      62.077832720362366,
      13.915207400544764,
      32.22521563150168,
      25.752346689812978,
      1.0609928532281976,
      67.51463744344562,
      39.678251098025314,
      69.29966328980414,
      31.81914342571968,
      99.55967851123052,
      3.7928243193749407,
      67.5623454749181,
      76.41788390371457,
      88.4456974343953
    ],
    [
      43.19370649366,
      81.83808946160723,
      89.41250267561192,
      60.70096237891257,
      94.31214837767082,
      12.091438630605372,
      96.72452182229627,
      7.136134793969083,
      26.172552008339792,
      58.96294398414841,
      76.19627628512299,
      42.547322218578856,
      54.558410918800185,
      5.563768036160619,
      38.7052822513589,
      52.25554678267847,
      22.498568530903384,
      76.09449975403584,
      16.607112818883465,
      20.53263967388556
    ],
    [
      71.25994563292927,
      86.22698299225394,
      50.0869187414382,
      95.63302243205494,
      38.43118518088744,
      2.645709031877037,
      62.996132609976065,
      35.57936321276473,
      98.6098340589547,
      30.47379520044878,
      9.872288754625886,
      32.91868433587868,
      3.972142609207017,
      37.86426134974414,
      57.9445942542791,
      86.94182939829257,
      65.13249878023774,
      2.46278142339295,
      46.604514867022786,
      54.57436491099536
    ],
    [
      30.420738608075794,
      9.100001529838094,
      16.737434103429393,
      30.94943376478648,
      78.9972915182006,
      49.56302954496921,
      6.413601954069744,
      43.66963965855785,
      40.91629981646913,
      61.79435024721827,
      9.176729919207766,
      61.51026232985174,
      70.93557152762818,
      15.103775537269684,
      74.00159341309809,
      98.40107365399231,
      79.90977331261882,
      20.24033628614138,
      10.0212291143739,
      31.278883066527793
    ],
    [
      98.02520976154528,
      23.335905096428462,
      54.087992180288,
      48.937550789807496,
      98.94973290278257,
      55.10356840324546,
      98.78698990515493,
      30.69316420026396,
      54.75322553236795,
      42.40220832740736,
      58.43914921850642,
      65.30296167036335,
      20.109387650073824,
      81.75206934347011,
      10.45082921771168,
      81.5395221427168,
      14.997538894577254,
      93.47170096334159,
      27.685969007431662,
      67.11393795372524
    ],
    [
      98.43989161704899,
      50.356668178981586,
      58.6239118506283,
      3.275742830247896,
      73.98754980015347,
      60.44957509818717,
      4.644290672469368,
      71.86450611431286,
      80.25074812273436,
      95.06018292831739,
      76.44022957625522,
      72.68950931426916,
      68.7927748717881,
      71.25569030632691,
      18.783461826544652,
      17.003330401495404,
      5.99078732339244,
      7.633211440642566,
      49.70726038020742,
