{
  "graph_edges": [
    [
      0,
      1
    ],
    [
      1,
      2
    ],
    [
      2,
      3
    ],
    [
      3,
      4
    ],
    [
      4,
      5
    ],
    [
      5,
      6
    ],
    [
      6,
      7
    ],
    [
      7,
      8
    ],
    [
      8,
      9
    ]
  ],
  "graph_nodes": [
    0,
    1,
    2,
    3,
    4,
    5,
    6,
    7,
    8,
    9
  ],
  "cost_matrix": [
    [
      83.6493727178993,
      11.374814332617104,
      74.71940768627226,
      36.68958278937229,
      36.571772942999125,
      61.31459968119702
    ],
    [
      39.98417555773688,
      41.49818837622897,
      51.480338549371034,
      71.30465133938027,
      96.09209629536106,
      46.205489784954786
    ],
    [
      43.33750058509929,
      12.232906410877069,
      22.571988065305888,
      95.78973483772381,
      94.3917213200351,
      88.30060383449327
    ],
    [
      64.99464567793595,
      22.168656400930246,
      64.04636936687709,
      14.775478946505446,
      46.41170296023089,
      87.5124553304755
    ],
    [
      26.586580280840288,
      66.82025867849063,
      86.40475926765897,
      15.735958241377675,
      56.73204585773835,
      16.756371117501622
    ],
    [
      18.116597731647612,
      11.298273138032881,
      21.090821707016545,
      46.0637403755659,
      79.66291670659348,
      99.09144541709738
    ],
    [
      80.69670285746477,
      38.36412516592582,
      52.0580051365621,
      6.830993215835664,
      71.39847293409984,
      8.178273526365977
    ],
    [
      88.3785466110581,
      72.87972403808931,
      83.50325503173383,
      71.31283769913212,
      70.04556190221498,
      93.08017753740909
    ],
    [
      88.28560213687102,
      10.402226346349348,
      46.19314530650284,
      49.779625693807766,
      11.788376889647385,
      16.21971162531322
    ],
    [
      98.44411929734461,
      27.884455217482916,
      89.81803677581277,
      17.25922990688439,
      14.103471179114514,
      32.417986864262616
    ]
  ],
  "n_vertices": 10,
  "n_edges": 9,
  "n_colors": 6,
  "metadata": {
    "instance_type": "path",
    "n_vertices": 10,
    "n_colors": 6,
    "cost_pattern": "uniform",
    "seed": 44,
    "density": 0.2,
    "is_feasible": true,
    "known_optimal_cost": 207.80427214678554,
    "chromatic_number": 2
  }
}