{
  "graph_edges": [
    [
      0,
      1
    ],
    [
      1,
      2
    ],
    [
      2,
      3
    ],
    [
      3,
      4
    ],
    [
      4,
      5
    ],
    [
      5,
      6
    ],
    [
      6,
      7
    ],
    [
      7,
      8
    ],
    [
      8,
      9
    ]
  ],
  "graph_nodes": [
    0,
    1,
    2,
    3,
    4,
    5,
    6,
    7,
    8,
    9
  ],
  "cost_matrix": [
    [
      12.390402072588117,
      61.29758738866866,
      14.20570545441284,
      24.818372376569528,
      33.38676652530284,
      86.05461160391117
    ],
    [
      66.94293109670456,
      54.575059016056976,
      3.87236861801168,
      73.64108133174801,
      40.10005182466958,
      80.40266474423798
    ],
    [
      26.18769146012805,
      6.631608728464028,
      86.79821544902083,
      22.881870592552758,
      41.093955356678705,
      32.29355063080266
    ],
    [
      8.589607299648279,
      84.47924472874075,
      85.04497562674129,
      97.1750440521034,
      39.15231452511867,
      95.49432438575785
    ],
    [
      45.13007772313217,
      67.30274052045897,
      9.167504920018386,
      89.8127594181719,
      30.502346568187505,
      26.968177437041764
    ],
    [
      1.5078253573812381,
      54.777049012760195,
      48.084040333718065,
      64.00099407958075,
      97.8422092741186,
      90.95761302527768
    ],
    [
      91.10515450223551,
      53.0003114396074,
      11.297876035621528,
      18.910544930532197,
      95.35098187768742,
      41.78334535524951
    ],
    [
      86.63669494011098,
      67.54555066814143,
      63.24979379233396,
      28.28031888824626,
      89.7779797043454,
      21.482245762993156
    ],
    [
      41.03611906446535,
      99.36367674701624,
      73.83698106920495,
      45.061079836478584,
      56.50565377492976,
      41.71429341957689
    ],
    [
      72.97181120483086,
      40.5204917045034,
      67.3443713055358,
      70.7668451801736,
      61.34642725464553,
      54.46341195398394
    ]
  ],
  "n_vertices": 10,
  "n_edges": 9,
  "n_colors": 6,
  "metadata": {
    "instance_type": "path",
    "n_vertices": 10,
    "n_colors": 6,
    "cost_pattern": "uniform",
    "seed": 43,
    "density": 0.2,
    "is_feasible": true,
    "known_optimal_cost": 156.49604956369518,
    "chromatic_number": 2
  }
}