{
  "graph_edges": [
    [
      0,
      1
    ],
    [
      1,
      2
    ],
    [
      2,
      3
    ],
    [
      3,
      4
    ],
    [
      4,
      5
    ],
    [
      5,
      6
    ],
    [
      6,
      7
    ],
    [
      7,
      8
    ],
    [
      8,
      9
    ],
    [
      9,
      10
    ],
    [
      10,
      11
    ],
    [
      11,
      12
    ],
    [
      12,
      13
    ],
    [
      13,
      14
    ]
  ],
  "graph_nodes": [
    0,
    1,
    2,
    3,
    4,
    5,
    6,
    7,
    8,
    9,
    10,
    11,
    12,
    13,
    14
  ],
  "cost_matrix": [
    [
      12.235358717471303,
      97.4738263492092,
      73.14472871660952,
      35.79531278337744,
      71.05290868764902,
      80.16085556434534,
      64.91062359632096,
      42.045361111628466,
      70.8970701160279,
      25.41828879568955
    ],
    [
      26.34325069849827,
      3.377124060390732,
      10.773869530032242,
      30.74320710076755,
      64.44471210323215,
      32.89858685887842,
      19.36391966951315,
      91.80216135471395,
      27.82115953410223,
      28.081241268149405
    ],
    [
      95.48685555745573,
      13.584342534847291,
      74.97922013805774,
      1.5185576141913593,
      85.82227017857215,
      69.89966393084809,
      55.74954471922032,
      93.58834394752186,
      51.74972944461117,
      18.583594493983245
    ],
    [
      54.14971345398078,
      30.052521980009775,
      2.0496032371653143,
      88.49627106143237,
      65.98465416422115,
      94.28334129208221,
      74.74958447922609,
      27.453834130288712,
      36.824424905059246,
      53.113984671708884
    ],
    [
      55.14161213507381,
      26.608362074379095,
      18.288998378061105,
      36.710315492638124,
      14.878044262801016,
      39.518786860014664,
      47.7169450804337,
      96.91386537945326,
      15.411177503810464,
      51.91121745478549
    ],
    [
      53.237531168967216,
      31.219009091782738,
      16.80780085885771,
      60.09424106715766,
      11.269152261175083,
      57.22864276337098,
      39.244331697900684,
      9.387482719032603,
      56.63791853387171,
      65.15909617669605
    ],
    [
      66.53146056634935,
      19.735038120307838,
      95.45678559525325,
      6.843421170697188,
      88.14041736179107,
      78.59205791437344,
      25.995264053479225,
      92.78196173141322,
      45.03030940324689,
      38.337982042261345
    ],
    [
      89.48852446493372,
      75.65133309764353,
      77.67134360762428,
      88.0258025942794,
      48.66674941272222,
      30.987171783090933,
      44.84985945083757,
      53.285151975726876,
      61.20631746965068,
      52.99925216386323
    ],
    [
      97.8188471869356,
      60.60194774952989,
      83.69429993323317,
      9.452208012374413,
      49.34079133181169,
      90.13098856450829,
      91.78853164124746,
      22.471468417171607,
      40.661503210382065,
      54.972043534631
    ],
    [
      64.55029683628565,
      47.88942091645255,
      56.79383842107622,
      59.33908175544247,
      32.04524404893786,
      76.04383939217097,
      85.85948221220109,
      48.17329363096082,
      86.4505776286627,
      66.43052471554829
    ],
    [
      55.49944299923042,
      80.17963080601454,
      32.16280585310602,
      4.836554491957376,
      81.02522805504393,
      79.80942806203794,
      28.712007402653793,
      46.088521779259786,
      40.367265139275794,
      95.38970203026891
    ],
    [
      35.61849426037225,
      6.883242363721497,
      1.3315764333513567,
      61.551738354202385,
      35.19279775459616,
      48.4007112365386,
      98.30794373661887,
      20.304639689802578,
      33.101924785185446,
      97.69922027243571
    ],
    [
      71.43868902586678,
      75.71342967053083,
      8.891499539790619,
      2.5251591215666744,
      17.678941320829153,
      4.818253199665884,
      70.12758262687016,
      56.917087185241,
      64.63507575276495,
      15.982855978380295
    ],
    [
      51.97385140180969,
      90.28273819165967,
      15.6488378680692,
      80.18712729724163,
      26.49526849710905,
      82.61834758837625,
      64.15858296194486,
      49.82828958777824,
      49.68719779953873,
      79.81994147588615
    ],
    [
      80.39543684419718,
      10.662674107834379,
      29.610737834692273,
      17.827157756671582,
      53.22289482955947,
      72.89650391854033,
      86.59588382135672,
      93.65440256076391,
      28.915923613582926,
      83.07340276812158
    ]
  ],
  "n_vertices": 15,
  "n_edges": 14,
  "n_colors": 10,
  "metadata": {
    "instance_type": "path",
    "n_vertices": 15,
    "n_colors": 10,
    "cost_pattern": "uniform",
    "seed": 47,
    "density": 0.13333333333333333,
    "is_feasible": true,
    "known_optimal_cost": 157.7790176489317,
    "chromatic_number": 2
  }
}