{
  "graph_edges": [
    [
      0,
      1
    ],
    [
      1,
      2
    ],
    [
      2,
      3
    ],
    [
      3,
      4
    ],
    [
      4,
      5
    ],
    [
      5,
      6
    ],
    [
      6,
      7
    ],
    [
      7,
      8
    ],
    [
      8,
      9
    ],
    [
      9,
      10
    ],
    [
      10,
      11
    ],
    [
      11,
      12
    ],
    [
      12,
      13
    ],
    [
      13,
      14
    ],
    [
      14,
      15
    ],
    [
      15,
      16
    ],
    [
      16,
      17
    ],
    [
      17,
      18
    ],
    [
      18,
      19
    ]
  ],
  "graph_nodes": [
    0,
    1,
    2,
    3,
    4,
    5,
    6,
    7,
    8,
    9,
    10,
    11,
    12,
    13,
    14,
    15,
    16,
    17,
    18,
    19
  ],
  "cost_matrix": [
    [
      2.7315368221841103,
      89.26575345084558,
      29.201255579917913,
      30.59866136843683,
      79.4113918048875,
      33.12258915034465,
      86.60632828233558,
      45.30375058917354,
      55.274760728659324,
      36.36002748816896,
      12.11889051387827,
      15.047818329981416,
      45.05094859450631,
      73.46604229350427,
      46.550021591430884,
      59.68169648856187,
      34.33467188547904,
      45.98835426200069,
      19.52564951022195,
      41.474686114394345
    ],
    [
      14.07810195464569,
      4.673921183499025,
      9.116795244359993,
      22.13055515695379,
      54.97769710776002,
      65.85156848897378,
      59.29000366540097,
      57.92337512794991,
      34.13384645088374,
      38.676671430997175,
      40.762428500801185,
      68.25315838174535,
      15.471465637771853,
      79.08963761151544,
      4.705278506810101,
      61.749408361155254,
      16.05471471858344,
      77.41582796471235,
      27.04878495240117,
      77.42495375001674
    ],
    [
      29.457782494979018,
      65.51625802624757,
      95.10829502170589,
      91.92895990416366,
      17.31355464270399,
      34.44157734405684,
      9.916629621762276,
      69.59099488036459,
      68.31155450185527,
      91.00740130577668,
      31.301520697122317,
      19.028643076578728,
      4.443003126684962,
      37.649706018772285,
      96.32189066108808,
      58.345288674883605,
      89.06647460980821,
      52.252283005561004,
      73.08199121785182,
      38.896097181294685
    ],
    [
      99.18377969632705,
      39.87093744824148,
      15.123879073937752,
      90.79502163844991,
      7.016688757601777,
      10.072651473268227,
      47.21032768724722,
      1.0789331016358736,
      69.25137534392734,
      38.695841846970296,
      71.540969342059,
      61.06947496265017,
      92.71628527276219,
      8.91037616367551,
      62.03406778299582,
      60.336658159801075,
      35.9409920968005,
      34.43241995875776,
      2.537643686446937,
      83.26705767997316
    ],
    [
      74.69238426955953,
      35.66687617991655,
      48.983320664602964,
      57.819275803530395,
      28.55816032678873,
      28.699002196275956,
      98.43205978888943,
      45.221167115667114,
      7.600007122761212,
      36.748435501798824,
      4.944723617023208,
      3.4034603528748937,
      80.11033596312312,
      80.84351048787019,
      27.60564527777073,
      24.911071139545125,
      26.580965407162616,
      98.83144868300646,
      71.74667384989326,
      61.124624228828665
    ],
    [
      93.0730331805509,
      39.94406780220183,
      20.281990271220145,
      75.1540996513792,
      45.68116750620182,
      12.364789792024718,
      3.847965226701742,
      28.6231472871411,
      82.59250457492338,
      26.22306099881029,
      44.27237183556043,
      24.793538262718037,
      42.027029648898804,
      91.77240752628255,
      28.65217328326268,
      6.493736006995954,
      19.348526923125355,
      13.514939269791453,
      16.431936119963126,
      93.57114169882517
    ],
    [
      56.39940533185726,
      99.45379666060097,
      72.6867808867183,
      34.72601193384963,
      93.22894348718977,
      90.04311569736235,
      97.05298531152259,
      56.380942132277255,
      36.59063513272589,
      42.79653004231625,
      11.668031842960058,
      83.64414056844785,
      91.4058398611595,
      32.73876472433198,
      41.38611219948187,
      33.53007261112479,
      80.83680974186215,
      35.598093385458576,
      47.31379569181749,
      64.8049026904049
    ],
    [
      64.90007064549883,
      85.65105084597806,
      73.27304093289578,
      29.123042753982006,
      62.23563199075963,
      93.23106061324607,
      34.29050219504312,
      4.6348569381651945,
      64.4504411160828,
      68.62009718300878,
      54.39607472684734,
      70.94303265654385,
      39.02297163296184,
      69.01311186265512,
      61.09203152730735,
      55.51737540204536,
      37.87671060603579,
      96.3713180446906,
      64.9362750992563,
      90.90923450952374
    ],
    [
      95.54169584282943,
      24.518695382475002,
      23.515479621181676,
      36.941109789149515,
      38.90862161378306,
      63.663513717717784,
      97.3604128734709,
      47.73646020984105,
      42.02699508460912,
      5.7933157803593485,
      97.25243883390675,
      97.90601552879679,
      65.83342242497893,
      15.345727291157738,
      89.64193930050482,
      49.45884026251115,
      62.523556124995125,
      11.100660165120415,
      73.09586991593682,
      13.42480756014029
    ],
    [
      42.02544473126997,
      69.15245149405509,
      81.93991313987,
      23.983961916979357,
      34.30473175497247,
      39.216657723416176,
      50.20067850090402,
      97.8689096770478,
      44.99570542065101,
      87.42358298270896,
      79.6607988587728,
      8.852800006009058,
      96.85537403420989,
      93.00725277719758,
      9.696086643170798,
      53.09469035573076,
      1.2261343426397935,
      50.164729308390626,
      93.37669561141568,
      65.45810380616565
    ],
    [
      12.059934835714206,
      54.082011077229176,
      30.08414933618159,
      50.26831535884556,
      63.95962964887512,
      96.3782777259043,
      74.51609414580106,
      38.40740739623692,
      79.75753999654287,
      34.56028335983568,
      68.30407530372057,
      33.200794485142936,
      50.36627570985866,
      50.46125194866363,
      44.83915928205297,
      36.927054107838806,
      11.438438969288729,
      33.35314322434313,
      92.72271433719538,
      51.80985750534756
    ],
    [
      74.73597242706008,
      49.37674992018468,
      9.876530015109696,
      2.194526890002044,
      90.1852184752387,
      39.022825181220284,
      79.13144823346212,
      92.10975222064852,
      88.55288660558492,
      11.693660713674523,
      41.9247328631517,
      4.648845059755416,
      8.626268442992608,
      91.40695036668278,
      84.86967240991032,
      38.06224513663,
      16.68959225116389,
      35.375253224514346,
      98.96760120201441,
      25.879072880277825
    ],
    [
      46.343698376594574,
      35.4457723878984,
      20.515102320556682,
      87.66930277046839,
      41.77433137815999,
      49.90923274527086,
      95.09883761601036,
      1.4288443523641758,
      78.90113355452219,
      36.287596862821104,
      90.2688088081481,
      25.832558050852015,
      85.67378324784607,
      60.02894548795412,
      52.930926574771306,
      74.85753647109031,
      19.865594788889663,
      67.23715643097758,
      62.82363608466827,
      89.89420573354364
    ],
    [
      29.40091974600178,
      50.453174381246654,
      32.5723730407066,
      7.050213129407325,
      51.113038534204186,
      50.889951577904206,
      5.086175565144207,
      38.484736181395,
      27.888148572883217,
      96.86717817470604,
      50.962806141938565,
      4.254431835679255,
      62.743818544361886,
      47.467507413744066,
      7.3027070996214345,
      19.576283539684354,
      36.415549160875955,
      55.4844981918594,
      77.16273704853323,
