{
  "graph_edges": [
    [
      0,
      1
    ],
    [
      1,
      2
    ],
    [
      2,
      3
    ],
    [
      3,
      4
    ],
    [
      4,
      5
    ],
    [
      5,
      6
    ],
    [
      6,
      7
    ],
    [
      7,
      8
    ],
    [
      8,
      9
    ],
    [
      9,
      10
    ],
    [
      10,
      11
    ],
    [
      11,
      12
    ],
    [
      12,
      13
    ],
    [
      13,
      14
    ]
  ],
  "graph_nodes": [
    0,
    1,
    2,
    3,
    4,
    5,
    6,
    7,
    8,
    9,
    10,
    11,
    12,
    13,
    14
  ],
  "cost_matrix": [
    [
      78.59940272976931,
      63.848536899220285,
      25.65526606005914,
      76.04951060033196,
      31.994616627536303,
      93.78649839135136,
      5.243679386874128,
      44.64585313955064,
      91.35950670358457,
      46.045387973751104
    ],
    [
      51.28549972967537,
      9.405887524675315,
      43.20862931548823,
      74.82597900969334,
      86.84105816546823,
      33.04291686316639,
      11.303365334015538,
      80.40869663849126,
      40.08836296883166,
      63.149040735184784
    ],
    [
      4.562865816370371,
      30.690877152132007,
      5.71766874079929,
      37.84889670280639,
      26.979104446391514,
      99.06209443485592,
      40.119389462202975,
      31.446386997307563,
      22.88901249842274,
      49.90847747365235
    ],
    [
      6.729643772671183,
      29.68030403205765,
      24.26008867190248,
      96.37961108040925,
      61.95171343467248,
      86.39581296090213,
      9.918440363804262,
      15.749901256410602,
      67.584921404843,
      97.92020055643096
    ],
    [
      3.2991270067111795,
      90.86385342640109,
      6.747080305409028,
      75.81087799391092,
      7.395684930892742,
      26.317608957026888,
      17.79116868217369,
      20.317602377742237,
      11.549128257940161,
      52.558170438497186
    ],
    [
      1.6183813571990255,
      79.2699045477184,
      14.73238147729897,
      11.607374319701309,
      43.53051519664987,
      22.678314860159276,
      83.74932117724133,
      1.5815972849736974,
      15.68396661919557,
      70.1360404114454
    ],
    [
      15.613380569941095,
      87.2076690844593,
      51.884635470616736,
      43.05522536666325,
      2.8778694491009835,
      49.93826668857091,
      94.71578875690925,
      35.234539340125295,
      41.32556040185174,
      83.06371664968096
    ],
    [
      71.6875242701519,
      49.17060535891584,
      24.04169572094493,
      67.52765241150951,
      58.2868135628006,
      45.39018367233168,
      58.07478250411134,
      31.798623960670906,
      65.55506478933326,
      10.00410954357306
    ],
    [
      37.357906098390686,
      57.6449474766776,
      81.26062196147483,
      47.19175467241929,
      62.804866622101294,
      56.20909508197696,
      33.89329519633607,
      14.584289431664217,
      90.51006077476869,
      23.648192644165057
    ],
    [
      22.02716835513303,
      18.600594152533763,
      65.87082537862784,
      6.0528955287727175,
      10.056474266494785,
      70.48370712080548,
      72.77846219333613,
      52.05292014508379,
      66.24779004578794,
      31.740036007147808
    ],
    [
      8.799160973940849,
      71.76877715625425,
      72.62641775713857,
      3.295880096259797,
      13.171067075863558,
      45.43492067554058,
      32.570353785567875,
      49.15620010217681,
      1.753515603466681,
      42.493095785734866
    ],
    [
      43.577731688100656,
      78.97107076323503,
      24.745336486068986,
      21.487828884480955,
      9.268114627349592,
      2.300023024897798,
      66.7987198935183,
      34.29588086574127,
      94.32773217509313,
      59.91431102565749
    ],
    [
      35.83130165136394,
      78.58843679313077,
      84.93271480573358,
      13.483086986847443,
      84.90761869135837,
      18.357267520382734,
      97.89521450507863,
      15.23563878217754,
      12.109638752187061,
      57.779287971814156
    ],
    [
      99.80348053704091,
      1.1244983515829854,
      8.813221766441382,
      1.2671122636390186,
      8.03168466586256,
      34.54077495885706,
      32.382405307995896,
      53.19996639012247,
      30.863049939932214,
      71.27640252219794
    ],
    [
      24.82112754671008,
      15.97741516642219,
      99.86131906484393,
      87.79938501343692,
      8.61200059521671,
      29.164624252896655,
      12.508567056747445,
      82.29693701455287,
      11.298809690301626,
      13.790274927242965
    ]
  ],
  "n_vertices": 15,
  "n_edges": 14,
  "n_colors": 10,
  "metadata": {
    "instance_type": "path",
    "n_vertices": 15,
    "n_colors": 10,
    "cost_pattern": "uniform",
    "seed": 46,
    "density": 0.13333333333333333,
    "is_feasible": true,
    "known_optimal_cost": 93.43043766387117,
    "chromatic_number": 2
  }
}