{
  "graph_edges": [
    [
      0,
      1
    ],
    [
      1,
      2
    ],
    [
      2,
      3
    ],
    [
      3,
      4
    ],
    [
      4,
      5
    ],
    [
      5,
      6
    ],
    [
      6,
      7
    ],
    [
      7,
      8
    ],
    [
      8,
      9
    ],
    [
      9,
      10
    ],
    [
      10,
      11
    ],
    [
      11,
      12
    ],
    [
      12,
      13
    ],
    [
      13,
      14
    ],
    [
      14,
      15
    ],
    [
      15,
      16
    ],
    [
      16,
      17
    ],
    [
      17,
      18
    ],
    [
      18,
      19
    ]
  ],
  "graph_nodes": [
    0,
    1,
    2,
    3,
    4,
    5,
    6,
    7,
    8,
    9,
    10,
    11,
    12,
    13,
    14,
    15,
    16,
    17,
    18,
    19
  ],
  "cost_matrix": [
    [
      49.965562908264125,
      23.580227340484285,
      26.291918451963923,
      40.236661062554916,
      38.35419467142128,
      99.66084878531028,
      41.411522832986506,
      77.41750548913164,
      76.29313211287955,
      31.69092551984787,
      35.30757925170703,
      35.82471693215968,
      15.401218793119343,
      97.29380378702757,
      91.00866536125652,
      56.43575326849038,
      32.04548390317375,
      88.93180371486493,
      67.78273351640414,
      39.717657316217604
    ],
    [
      51.211228267384676,
      52.88624676374729,
      92.87209185383868,
      57.56593383485373,
      67.16541930889133,
      6.173610419544418,
      33.378673102238444,
      6.58376227797785,
      18.802941712314954,
      92.66738407760322,
      93.8635070712968,
      71.69517803597527,
      73.53607328174515,
      46.71301995017878,
      93.20159749298887,
      41.23560409073994,
      68.63737128220717,
      65.34167094081715,
      60.27775268761543,
      22.981899815887907
    ],
    [
      68.5533597445015,
      87.92757395763226,
      79.87500906482578,
      43.768222532010014,
      91.8699436966806,
      78.40153409494884,
      72.8492775565779,
      13.360614655469684,
      91.71453648593823,
      39.38338837929932,
      30.198025007175804,
      62.05641005752891,
      47.31677666914716,
      26.27855252011177,
      84.06059298171361,
      18.683301033608164,
      23.48430289899222,
      66.32776815739635,
      48.43250825925234,
      8.271286891432586
    ],
    [
      14.757047055691672,
      12.118411180206676,
      48.30071157641957,
      54.489326697771766,
      95.84903386125292,
      58.79543883092279,
      53.13974501740592,
      92.30400619562083,
      92.00644462832716,
      25.948877611061025,
      68.58062846089923,
      96.46333574157185,
      23.469203055449743,
      71.88570265499155,
      79.97825064168403,
      93.73836876512337,
      85.51852708275582,
      42.7330348635207,
      1.53854701722125,
      4.451667549359295
    ],
    [
      2.3766312026368,
      59.302083115782494,
      38.916316531077875,
      12.367076016984244,
      86.58094687991812,
      82.34404609869402,
      74.01167680591264,
      84.19407284445049,
      40.75138124329647,
      75.11338012615118,
      56.4033150757332,
      61.71051982312217,
      30.51206349390972,
      60.635538174997535,
      43.14200712136014,
      54.31589409865835,
      49.186255857936594,
      50.48927217040499,
      91.82848877294639,
      27.024825151523924
    ],
    [
      5.920070929264174,
      46.80651091390092,
      41.41368324484494,
      49.21730458609929,
      7.981062059125275,
      58.62875250539292,
      98.71515803722176,
      21.699757143766945,
      22.025235694354656,
      96.15236990119988,
      70.98845343699978,
      59.70385310246058,
      38.7043882996922,
      64.23530914376926,
      50.74042834270656,
      9.889514394929165,
      30.420292026068168,
      82.98627918193048,
      18.370140603338257,
      90.5444562664046
    ],
    [
      59.24316808266792,
      2.63691122241571,
      37.63219550131784,
      5.170820790386982,
      13.600774533787643,
      18.747554367768142,
      17.479399931766217,
      88.48516116380112,
      90.68925271256587,
      24.30469687781238,
      41.31873251926646,
      47.6448555821422,
      83.19316775538319,
      29.908754584797805,
      18.209024648144894,
      46.356167737602206,
      90.34048714264617,
      59.89875554867558,
      41.84871999880538,
      41.15944277100482
    ],
    [
      31.53993241886397,
      32.469994359438275,
      42.093515575058156,
      64.17853989272159,
      79.73168221144975,
      4.66630789966001,
      73.71956865510101,
      77.48451541423695,
      25.1980281706152,
      98.52260908546762,
      67.82557861765916,
      89.3837088779393,
      25.06241535010586,
      6.117891851460865,
      71.26456328581376,
      95.7691669348376,
      3.26068654364708,
      91.40110984167337,
      73.09909751788642,
      95.58512665405857
    ],
    [
      28.040409388220183,
      17.88875770837831,
      32.9375007641497,
      28.44660761800873,
      49.5696428495651,
      13.940858887011293,
      74.08018991424613,
      14.89203377281897,
      57.49442007231439,
      53.800455387886316,
      24.118780533186413,
      48.212510459704994,
      47.00947488836951,
      80.79707862107124,
      2.83992602409292,
      71.5688418774186,
      25.848342856008106,
      66.39212955967795,
      64.00814988790074,
      6.641778829730646
    ],
    [
      72.17204534234793,
      34.65241980075475,
      55.41464396740485,
      74.68767296323945,
      18.67276111793508,
      25.8197062185899,
      14.254090680136306,
      15.926633906746947,
      93.96400373698087,
      97.1738357807115,
      15.113102287491149,
      20.390636194476972,
      10.93938600917663,
      9.099434525674996,
      77.06919155187497,
      21.825317711502382,
      46.755468275303386,
      9.31699357597335,
      33.81872608606579,
      98.84425427853046
    ],
    [
      90.12693234587458,
      86.66753184858685,
      39.04208593613952,
      70.3578843836868,
      4.675840807893513,
      50.63129569837036,
      12.275415603434682,
      73.63529296245063,
      44.245259469883045,
      33.37165247691228,
      75.39865915288571,
      27.048746060718234,
      49.02631878308355,
      1.6495014117948186,
      1.5218438472248301,
      57.19822279741521,
      35.94433595271328,
      38.131595300247305,
      37.14460896662209,
      31.59386882285688
    ],
    [
      17.918833976738345,
      97.9333614160366,
      77.73185764552142,
      97.24338104714944,
      53.02082493687776,
      24.60697720727741,
      49.02871867280552,
      59.3350445375516,
      50.54777287948923,
      43.537802831351804,
      25.834054789196582,
      6.685528442042701,
      64.69371508380092,
      25.898018448964297,
      19.959299384953148,
      51.55904009923064,
      38.6918533103253,
      91.77481057884587,
      6.170275315371781,
      38.37643133074182
    ],
    [
      50.27442087013923,
      58.354698919918334,
      80.94717601986271,
      89.35780165252731,
      47.742550487582065,
      10.77008805340488,
      73.01707618630994,
      49.41539370299775,
      70.5427016287296,
      36.377631795387785,
      20.182555750895304,
      34.414045200085475,
      55.10458717490372,
      95.93263838410635,
      91.68036605073809,
      70.9621549686441,
      86.70817887094593,
      23.590097889134682,
      80.36680179974745,
      74.17388092331578
    ],
    [
      20.273102558710548,
      15.587215356132814,
      37.36110854775519,
      35.69146737274078,
      11.972249069107178,
      17.832893241472195,
      66.13324126607888,
      94.70581256338886,
      26.29158514494695,
      11.831517092149406,
      78.72216954145475,
      49.393510117723935,
      61.59005352735556,
      89.9265668303828,
      39.725652335039435,
      11.709241377465505,
      32.35142109061083,
      3.004833609883132,
      59.72893325927853,
