{
  "graph_edges": [
    [
      0,
      2
    ],
    [
      0,
      3
    ],
    [
      0,
      4
    ],
    [
      0,
      6
    ],
    [
      0,
      7
    ],
    [
      1,
      2
    ],
    [
      1,
      3
    ],
    [
      1,
      7
    ],
    [
      1,
      8
    ],
    [
      1,
      10
    ],
    [
      2,
      4
    ],
    [
      2,
      6
    ],
    [
      2,
      8
    ],
    [
      2,
      11
    ],
    [
      3,
      4
    ],
    [
      3,
      8
    ],
    [
      3,
      9
    ],
    [
      3,
      10
    ],
    [
      4,
      6
    ],
    [
      4,
      9
    ],
    [
      4,
      10
    ],
    [
      5,
      6
    ],
    [
      5,
      9
    ],
    [
      5,
      11
    ],
    [
      6,
      7
    ],
    [
      6,
      10
    ],
    [
      6,
      11
    ],
    [
      7,
      8
    ],
    [
      7,
      9
    ],
    [
      7,
      11
    ],
    [
      8,
      9
    ],
    [
      8,
      11
    ],
    [
      9,
      10
    ],
    [
      10,
      11
    ]
  ],
  "graph_nodes": [
    0,
    1,
    2,
    3,
    4,
    5,
    6,
    7,
    8,
    9,
    10,
    11
  ],
  "cost_matrix": [
    [
      34.55991728666097,
      35.580107103532974,
      69.59365971942024,
      14.512695459150766
    ],
    [
      11.351610853151637,
      95.75154442570049,
      54.169569399041755,
      54.16501359560345
    ],
    [
      90.34289377929694,
      33.34525497473436,
      2.03431963997307,
      45.62570726320152
    ],
    [
      23.290353387627775,
      56.38425433440166,
      22.495820613699042,
      2.397333254367007
    ],
    [
      15.789268491101206,
      41.97776950630407,
      56.99362119601914,
      77.90339767436114
    ],
    [
      43.215862120322356,
      3.8376032754187457,
      59.22718206016202,
      70.20194745011311
    ],
    [
      34.86453652333771,
      53.50672950653346,
      21.594297116808058,
      70.97409405772956
    ],
    [
      81.26159565373904,
      74.76574916523154,
      4.098474920203985,
      70.84950379189324
    ],
    [
      92.84222336682333,
      32.891057533312534,
      17.573409235939565,
      51.99853679850362
    ],
    [
      82.98992906803234,
      21.791230473263195,
      47.24359821757802,
      47.11500307261725
    ],
    [
      50.9815876021654,
      96.91626516965994,
      77.86866126234105,
      31.97335061780453
    ],
    [
      59.72982573248335,
      29.1437962726993,
      3.9664930759422523,
      44.573450451452004
    ]
  ],
  "n_vertices": 12,
  "n_edges": 34,
  "n_colors": 4,
  "metadata": {
    "instance_type": "random",
    "n_vertices": 12,
    "n_colors": 4,
    "density": 0.533795999893732,
    "cost_pattern": "random",
    "seed": 10080,
    "is_feasible": true,
    "known_optimal_cost": 348.50904516602986,
    "chromatic_number": 4
  }
}