{
  "graph_edges": [
    [
      0,
      2
    ],
    [
      0,
      4
    ],
    [
      0,
      5
    ],
    [
      1,
      3
    ],
    [
      1,
      6
    ],
    [
      2,
      3
    ],
    [
      2,
      7
    ],
    [
      3,
      6
    ],
    [
      4,
      7
    ],
    [
      5,
      6
    ],
    [
      5,
      7
    ],
    [
      6,
      7
    ]
  ],
  "graph_nodes": [
    0,
    1,
    2,
    3,
    4,
    5,
    6,
    7
  ],
  "cost_matrix": [
    [
      48.498797528631904,
      19.346867166380246,
      65.43295813599549,
      1.4271728038039317,
      82.68873670226131
    ],
    [
      81.2699789722315,
      67.75893401161623,
      35.628997165436616,
      80.21584331963676,
      52.09170178526152
    ],
    [
      92.86845812372532,
      46.222263359105334,
      62.595961666713315,
      40.609176800387374,
      24.71496408430171
    ],
    [
      54.22384403753673,
      42.876458881351276,
      35.92962820057416,
      4.029742656722686,
      77.92010332993814
    ],
    [
      51.05193928295482,
      27.426496145076047,
      74.67491168745661,
      61.67863213964209,
      91.96972889013452
    ],
    [
      9.067784840308935,
      99.86510617226679,
      64.56944389091298,
      82.21022890103045,
      7.61673601639294
    ],
    [
      88.73350750472164,
      59.34069038380668,
      45.37545121418522,
      22.299786308614998,
      34.79370528907879
    ],
    [
      75.83623133337113,
      48.80395311363648,
      17.15272118613551,
      48.06575325723723,
      66.85822505092122
    ]
  ],
  "n_vertices": 8,
  "n_edges": 12,
  "n_colors": 5,
  "metadata": {
    "instance_type": "random",
    "n_vertices": 8,
    "n_colors": 5,
    "density": 0.3824030048699377,
    "cost_pattern": "random",
    "seed": 10065,
    "is_feasible": true,
    "known_optimal_cost": 154.2415841708642,
    "chromatic_number": 3
  }
}