{
  "graph_edges": [
    [
      0,
      1
    ],
    [
      0,
      6
    ],
    [
      3,
      7
    ],
    [
      5,
      6
    ]
  ],
  "graph_nodes": [
    0,
    1,
    2,
    3,
    4,
    5,
    6,
    7
  ],
  "cost_matrix": [
    [
      87.23902944318412,
      75.68766700427994,
      42.53428574597416
    ],
    [
      99.02026495453175,
      63.7044674451239,
      20.27171863231493
    ],
    [
      59.150508174585305,
      8.405783821109923,
      33.55038262381641
    ],
    [
      79.33401199008496,
      39.49574182029954,
      53.83143894826791
    ],
    [
      31.910341604874734,
      18.080333588014547,
      46.943926126541676
    ],
    [
      2.2083754668332887,
      30.81962773091288,
      18.816797242968136
    ],
    [
      81.46083878499773,
      85.00699820884955,
      94.50579638396798
    ],
    [
      30.945361721537946,
      86.37459173082179,
      1.6241412310634973
    ]
  ],
  "n_vertices": 8,
  "n_edges": 4,
  "n_colors": 3,
  "metadata": {
    "instance_type": "random",
    "n_vertices": 8,
    "n_colors": 3,
    "density": 0.10282207533030717,
    "cost_pattern": "random",
    "seed": 10049,
    "is_feasible": true,
    "known_optimal_cost": 260.27955794788363,
    "chromatic_number": 2
  }
}