{
  "graph_edges": [
    [
      0,
      1
    ],
    [
      0,
      8
    ],
    [
      0,
      10
    ],
    [
      0,
      15
    ],
    [
      1,
      4
    ],
    [
      2,
      3
    ],
    [
      2,
      5
    ],
    [
      2,
      8
    ],
    [
      2,
      14
    ],
    [
      2,
      15
    ],
    [
      3,
      6
    ],
    [
      3,
      7
    ],
    [
      4,
      6
    ],
    [
      4,
      7
    ],
    [
      5,
      7
    ],
    [
      6,
      13
    ],
    [
      7,
      8
    ],
    [
      7,
      9
    ],
    [
      7,
      12
    ],
    [
      7,
      14
    ],
    [
      9,
      11
    ],
    [
      9,
      12
    ],
    [
      10,
      12
    ],
    [
      10,
      13
    ],
    [
      11,
      13
    ],
    [
      13,
      14
    ]
  ],
  "graph_nodes": [
    0,
    1,
    2,
    3,
    4,
    5,
    6,
    7,
    8,
    9,
    10,
    11,
    12,
    13,
    14,
    15
  ],
  "cost_matrix": [
    [
      92.49581212394186,
      95.81848478489594,
      84.5556869059859,
      72.31061178915559
    ],
    [
      95.7568630242382,
      59.01371782208312,
      68.7026336592162,
      72.94476558439304
    ],
    [
      70.5812555530809,
      47.28992971900253,
      9.761547276173548,
      55.278906912276405
    ],
    [
      73.10806354852909,
      36.511458527007385,
      36.35588105678088,
      25.92944105744314
    ],
    [
      30.090869035162857,
      1.4631619189783929,
      86.62790457352183,
      16.79229208512098
    ],
    [
      79.08783055337686,
      5.899602912717416,
      91.08041331862012,
      51.146324335735876
    ],
    [
      57.609592415687445,
      39.99020144046752,
      58.83510989487461,
      63.97551369710319
    ],
    [
      40.8087426556839,
      44.19442591471479,
      54.909373322115286,
      4.660609485335152
    ],
    [
      50.39276291752486,
      58.9573368347212,
      7.398644481538718,
      79.77636066114131
    ],
    [
      48.48872943584618,
      79.56956695557054,
      62.12916541114483,
      5.64154187956703
    ],
    [
      49.550994016053316,
      46.936569532558146,
      99.06054511544554,
      73.81486632590513
    ],
    [
      24.35140979782595,
      10.138858080197911,
      15.839004883065588,
      50.73871518566815
    ],
    [
      23.395908827532136,
      31.48800540130097,
      2.356940368515384,
      69.45406954748569
    ],
    [
      73.7832206119217,
      70.464506577444,
      84.26148188283346,
      12.583594613545884
    ],
    [
      4.733981588972828,
      19.486338175637492,
      12.897846397650072,
      6.887248597442414
    ],
    [
      48.77733117468335,
      69.73259635145618,
      53.658922574276545,
      92.38982622510096
    ]
  ],
  "n_vertices": 16,
  "n_edges": 26,
  "n_colors": 4,
  "metadata": {
    "instance_type": "random",
    "n_vertices": 16,
    "n_colors": 4,
    "density": 0.18601456887641624,
    "cost_pattern": "random",
    "seed": 10107,
    "is_feasible": true,
    "known_optimal_cost": 473.1812832025423,
    "chromatic_number": 3
  }
}