{
  "graph_edges": [
    [
      0,
      1
    ],
    [
      0,
      5
    ],
    [
      0,
      8
    ],
    [
      1,
      3
    ],
    [
      1,
      5
    ],
    [
      2,
      6
    ],
    [
      2,
      8
    ],
    [
      2,
      11
    ],
    [
      3,
      4
    ],
    [
      3,
      8
    ],
    [
      3,
      9
    ],
    [
      3,
      10
    ],
    [
      3,
      11
    ],
    [
      4,
      6
    ],
    [
      4,
      7
    ],
    [
      4,
      9
    ],
    [
      4,
      11
    ],
    [
      5,
      7
    ],
    [
      5,
      10
    ],
    [
      6,
      9
    ],
    [
      6,
      11
    ],
    [
      7,
      10
    ],
    [
      7,
      11
    ],
    [
      10,
      11
    ]
  ],
  "graph_nodes": [
    0,
    1,
    2,
    3,
    4,
    5,
    6,
    7,
    8,
    9,
    10,
    11
  ],
  "cost_matrix": [
    [
      58.820346940683734,
      11.197098612500513,
      55.648576202323106,
      68.74738589096293
    ],
    [
      90.79250790178155,
      84.66218022616235,
      51.25913213901447,
      15.657798704476907
    ],
    [
      89.88771911713114,
      30.308949760170968,
      35.2314105154841,
      2.652641533382311
    ],
    [
      27.65326927430656,
      43.50741111868682,
      27.491448250652553,
      54.38789063330567
    ],
    [
      56.01382915958695,
      47.708190330955674,
      67.5101979104719,
      25.74900775035878
    ],
    [
      44.53931987343003,
      93.16453953502013,
      20.868986862962636,
      85.44170039540796
    ],
    [
      16.179520863657736,
      59.63683565238443,
      39.840026632689025,
      18.780112788668227
    ],
    [
      32.64076222834759,
      73.38111434993378,
      67.69147404860504,
      1.6340820172625543
    ],
    [
      20.453063408188324,
      56.085305636732386,
      79.29252759396944,
      95.47320993599209
    ],
    [
      20.46641659520953,
      99.53267926731195,
      15.445876741465842,
      42.04032509387636
    ],
    [
      20.359833848129675,
      57.984936696475714,
      71.59230147587046,
      92.69173793579199
    ],
    [
      39.59543010035104,
      35.189310620887696,
      89.54276545408837,
      27.99796235980164
    ]
  ],
  "n_vertices": 12,
  "n_edges": 24,
  "n_colors": 4,
  "metadata": {
    "instance_type": "random",
    "n_vertices": 12,
    "n_colors": 4,
    "density": 0.4602676792340511,
    "cost_pattern": "random",
    "seed": 10077,
    "is_feasible": true,
    "known_optimal_cost": 293.39844474459545,
    "chromatic_number": 4
  }
}