{
  "graph_edges": [
    [
      0,
      1
    ],
    [
      0,
      2
    ],
    [
      0,
      5
    ],
    [
      0,
      7
    ],
    [
      1,
      2
    ],
    [
      1,
      3
    ],
    [
      1,
      4
    ],
    [
      1,
      5
    ],
    [
      1,
      6
    ],
    [
      2,
      3
    ],
    [
      2,
      4
    ],
    [
      2,
      5
    ],
    [
      2,
      6
    ],
    [
      2,
      7
    ],
    [
      3,
      5
    ],
    [
      3,
      6
    ],
    [
      3,
      7
    ],
    [
      4,
      5
    ],
    [
      4,
      6
    ],
    [
      4,
      7
    ],
    [
      5,
      7
    ],
    [
      6,
      7
    ]
  ],
  "graph_nodes": [
    0,
    1,
    2,
    3,
    4,
    5,
    6,
    7
  ],
  "cost_matrix": [
    [
      27.17514782643476,
      43.4148910583747,
      13.7363993652011,
      98.66770128824729
    ],
    [
      81.5245837575378,
      63.153385034471725,
      91.87357917688843,
      62.52457308297863
    ],
    [
      82.67011083490306,
      25.049298767397783,
      77.17112691811082,
      73.77209752999167
    ],
    [
      27.96450215442437,
      29.409396394719174,
      23.363926474352063,
      19.372664959695125
    ],
    [
      32.26494714994769,
      24.28902275298499,
      1.7402765693746098,
      75.59390735124806
    ],
    [
      33.592770474513934,
      90.32855104553033,
      28.271969951790563,
      74.29014278076683
    ],
    [
      30.58783617886516,
      69.81159865234471,
      80.7540950801225,
      53.12613001614812
    ],
    [
      55.07848366493121,
      11.807982770097055,
      77.83577320037632,
      10.127597129773184
    ]
  ],
  "n_vertices": 8,
  "n_edges": 22,
  "n_colors": 4,
  "metadata": {
    "instance_type": "random",
    "n_vertices": 8,
    "n_colors": 4,
    "density": 0.7219746385798157,
    "cost_pattern": "random",
    "seed": 10057,
    "is_feasible": true,
    "known_optimal_cost": 200.72267804245647,
    "chromatic_number": 4
  }
}