{
  "graph_edges": [
    [
      0,
      3
    ],
    [
      0,
      5
    ],
    [
      0,
      7
    ],
    [
      0,
      8
    ],
    [
      1,
      4
    ],
    [
      1,
      7
    ],
    [
      1,
      10
    ],
    [
      2,
      5
    ],
    [
      2,
      9
    ],
    [
      3,
      6
    ],
    [
      3,
      8
    ],
    [
      3,
      9
    ],
    [
      4,
      11
    ],
    [
      5,
      8
    ],
    [
      5,
      10
    ],
    [
      5,
      11
    ],
    [
      6,
      10
    ],
    [
      10,
      11
    ]
  ],
  "graph_nodes": [
    0,
    1,
    2,
    3,
    4,
    5,
    6,
    7,
    8,
    9,
    10,
    11
  ],
  "cost_matrix": [
    [
      79.6139695095027,
      95.50772891328045,
      93.90677396340057
    ],
    [
      90.55908560633785,
      61.258257268231844,
      47.09317815424411
    ],
    [
      26.984402168009982,
      6.4144440370801865,
      26.978426856992492
    ],
    [
      4.154389911337481,
      14.028042717786425,
      45.318769102933565
    ],
    [
      46.50887815349071,
      77.49289598034031,
      65.05588209055982
    ],
    [
      81.43228680463446,
      34.224553746462725,
      73.4679184707706
    ],
    [
      38.576601565102834,
      25.48501013926319,
      22.505525920381118
    ],
    [
      37.030132342209185,
      91.66911737012354,
      67.25272424536841
    ],
    [
      59.34288872858515,
      71.09174360924975,
      94.90389279874219
    ],
    [
      72.74654990439049,
      84.25237500788106,
      19.154666179519474
    ],
    [
      60.73195756199,
      42.471016670776045,
      25.010129423490717
    ],
    [
      89.20598389553534,
      90.46197248255672,
      17.213178981452085
    ]
  ],
  "n_vertices": 12,
  "n_edges": 18,
  "n_colors": 3,
  "metadata": {
    "instance_type": "random",
    "n_vertices": 12,
    "n_colors": 3,
    "density": 0.31671383112884827,
    "cost_pattern": "random",
    "seed": 10070,
    "is_feasible": true,
    "known_optimal_cost": 478.7241786175315,
    "chromatic_number": 3
  }
}