{
  "graph_edges": [
    [
      0,
      6
    ],
    [
      0,
      9
    ],
    [
      1,
      9
    ],
    [
      2,
      10
    ],
    [
      3,
      4
    ],
    [
      3,
      6
    ],
    [
      3,
      11
    ],
    [
      4,
      5
    ],
    [
      5,
      9
    ],
    [
      5,
      10
    ],
    [
      6,
      8
    ],
    [
      9,
      11
    ]
  ],
  "graph_nodes": [
    0,
    1,
    2,
    3,
    4,
    5,
    6,
    7,
    8,
    9,
    10,
    11
  ],
  "cost_matrix": [
    [
      86.86159890716704,
      1.4149287492281104,
      61.94054220938569,
      63.19811864544607
    ],
    [
      37.87183879272519,
      14.054185623968086,
      76.75046034974507,
      3.4050385120973794
    ],
    [
      34.5066227624941,
      86.45545263725214,
      27.658193617972337,
      12.744114510786389
    ],
    [
      77.10527480224229,
      17.77406677256547,
      3.6865135590994402,
      77.19333421314964
    ],
    [
      51.24122060150221,
      79.18143861641876,
      85.49620303438581,
      10.29194412964967
    ],
    [
      29.19450535156646,
      1.6014876577922608,
      35.845859474083355,
      54.65224331557925
    ],
    [
      78.6364698554393,
      74.2992215985818,
      95.60838893505668,
      90.45311772980139
    ],
    [
      90.06905856510235,
      79.55947292055929,
      48.22700507323635,
      64.66668117903149
    ],
    [
      80.9886989906526,
      63.17744793286863,
      94.2420358017231,
      5.3016591161808995
    ],
    [
      22.436777136773276,
      3.2619671922143105,
      36.77452896300136,
      22.666867691585697
    ],
    [
      43.569115131709424,
      15.916987967086381,
      4.372674293813781,
      14.390852343979647
    ],
    [
      85.84126653446894,
      36.48836250157753,
      52.73196724649702,
      73.3840824093722
    ]
  ],
  "n_vertices": 12,
  "n_edges": 12,
  "n_colors": 4,
  "metadata": {
    "instance_type": "random",
    "n_vertices": 12,
    "n_colors": 4,
    "density": 0.208119085941453,
    "cost_pattern": "random",
    "seed": 10078,
    "is_feasible": true,
    "known_optimal_cost": 228.6069750956744,
    "chromatic_number": 3
  }
}