{
  "graph_edges": [
    [
      0,
      13
    ],
    [
      1,
      10
    ],
    [
      1,
      13
    ],
    [
      2,
      4
    ],
    [
      3,
      4
    ],
    [
      3,
      5
    ],
    [
      3,
      12
    ],
    [
      5,
      10
    ],
    [
      5,
      12
    ],
    [
      6,
      7
    ],
    [
      8,
      11
    ],
    [
      12,
      15
    ]
  ],
  "graph_nodes": [
    0,
    1,
    2,
    3,
    4,
    5,
    6,
    7,
    8,
    9,
    10,
    11,
    12,
    13,
    14,
    15
  ],
  "cost_matrix": [
    [
      91.90583288923072,
      1.0702758916755681,
      28.11769840395102,
      86.34270366484408,
      64.86825264602618
    ],
    [
      43.48540714034114,
      70.60390737098346,
      6.538141484258443,
      78.01894873475817,
      76.05786513303887
    ],
    [
      50.666593620186354,
      61.998194297640225,
      63.390906929604085,
      73.75917100078313,
      1.9942777496411166
    ],
    [
      20.829515639161322,
      31.06022291919144,
      33.827879121947625,
      3.1041581377423135,
      25.543589375752166
    ],
    [
      77.02139752049881,
      3.9751543261515194,
      33.49580275085627,
      22.559254960099725,
      93.42131026345234
    ],
    [
      69.55992826893936,
      84.77585405787045,
      77.43463639374332,
      56.026392260850635,
      21.426666003660532
    ],
    [
      69.46898104359474,
      2.572607808936644,
      57.153086711340485,
      42.17576793596236,
      45.05381814551771
    ],
    [
      51.6055937188063,
      67.22092694810625,
      15.269001118331776,
      23.806716524155213,
      72.79624402762285
    ],
    [
      11.958446908517077,
      40.22710089498343,
      81.33319355402526,
      32.8010846085834,
      39.34528458509918
    ],
    [
      18.143083413073665,
      38.21244223232276,
      37.74274671008625,
      80.72135211723213,
      22.82941152758069
    ],
    [
      7.135326513968604,
      66.18096209118052,
      18.09338720864038,
      36.97768889254001,
      22.505445552894972
    ],
    [
      13.72058257366029,
      63.229529194302614,
      59.46300361068467,
      56.86188870062627,
      10.41626900709372
    ],
    [
      18.374964450784187,
      74.47274886304119,
      24.937502059278977,
      78.92319661636837,
      1.8941950187960943
    ],
    [
      20.105540304928393,
      44.96146491714584,
      91.65441969782019,
      93.30054087486185,
      43.9926191849991
    ],
    [
      12.116114919118461,
      89.70497495732701,
      92.93134095527628,
      68.01465519910758,
      12.53396194197324
    ],
    [
      16.192519309509933,
      74.32863571513286,
      90.43010731602189,
      24.090061965107832,
      3.9614204753593802
    ]
  ],
  "n_vertices": 16,
  "n_edges": 12,
  "n_colors": 5,
  "metadata": {
    "instance_type": "random",
    "n_vertices": 16,
    "n_colors": 5,
    "density": 0.11536844962844893,
    "cost_pattern": "random",
    "seed": 10119,
    "is_feasible": true,
    "known_optimal_cost": 158.16144851324142,
    "chromatic_number": 3
  }
}