{
  "graph_edges": [
    [
      0,
      3
    ],
    [
      0,
      4
    ],
    [
      0,
      5
    ],
    [
      0,
      7
    ],
    [
      0,
      9
    ],
    [
      0,
      12
    ],
    [
      0,
      13
    ],
    [
      0,
      15
    ],
    [
      1,
      3
    ],
    [
      1,
      4
    ],
    [
      1,
      9
    ],
    [
      1,
      11
    ],
    [
      2,
      3
    ],
    [
      2,
      7
    ],
    [
      2,
      14
    ],
    [
      3,
      4
    ],
    [
      3,
      6
    ],
    [
      3,
      10
    ],
    [
      3,
      14
    ],
    [
      4,
      5
    ],
    [
      4,
      8
    ],
    [
      4,
      10
    ],
    [
      5,
      6
    ],
    [
      5,
      14
    ],
    [
      6,
      7
    ],
    [
      6,
      8
    ],
    [
      7,
      15
    ],
    [
      8,
      13
    ],
    [
      8,
      14
    ],
    [
      9,
      12
    ],
    [
      9,
      13
    ],
    [
      10,
      12
    ],
    [
      11,
      14
    ],
    [
      11,
      15
    ]
  ],
  "graph_nodes": [
    0,
    1,
    2,
    3,
    4,
    5,
    6,
    7,
    8,
    9,
    10,
    11,
    12,
    13,
    14,
    15
  ],
  "cost_matrix": [
    [
      18.80957949474384,
      13.658412208767365,
      91.77946088317418,
      95.3831472284424,
      28.095649648241903
    ],
    [
      99.90604066732276,
      27.282739996304002,
      90.97261750405582,
      61.612363909673405,
      38.63969232485011
    ],
    [
      48.981055097857386,
      47.855830140475355,
      82.47097859649894,
      39.65898987022529,
      59.32328300366672
    ],
    [
      14.939727967722614,
      73.69597020636407,
      80.35836917182692,
      62.95353771924618,
      6.456547479071212
    ],
    [
      60.09761523790239,
      53.49753685147145,
      58.4707554454603,
      80.78140771991481,
      27.32388193953974
    ],
    [
      27.447795512105603,
      77.23258655732833,
      53.97346969640728,
      42.15764951249032,
      5.751381640580472
    ],
    [
      63.809993950110176,
      98.02842342722816,
      27.493492616952423,
      13.311467366222448,
      88.60877511025915
    ],
    [
      87.4160447434028,
      51.74300682563682,
      50.45195173702114,
      87.73277074025192,
      16.709947396331167
    ],
    [
      90.73195485076205,
      56.75106264938382,
      16.356617409237494,
      15.917890914056688,
      67.43115478664016
    ],
    [
      46.93691103638474,
      52.00694453488309,
      42.97428015760966,
      25.743833719080545,
      89.8226925588524
    ],
    [
      91.85843137001034,
      47.544051027425304,
      62.15236485489471,
      37.7924156477262,
      56.09024061389017
    ],
    [
      90.11836211413691,
      34.06878028137804,
      2.1374750109928553,
      42.03838615263135,
      30.851485965301496
    ],
    [
      4.58520837847894,
      47.104771189118196,
      54.66072576463257,
      96.34970359592921,
      35.47671713904132
    ],
    [
      29.778155629320487,
      38.471252713441885,
      22.986615037916327,
      13.523393632979175,
      54.42845592009292
    ],
    [
      57.66598909524865,
      75.417569157941,
      84.03224277241394,
      35.30486401628894,
      87.1182644969107
    ],
    [
      26.51217714792484,
      54.42007032839384,
      76.13958641298264,
      95.46336288617414,
      56.75998771119894
    ]
  ],
  "n_vertices": 16,
  "n_edges": 34,
  "n_colors": 5,
  "metadata": {
    "instance_type": "random",
    "n_vertices": 16,
    "n_colors": 5,
    "density": 0.2715617751382363,
    "cost_pattern": "random",
    "seed": 10121,
    "is_feasible": true,
    "known_optimal_cost": 366.7405494865186,
    "chromatic_number": 3
  }
}