{
  "graph_edges": [
    [
      0,
      1
    ],
    [
      0,
      2
    ],
    [
      0,
      4
    ],
    [
      0,
      8
    ],
    [
      0,
      9
    ],
    [
      1,
      3
    ],
    [
      1,
      4
    ],
    [
      1,
      6
    ],
    [
      1,
      7
    ],
    [
      2,
      4
    ],
    [
      2,
      5
    ],
    [
      2,
      7
    ],
    [
      2,
      9
    ],
    [
      3,
      10
    ],
    [
      3,
      11
    ],
    [
      4,
      7
    ],
    [
      4,
      11
    ],
    [
      5,
      9
    ],
    [
      6,
      7
    ],
    [
      6,
      10
    ],
    [
      7,
      11
    ],
    [
      8,
      10
    ],
    [
      9,
      11
    ]
  ],
  "graph_nodes": [
    0,
    1,
    2,
    3,
    4,
    5,
    6,
    7,
    8,
    9,
    10,
    11
  ],
  "cost_matrix": [
    [
      25.57680463622921,
      75.83934644097702,
      92.52572445620727
    ],
    [
      94.93755099528664,
      41.802654753869724,
      12.288951263733388
    ],
    [
      11.522271440412922,
      52.31851504457661,
      57.504936050777154
    ],
    [
      73.11686896218922,
      72.94177006264086,
      60.113296780154926
    ],
    [
      13.875660375992107,
      96.22955233325114,
      72.64183789730947
    ],
    [
      43.94465168089633,
      12.9303568131717,
      7.849285888288049
    ],
    [
      50.53461733457308,
      12.790607401808847,
      20.410290938139532
    ],
    [
      30.969916318096537,
      5.024504463456989,
      97.99228490088144
    ],
    [
      57.132498689885765,
      77.78549469119031,
      5.8996115847861885
    ],
    [
      30.050890147226312,
      99.59900467205895,
      7.831570401253948
    ],
    [
      8.298248464756568,
      91.98496561840565,
      96.89946883938363
    ],
    [
      28.443743393056096,
      35.95394083019673,
      38.789808117827214
    ]
  ],
  "n_vertices": 12,
  "n_edges": 23,
  "n_colors": 3,
  "metadata": {
    "instance_type": "random",
    "n_vertices": 12,
    "n_colors": 3,
    "density": 0.3802419660569364,
    "cost_pattern": "random",
    "seed": 10068,
    "is_feasible": true,
    "known_optimal_cost": 403.89262961276205,
    "chromatic_number": 3
  }
}