{
  "graph_edges": [
    [
      0,
      8
    ],
    [
      0,
      9
    ],
    [
      0,
      13
    ],
    [
      1,
      8
    ],
    [
      1,
      9
    ],
    [
      1,
      10
    ],
    [
      2,
      8
    ],
    [
      2,
      14
    ],
    [
      3,
      7
    ],
    [
      5,
      11
    ],
    [
      11,
      13
    ]
  ],
  "graph_nodes": [
    0,
    1,
    2,
    3,
    4,
    5,
    6,
    7,
    8,
    9,
    10,
    11,
    12,
    13,
    14,
    15
  ],
  "cost_matrix": [
    [
      21.72401889910082,
      16.03728158481455,
      65.60556251969108,
      36.704352024105894,
      88.54213305526764
    ],
    [
      95.36757261950476,
      60.720997664881494,
      63.20823115679432,
      54.32748271806304,
      30.17409355760383
    ],
    [
      78.65903687238972,
      7.909197223630532,
      97.01233240321324,
      66.19482431413044,
      56.20262105017905
    ],
    [
      82.33661508668457,
      11.257238916236066,
      64.79284394344333,
      90.1794834076209,
      5.040553086187268
    ],
    [
      27.11827849419717,
      34.389313595145076,
      60.991229771703054,
      83.88842113315181,
      24.68634612277731
    ],
    [
      38.761447471513456,
      36.7350947513537,
      39.181870406016444,
      85.1729184733162,
      11.183708513776587
    ],
    [
      6.80582270597673,
      27.342564617990664,
      87.30724253062077,
      8.286836807673275,
      99.96525226203565
    ],
    [
      11.82304408244574,
      54.077721731440874,
      29.606140823454876,
      6.15478343452806,
      15.244454839838788
    ],
    [
      15.414376318926058,
      1.7286875165020152,
      42.74493506820298,
      2.497928243960553,
      7.41464098629755
    ],
    [
      2.332191312643948,
      73.98606711191988,
      56.03877801092066,
      56.46466741536446,
      89.01821624867203
    ],
    [
      20.317000125429413,
      54.84353291935208,
      18.853690221561944,
      23.124737260899032,
      31.33939971625388
    ],
    [
      25.985049391878647,
      37.181681861766315,
      26.690245546384393,
      83.43016450696238,
      68.06376425084049
    ],
    [
      23.58695301936018,
      23.139814893178734,
      50.36913350735993,
      9.183059576395227,
      99.36882091082269
    ],
    [
      27.766573710866314,
      9.599269019147718,
      93.18396292265119,
      5.138462797025226,
      66.03686660536034
    ],
    [
      68.33136033235671,
      90.43992795767832,
      99.36402330219616,
      6.745147265685562,
      60.70187583079999
    ],
    [
      51.231128525570085,
      9.89916738731257,
      4.397932250697993,
      73.77096386432908,
      82.56800645404836
    ]
  ],
  "n_vertices": 16,
  "n_edges": 11,
  "n_colors": 5,
  "metadata": {
    "instance_type": "random",
    "n_vertices": 16,
    "n_colors": 5,
    "density": 0.10814798307830031,
    "cost_pattern": "random",
    "seed": 10116,
    "is_feasible": true,
    "known_optimal_cost": 183.125247289144,
    "chromatic_number": 2
  }
}