{
  "graph_edges": [
    [
      0,
      4
    ],
    [
      0,
      8
    ],
    [
      0,
      11
    ],
    [
      0,
      12
    ],
    [
      0,
      13
    ],
    [
      0,
      14
    ],
    [
      1,
      6
    ],
    [
      1,
      7
    ],
    [
      1,
      9
    ],
    [
      2,
      4
    ],
    [
      2,
      6
    ],
    [
      2,
      10
    ],
    [
      2,
      11
    ],
    [
      2,
      14
    ],
    [
      3,
      8
    ],
    [
      3,
      10
    ],
    [
      4,
      5
    ],
    [
      4,
      7
    ],
    [
      4,
      8
    ],
    [
      4,
      9
    ],
    [
      4,
      10
    ],
    [
      4,
      15
    ],
    [
      5,
      9
    ],
    [
      5,
      11
    ],
    [
      5,
      12
    ],
    [
      5,
      13
    ],
    [
      6,
      10
    ],
    [
      6,
      11
    ],
    [
      7,
      9
    ],
    [
      7,
      12
    ],
    [
      7,
      14
    ],
    [
      8,
      13
    ],
    [
      9,
      14
    ],
    [
      10,
      12
    ],
    [
      10,
      13
    ],
    [
      10,
      15
    ],
    [
      11,
      13
    ],
    [
      11,
      14
    ],
    [
      12,
      14
    ]
  ],
  "graph_nodes": [
    0,
    1,
    2,
    3,
    4,
    5,
    6,
    7,
    8,
    9,
    10,
    11,
    12,
    13,
    14,
    15
  ],
  "cost_matrix": [
    [
      20.53353651050629,
      53.98721622264645,
      91.91157663876301,
      85.03589417458706
    ],
    [
      33.1776278903542,
      19.163876937375992,
      9.723072355133471,
      68.04351799139015
    ],
    [
      79.57189698829002,
      32.72569766849413,
      39.100259083980305,
      37.51668902932768
    ],
    [
      75.10634656966528,
      9.419700156757422,
      20.348120100863152,
      70.65479817500865
    ],
    [
      16.0520703008072,
      23.562416327891476,
      19.04546673475446,
      58.35939649805445
    ],
    [
      5.661875889263282,
      78.74024344177754,
      44.94506954161284,
      14.035576646930814
    ],
    [
      70.11340348859369,
      65.6604567258848,
      36.98541330077613,
      85.2664376749138
    ],
    [
      35.22852653159042,
      25.876767555333394,
      88.08306815528535,
      69.37233361888815
    ],
    [
      28.069554154865283,
      43.414317504588205,
      24.286462692400892,
      68.26989143254396
    ],
    [
      19.881756178314465,
      83.54357963178833,
      15.245452982066627,
      7.500562154130229
    ],
    [
      51.663625677264406,
      5.126860507699703,
      69.44285150641483,
      21.207656701385197
    ],
    [
      35.43518589316081,
      68.38079938728885,
      4.589206670130396,
      36.571547374452734
    ],
    [
      48.55585924313008,
      48.589728565529825,
      68.8515018272289,
      58.33663753472544
    ],
    [
      32.630546011001954,
      62.686221283839636,
      4.327729394524272,
      79.46183478552875
    ],
    [
      6.102648335780143,
      63.7124831911197,
      64.37498060347136,
      47.61914697167501
    ],
    [
      1.55883048505863,
      41.47889620585428,
      51.68656226057618,
      62.794606747982705
    ]
  ],
  "n_vertices": 16,
  "n_edges": 39,
  "n_colors": 4,
  "metadata": {
    "instance_type": "random",
    "n_vertices": 16,
    "n_colors": 4,
    "density": 0.33059489445776447,
    "cost_pattern": "random",
    "seed": 10113,
    "is_feasible": true,
    "known_optimal_cost": 391.0697958458049,
    "chromatic_number": 4
  }
}