{
  "graph_edges": [
    [
      0,
      1
    ],
    [
      0,
      2
    ],
    [
      0,
      6
    ],
    [
      0,
      10
    ],
    [
      1,
      5
    ],
    [
      1,
      6
    ],
    [
      1,
      9
    ],
    [
      1,
      10
    ],
    [
      2,
      6
    ],
    [
      2,
      7
    ],
    [
      2,
      8
    ],
    [
      2,
      9
    ],
    [
      3,
      8
    ],
    [
      3,
      9
    ],
    [
      4,
      11
    ],
    [
      5,
      9
    ],
    [
      5,
      11
    ],
    [
      6,
      10
    ],
    [
      8,
      9
    ],
    [
      9,
      11
    ]
  ],
  "graph_nodes": [
    0,
    1,
    2,
    3,
    4,
    5,
    6,
    7,
    8,
    9,
    10,
    11
  ],
  "cost_matrix": [
    [
      34.125091506407486,
      77.81601839527845,
      4.565300992475491,
      47.97359745435269
    ],
    [
      49.317515413032055,
      5.852152096050001,
      28.93354070500428,
      94.85788699705238
    ],
    [
      66.50295343699426,
      32.788909215868756,
      28.4942462148764,
      28.415800990315063
    ],
    [
      75.30725285037732,
      96.01762342881896,
      83.4274461812043,
      64.72704754343985
    ],
    [
      92.62639590346112,
      68.50166579001856,
      97.4561603433309,
      71.7656517449225
    ],
    [
      34.47852125199308,
      54.12474595300669,
      91.15397946640145,
      12.861027045761206
    ],
    [
      34.243132606059824,
      32.264988194797084,
      95.13498897978491,
      10.535067612020162
    ],
    [
      86.39795562897139,
      99.3254144418261,
      14.001938285204648,
      25.327264837720467
    ],
    [
      60.93821808884897,
      28.127164162703565,
      15.390581444232179,
      93.27067157628639
    ],
    [
      40.46688938648683,
      25.427072027332326,
      20.111942009041222,
      89.6623753264108
    ],
    [
      69.68443012752581,
      37.95525704059712,
      15.656620715364317,
      40.33337198687292
    ],
    [
      2.2489807932116843,
      99.26699646565758,
      84.21212529221503,
      62.80322251896697
    ]
  ],
  "n_vertices": 12,
  "n_edges": 20,
  "n_colors": 4,
  "metadata": {
    "instance_type": "random",
    "n_vertices": 12,
    "n_colors": 4,
    "density": 0.2894022735737256,
    "cost_pattern": "random",
    "seed": 10082,
    "is_feasible": true,
    "known_optimal_cost": 323.989524301154,
    "chromatic_number": 4
  }
}