{
  "graph_edges": [
    [
      0,
      4
    ],
    [
      0,
      5
    ],
    [
      0,
      11
    ],
    [
      0,
      14
    ],
    [
      0,
      15
    ],
    [
      1,
      4
    ],
    [
      1,
      6
    ],
    [
      1,
      7
    ],
    [
      1,
      8
    ],
    [
      1,
      11
    ],
    [
      1,
      13
    ],
    [
      2,
      5
    ],
    [
      2,
      11
    ],
    [
      2,
      12
    ],
    [
      2,
      14
    ],
    [
      3,
      4
    ],
    [
      3,
      10
    ],
    [
      3,
      13
    ],
    [
      3,
      14
    ],
    [
      3,
      15
    ],
    [
      4,
      5
    ],
    [
      4,
      8
    ],
    [
      4,
      10
    ],
    [
      5,
      6
    ],
    [
      5,
      9
    ],
    [
      5,
      10
    ],
    [
      6,
      7
    ],
    [
      6,
      13
    ],
    [
      6,
      15
    ],
    [
      7,
      10
    ],
    [
      7,
      14
    ],
    [
      8,
      9
    ],
    [
      8,
      14
    ],
    [
      9,
      14
    ],
    [
      9,
      15
    ],
    [
      10,
      12
    ],
    [
      10,
      14
    ],
    [
      12,
      15
    ],
    [
      13,
      14
    ],
    [
      13,
      15
    ]
  ],
  "graph_nodes": [
    0,
    1,
    2,
    3,
    4,
    5,
    6,
    7,
    8,
    9,
    10,
    11,
    12,
    13,
    14,
    15
  ],
  "cost_matrix": [
    [
      49.44300288044622,
      95.23680032729081,
      34.023701419731964,
      20.770234267816676
    ],
    [
      44.40744333793224,
      53.432635820200616,
      80.7845856538791,
      49.96546616054418
    ],
    [
      16.509637604039163,
      95.48415932066635,
      9.16545228185375,
      7.644925521794981
    ],
    [
      91.20589598158048,
      23.42788629186423,
      25.20069372689781,
      72.88167158966876
    ],
    [
      70.54509521424443,
      98.40028251846309,
      94.1943431144106,
      49.53976704217054
    ],
    [
      1.8918043406786924,
      21.22873567816722,
      85.81109433092578,
      53.379088078096366
    ],
    [
      33.69686912222728,
      14.85717231941639,
      60.13475865806317,
      21.810137580888473
    ],
    [
      1.5756419603827871,
      14.990084007388155,
      63.37518079398725,
      76.10140381734463
    ],
    [
      95.2726849207554,
      8.477924381306293,
      89.2984647229889,
      78.84360132095159
    ],
    [
      50.79908990893049,
      32.265059241495806,
      18.774022755810556,
      62.98103605342121
    ],
    [
      56.32170211399437,
      77.8801762847001,
      9.588537130449067,
      28.837994765478722
    ],
    [
      40.127317741744676,
      58.779259106508974,
      75.43180987686699,
      62.9652356144421
    ],
    [
      17.21728539656563,
      38.94346834920131,
      35.6129172621283,
      57.15587236764154
    ],
    [
      8.994043107272741,
      29.341509643049456,
      90.01216593865662,
      56.06631752304671
    ],
    [
      51.627416251944226,
      74.72866223441683,
      67.31551788114885,
      94.72235328447137
    ],
    [
      88.11245380115646,
      49.11789905784345,
      1.3927489275762164,
      58.88646222610712
    ]
  ],
  "n_vertices": 16,
  "n_edges": 40,
  "n_colors": 4,
  "metadata": {
    "instance_type": "random",
    "n_vertices": 16,
    "n_colors": 4,
    "density": 0.27524794242279915,
    "cost_pattern": "random",
    "seed": 10115,
    "is_feasible": true,
    "known_optimal_cost": 449.67134223142284,
    "chromatic_number": 4
  }
}