{
  "graph_edges": [
    [
      0,
      1
    ],
    [
      0,
      4
    ],
    [
      0,
      10
    ],
    [
      0,
      11
    ],
    [
      0,
      15
    ],
    [
      1,
      3
    ],
    [
      1,
      9
    ],
    [
      1,
      11
    ],
    [
      1,
      14
    ],
    [
      2,
      3
    ],
    [
      2,
      6
    ],
    [
      2,
      12
    ],
    [
      3,
      5
    ],
    [
      3,
      8
    ],
    [
      3,
      9
    ],
    [
      3,
      10
    ],
    [
      5,
      9
    ],
    [
      5,
      11
    ],
    [
      5,
      13
    ],
    [
      7,
      15
    ],
    [
      8,
      13
    ],
    [
      9,
      13
    ],
    [
      11,
      12
    ],
    [
      11,
      15
    ]
  ],
  "graph_nodes": [
    0,
    1,
    2,
    3,
    4,
    5,
    6,
    7,
    8,
    9,
    10,
    11,
    12,
    13,
    14,
    15
  ],
  "cost_matrix": [
    [
      94.13147789927112,
      76.73659276018968,
      69.16319151605256
    ],
    [
      40.000899647518715,
      57.510297983613775,
      81.7831376329914
    ],
    [
      54.67429519919453,
      10.44329442509215,
      39.90288673778528
    ],
    [
      18.361693442228592,
      87.64458659023742,
      65.96385526130457
    ],
    [
      7.6466333572776914,
      91.06229359941197,
      37.28545705051993
    ],
    [
      86.20888933022361,
      32.33295215178626,
      22.18573127320467
    ],
    [
      28.299945564773516,
      6.235726679192506,
      13.105455219204252
    ],
    [
      33.815622149275036,
      51.27400378319412,
      50.19106251012407
    ],
    [
      63.612909872613834,
      54.64454017126109,
      1.1350698407835715
    ],
    [
      81.00248987867195,
      7.620096170838775,
      10.987773257271432
    ],
    [
      29.061730269059957,
      29.842576106447257,
      89.07138189284376
    ],
    [
      27.163917979995837,
      10.464384213051977,
      6.449036601936934
    ],
    [
      98.49612648326644,
      95.74482541415686,
      63.97667982438136
    ],
    [
      76.70394826986758,
      59.77929340968149,
      53.49855679369203
    ],
    [
      93.29990752729961,
      52.61702862718267,
      22.699121207264906
    ],
    [
      21.468295286193857,
      71.451909349535,
      73.28905059359184
    ]
  ],
  "n_vertices": 16,
  "n_edges": 24,
  "n_colors": 3,
  "metadata": {
    "instance_type": "random",
    "n_vertices": 16,
    "n_colors": 3,
    "density": 0.20173087813803214,
    "cost_pattern": "random",
    "seed": 10095,
    "is_feasible": true,
    "known_optimal_cost": 546.3401360800773,
    "chromatic_number": 3
  }
}