{
  "graph_edges": [
    [
      0,
      1
    ],
    [
      0,
      4
    ],
    [
      0,
      5
    ],
    [
      0,
      6
    ],
    [
      0,
      7
    ],
    [
      1,
      2
    ],
    [
      1,
      3
    ],
    [
      1,
      4
    ],
    [
      1,
      6
    ],
    [
      1,
      7
    ],
    [
      2,
      3
    ],
    [
      2,
      4
    ],
    [
      2,
      5
    ],
    [
      2,
      6
    ],
    [
      3,
      4
    ],
    [
      3,
      5
    ],
    [
      4,
      5
    ],
    [
      4,
      6
    ],
    [
      4,
      7
    ],
    [
      5,
      6
    ],
    [
      5,
      7
    ]
  ],
  "graph_nodes": [
    0,
    1,
    2,
    3,
    4,
    5,
    6,
    7
  ],
  "cost_matrix": [
    [
      81.01182923966716,
      42.159261397334824,
      82.75495233312401,
      64.44017150901726,
      62.70942893391978
    ],
    [
      3.8103452811458944,
      34.73224027603403,
      81.39131002518926,
      37.77987426708291,
      63.06433326002063
    ],
    [
      18.83822961580626,
      73.82852689782594,
      78.29694561510694,
      94.11794654080255,
      89.89282677522206
    ],
    [
      62.907933518192856,
      6.139840820124804,
      32.743959443286045,
      29.079890310665498,
      12.92690206218616
    ],
    [
      78.40839728254699,
      88.46028637739664,
      98.76228610902142,
      44.68804629153767,
      58.11992763571476
    ],
    [
      91.13586064152365,
      58.85644551280896,
      88.32500396312504,
      94.0125003952671,
      31.225190037331107
    ],
    [
      75.49627964200943,
      43.415881289560836,
      49.95531670977794,
      2.258459387746575,
      84.30451864658329
    ],
    [
      32.53300674698923,
      65.02194943995904,
      27.96625027443418,
      12.319306703746904,
      73.68745872983482
    ]
  ],
  "n_vertices": 8,
  "n_edges": 21,
  "n_colors": 5,
  "metadata": {
    "instance_type": "random",
    "n_vertices": 8,
    "n_colors": 5,
    "density": 0.7876733022214226,
    "cost_pattern": "random",
    "seed": 10063,
    "is_feasible": true,
    "known_optimal_cost": 274.7669073311326,
    "chromatic_number": 4
  }
}