{
  "graph_edges": [
    [
      0,
      1
    ],
    [
      0,
      11
    ],
    [
      1,
      3
    ],
    [
      1,
      12
    ],
    [
      2,
      9
    ],
    [
      2,
      13
    ],
    [
      3,
      4
    ],
    [
      3,
      8
    ],
    [
      3,
      11
    ],
    [
      3,
      13
    ],
    [
      4,
      5
    ],
    [
      4,
      14
    ],
    [
      5,
      7
    ],
    [
      5,
      9
    ],
    [
      5,
      11
    ],
    [
      6,
      9
    ],
    [
      7,
      14
    ],
    [
      8,
      14
    ],
    [
      9,
      12
    ],
    [
      9,
      14
    ],
    [
      10,
      11
    ],
    [
      10,
      15
    ],
    [
      11,
      12
    ]
  ],
  "graph_nodes": [
    0,
    1,
    2,
    3,
    4,
    5,
    6,
    7,
    8,
    9,
    10,
    11,
    12,
    13,
    14,
    15
  ],
  "cost_matrix": [
    [
      53.455310024096306,
      95.52491306923716,
      52.589183134243264,
      74.17735851149746
    ],
    [
      28.300357655402856,
      91.82426905340499,
      92.06699566944667,
      32.67621763592089
    ],
    [
      43.33588287105748,
      83.72431739599453,
      92.57638802761556,
      78.42050546773108
    ],
    [
      95.47756132112409,
      41.50432613215125,
      58.986152343385854,
      46.5181393508249
    ],
    [
      59.98553981507578,
      21.9548806329881,
      7.999879122011357,
      77.73632805792644
    ],
    [
      83.3956679699119,
      62.89957888764137,
      87.4845086274077,
      19.277241704756
    ],
    [
      58.798138903269106,
      72.6254271076742,
      75.8417989643785,
      53.664323567133
    ],
    [
      58.577775329953816,
      84.00493107427842,
      47.83388665771111,
      83.59721555729169
    ],
    [
      97.02121962925926,
      7.929737092500551,
      47.54153565322187,
      87.1492582172001
    ],
    [
      38.75744033407229,
      82.32477952147008,
      70.95645420473654,
      92.49822384106542
    ],
    [
      18.341102254795857,
      38.592826608561225,
      88.17154728645686,
      74.70976329349674
    ],
    [
      64.00642572333089,
      38.41456071318369,
      8.87118221134551,
      14.503175643815146
    ],
    [
      87.88934062250561,
      22.001159082081344,
      32.9145858523517,
      89.15378533303272
    ],
    [
      80.64461013339303,
      11.676424698899563,
      43.126009722681076,
      86.01270797818688
    ],
    [
      76.08795092059601,
      47.03127480399211,
      69.44631286069323,
      59.036069213743666
    ],
    [
      11.381548370844959,
      60.35797945408691,
      96.32453907561214,
      62.19843711559085
    ]
  ],
  "n_vertices": 16,
  "n_edges": 23,
  "n_colors": 4,
  "metadata": {
    "instance_type": "random",
    "n_vertices": 16,
    "n_colors": 4,
    "density": 0.16823217415860964,
    "cost_pattern": "random",
    "seed": 10106,
    "is_feasible": true,
    "known_optimal_cost": 551.5524709231074,
    "chromatic_number": 2
  }
}