{
  "graph_edges": [
    [
      1,
      8
    ],
    [
      2,
      4
    ],
    [
      2,
      9
    ],
    [
      4,
      9
    ],
    [
      5,
      6
    ],
    [
      6,
      7
    ],
    [
      6,
      9
    ]
  ],
  "graph_nodes": [
    0,
    1,
    2,
    3,
    4,
    5,
    6,
    7,
    8,
    9,
    10,
    11
  ],
  "cost_matrix": [
    [
      35.31571454210527,
      8.072377406019049,
      43.419232387726524,
      50.57876956480153,
      18.28678973156876
    ],
    [
      65.77277316073055,
      20.02680964315167,
      83.11645750625426,
      6.712129677826229,
      18.929403199441584
    ],
    [
      10.318578837880889,
      12.383829239992197,
      82.91497186760644,
      9.397557779873669,
      29.695929659446165
    ],
    [
      74.4813021345817,
      26.636952588756664,
      46.95448214521383,
      85.97799641275832,
      3.6579772831178925
    ],
    [
      48.45162068621161,
      58.306507587212366,
      91.51350847954787,
      63.888507230177005,
      85.82663138820267
    ],
    [
      21.01398854633648,
      49.30130328215086,
      89.66995273278843,
      13.485751105224653,
      63.929255970785235
    ],
    [
      10.851754487806913,
      89.30875166817013,
      22.80284915170888,
      80.90413886774746,
      48.93214141167767
    ],
    [
      57.01344029771947,
      48.45597612783793,
      40.20425366818669,
      99.02554403976364,
      43.872977386399576
    ],
    [
      78.63185903717294,
      27.3423373472923,
      54.17984308712276,
      31.00481685278716,
      66.78505674564983
    ],
    [
      18.507347761520222,
      8.254478473339848,
      25.17646550329359,
      84.05775632202308,
      68.55536076819473
    ],
    [
      83.2921478367424,
      44.85072368102491,
      92.00086031020318,
      13.498383530516325,
      98.51099560949118
    ],
    [
      24.30085003128713,
      49.933782119954095,
      7.264348496803163,
      64.09675621009376,
      65.77709748656284
    ]
  ],
  "n_vertices": 12,
  "n_edges": 7,
  "n_colors": 5,
  "metadata": {
    "instance_type": "random",
    "n_vertices": 12,
    "n_colors": 5,
    "density": 0.11910052879827636,
    "cost_pattern": "random",
    "seed": 10091,
    "is_feasible": true,
    "known_optimal_cost": 197.19296994221833,
    "chromatic_number": 3
  }
}