{
  "graph_edges": [
    [
      0,
      1
    ],
    [
      0,
      3
    ],
    [
      0,
      4
    ],
    [
      0,
      8
    ],
    [
      0,
      9
    ],
    [
      1,
      2
    ],
    [
      1,
      3
    ],
    [
      1,
      5
    ],
    [
      1,
      7
    ],
    [
      1,
      8
    ],
    [
      1,
      11
    ],
    [
      2,
      4
    ],
    [
      2,
      5
    ],
    [
      2,
      8
    ],
    [
      2,
      9
    ],
    [
      2,
      10
    ],
    [
      2,
      11
    ],
    [
      3,
      5
    ],
    [
      3,
      7
    ],
    [
      3,
      9
    ],
    [
      3,
      10
    ],
    [
      4,
      6
    ],
    [
      4,
      9
    ],
    [
      4,
      11
    ],
    [
      5,
      8
    ],
    [
      5,
      9
    ],
    [
      5,
      11
    ],
    [
      6,
      10
    ],
    [
      6,
      11
    ],
    [
      7,
      8
    ],
    [
      7,
      9
    ],
    [
      7,
      10
    ],
    [
      8,
      9
    ],
    [
      9,
      11
    ],
    [
      10,
      11
    ]
  ],
  "graph_nodes": [
    0,
    1,
    2,
    3,
    4,
    5,
    6,
    7,
    8,
    9,
    10,
    11
  ],
  "cost_matrix": [
    [
      73.46867429809028,
      44.45208890660432,
      36.6344865507334,
      10.563163046342154,
      30.531812678430253
    ],
    [
      62.36905962430239,
      82.24569844728572,
      42.327641328545255,
      83.99640330764464,
      67.94426109385869
    ],
    [
      13.365324848446543,
      70.04037850762694,
      92.33203183423254,
      68.32568759320033,
      66.61119714608436
    ],
    [
      1.2787785207264941,
      51.20001189133077,
      24.656012429292883,
      43.19722324844302,
      91.4241045842165
    ],
    [
      6.603356997706222,
      71.164120289168,
      54.718655571091084,
      46.311635926443145,
      39.89420840242626
    ],
    [
      58.25063748688259,
      54.09725547862858,
      41.01813600496531,
      42.994406863634296,
      84.29434441978972
    ],
    [
      79.52466123300533,
      77.28259243631625,
      28.625934433557944,
      3.3222475117453873,
      6.950571117669592
    ],
    [
      89.43524643290031,
      73.40789673877211,
      84.16207726933742,
      41.672532006157596,
      11.281471905824542
    ],
    [
      37.05571275258352,
      32.21242685597757,
      7.67850499942676,
      82.15859275868662,
      37.690431167976875
    ],
    [
      38.79452733554432,
      68.11607404879881,
      5.027426889471671,
      42.96716916813446,
      55.400975499255026
    ],
    [
      92.04596252635689,
      48.75747531876012,
      82.66639844293127,
      3.2376748021666626,
      50.40233332508611
    ],
    [
      2.5270805190751053,
      16.654527307754684,
      12.121038440466664,
      41.512347619385864,
      82.22881574868553
    ]
  ],
  "n_vertices": 12,
  "n_edges": 35,
  "n_colors": 5,
  "metadata": {
    "instance_type": "random",
    "n_vertices": 12,
    "n_colors": 5,
    "density": 0.5677411782574584,
    "cost_pattern": "random",
    "seed": 10092,
    "is_feasible": true,
    "known_optimal_cost": 245.7426427819035,
    "chromatic_number": 5
  }
}