{
  "graph_edges": [
    [
      0,
      4
    ],
    [
      0,
      5
    ],
    [
      0,
      6
    ],
    [
      1,
      2
    ],
    [
      1,
      6
    ],
    [
      1,
      7
    ],
    [
      1,
      8
    ],
    [
      2,
      6
    ],
    [
      2,
      10
    ],
    [
      3,
      9
    ],
    [
      3,
      10
    ],
    [
      4,
      5
    ],
    [
      4,
      8
    ],
    [
      7,
      11
    ],
    [
      8,
      9
    ],
    [
      8,
      10
    ]
  ],
  "graph_nodes": [
    0,
    1,
    2,
    3,
    4,
    5,
    6,
    7,
    8,
    9,
    10,
    11
  ],
  "cost_matrix": [
    [
      33.46600582151279,
      21.981218797699146,
      94.0829263621733
    ],
    [
      83.61349154383711,
      12.915945275542832,
      73.68162486102071
    ],
    [
      57.2119866895096,
      4.162627180176409,
      96.18141714482728
    ],
    [
      75.89583199786661,
      29.8062328223395,
      52.158859832999326
    ],
    [
      58.35487863886278,
      16.189561216334447,
      98.18757012366545
    ],
    [
      53.846699050692386,
      23.939131523842384,
      59.216502630769725
    ],
    [
      34.755065001261464,
      44.73750204001033,
      9.007583729533467
    ],
    [
      58.121548089356125,
      13.284024255237103,
      15.8118828862303
    ],
    [
      37.32099070713576,
      48.64438151170159,
      3.6965372290504996
    ],
    [
      10.974114041696257,
      86.2007397596291,
      95.32778707678958
    ],
    [
      32.75704772876003,
      94.72481538841787,
      44.32694073319006
    ],
    [
      50.92715423905043,
      41.87864253200849,
      19.129827888750956
    ]
  ],
  "n_vertices": 12,
  "n_edges": 16,
  "n_colors": 3,
  "metadata": {
    "instance_type": "random",
    "n_vertices": 12,
    "n_colors": 3,
    "density": 0.22534632588026524,
    "cost_pattern": "random",
    "seed": 10072,
    "is_feasible": true,
    "known_optimal_cost": 315.3035560879984,
    "chromatic_number": 3
  }
}