{
  "graph_edges": [
    [
      0,
      1
    ],
    [
      0,
      2
    ],
    [
      0,
      3
    ],
    [
      0,
      4
    ],
    [
      0,
      5
    ],
    [
      0,
      6
    ],
    [
      1,
      2
    ],
    [
      1,
      3
    ],
    [
      1,
      5
    ],
    [
      1,
      7
    ],
    [
      2,
      4
    ],
    [
      2,
      5
    ],
    [
      2,
      6
    ],
    [
      2,
      7
    ],
    [
      3,
      4
    ],
    [
      3,
      5
    ],
    [
      3,
      6
    ],
    [
      4,
      6
    ],
    [
      4,
      7
    ],
    [
      5,
      6
    ],
    [
      5,
      7
    ],
    [
      6,
      7
    ]
  ],
  "graph_nodes": [
    0,
    1,
    2,
    3,
    4,
    5,
    6,
    7
  ],
  "cost_matrix": [
    [
      99.0682723207317,
      29.892277881444883,
      27.57670252328704,
      19.25504852129021,
      64.1842138451335
    ],
    [
      84.37183797895673,
      54.355398408047364,
      23.87889521662331,
      37.69386713722218,
      14.879573353777971
    ],
    [
      52.984087355271186,
      50.41678751991349,
      23.537985358955815,
      48.10247461493912,
      49.538375097077854
    ],
    [
      61.17303784358586,
      38.061587852585035,
      55.83506119657163,
      52.54971265768468,
      19.78028710672426
    ],
    [
      93.8120469697454,
      92.66493558567026,
      16.930737714959996,
      69.01109748016032,
      99.42647192189622
    ],
    [
      9.54699353233513,
      75.91895469560204,
      66.71060448857342,
      32.24847479636955,
      74.4040143935577
    ],
    [
      53.573297669635,
      45.62563657714207,
      47.13885003080391,
      44.51154614690043,
      80.44121706251609
    ],
    [
      33.77891766437379,
      32.635507541122905,
      57.57374162893804,
      29.89822495459792,
      64.87305116453376
    ]
  ],
  "n_vertices": 8,
  "n_edges": 22,
  "n_colors": 5,
  "metadata": {
    "instance_type": "random",
    "n_vertices": 8,
    "n_colors": 5,
    "density": 0.8466446127846078,
    "cost_pattern": "random",
    "seed": 10066,
    "is_feasible": true,
    "known_optimal_cost": 214.45419872075075,
    "chromatic_number": 4
  }
}