{
  "graph_edges": [
    [
      0,
      3
    ],
    [
      2,
      7
    ],
    [
      4,
      7
    ]
  ],
  "graph_nodes": [
    0,
    1,
    2,
    3,
    4,
    5,
    6,
    7
  ],
  "cost_matrix": [
    [
      51.24732279198337,
      92.54213296183653,
      84.69415519509356,
      99.71166804737369
    ],
    [
      87.31417625029337,
      53.537141829855706,
      11.410225013082126,
      53.49221572384301
    ],
    [
      46.12364204344469,
      15.45436284822387,
      40.03112600882749,
      25.659234052767278
    ],
    [
      75.0668591822873,
      73.20967010199229,
      19.441302298120416,
      64.78546389738247
    ],
    [
      19.587401617330602,
      90.19210857072403,
      29.432421059973745,
      8.514776877278251
    ],
    [
      53.06877741186525,
      24.110589576150524,
      75.41629552737291,
      45.497786050645715
    ],
    [
      59.33650079836433,
      96.91608858064039,
      80.62008010722353,
      85.11265013318867
    ],
    [
      80.95552763913106,
      92.54319961837493,
      94.39606029034906,
      23.515633660855368
    ]
  ],
  "n_vertices": 8,
  "n_edges": 3,
  "n_colors": 4,
  "metadata": {
    "instance_type": "random",
    "n_vertices": 8,
    "n_colors": 4,
    "density": 0.16911955490140046,
    "cost_pattern": "random",
    "seed": 10060,
    "is_feasible": true,
    "known_optimal_cost": 224.1033386041106,
    "chromatic_number": 2
  }
}