{
  "graph_edges": [
    [
      1,
      2
    ],
    [
      1,
      3
    ],
    [
      1,
      5
    ],
    [
      1,
      6
    ],
    [
      1,
      7
    ],
    [
      2,
      6
    ],
    [
      2,
      7
    ],
    [
      3,
      6
    ],
    [
      4,
      6
    ],
    [
      4,
      7
    ],
    [
      5,
      6
    ],
    [
      6,
      7
    ]
  ],
  "graph_nodes": [
    0,
    1,
    2,
    3,
    4,
    5,
    6,
    7
  ],
  "cost_matrix": [
    [
      16.671170826507165,
      20.810223443856735,
      62.54034655643481,
      98.49074224000336
    ],
    [
      35.71404728728978,
      66.56697850869377,
      97.6566857602397,
      80.64179797991663
    ],
    [
      91.90522676890524,
      92.6030205815462,
      14.578935235518882,
      51.58966179710087
    ],
    [
      54.51688804533231,
      74.17320854101695,
      35.49084833425397,
      17.330930186305558
    ],
    [
      90.1832175234589,
      94.67657556756771,
      57.04463696680138,
      78.09175359741725
    ],
    [
      18.03912724829342,
      66.38090300530794,
      87.9860412006101,
      92.9178566633505
    ],
    [
      35.0926680716889,
      56.07522989202561,
      51.59433793018286,
      2.0907190711055748
    ],
    [
      38.33163926635955,
      11.576468932507458,
      35.712878737010634,
      21.67984424898833
    ]
  ],
  "n_vertices": 8,
  "n_edges": 12,
  "n_colors": 4,
  "metadata": {
    "instance_type": "random",
    "n_vertices": 8,
    "n_colors": 4,
    "density": 0.31050106776834385,
    "cost_pattern": "random",
    "seed": 10056,
    "is_feasible": true,
    "known_optimal_cost": 239.54772965929214,
    "chromatic_number": 4
  }
}