{
  "graph_edges": [
    [
      0,
      5
    ],
    [
      0,
      11
    ],
    [
      0,
      15
    ],
    [
      1,
      6
    ],
    [
      1,
      9
    ],
    [
      2,
      4
    ],
    [
      2,
      8
    ],
    [
      2,
      14
    ],
    [
      3,
      7
    ],
    [
      3,
      14
    ],
    [
      4,
      11
    ],
    [
      4,
      13
    ],
    [
      4,
      15
    ],
    [
      5,
      7
    ],
    [
      5,
      13
    ],
    [
      6,
      10
    ],
    [
      6,
      12
    ],
    [
      6,
      15
    ],
    [
      7,
      8
    ],
    [
      8,
      9
    ],
    [
      8,
      13
    ],
    [
      8,
      15
    ],
    [
      9,
      10
    ],
    [
      11,
      12
    ],
    [
      12,
      13
    ],
    [
      12,
      14
    ]
  ],
  "graph_nodes": [
    0,
    1,
    2,
    3,
    4,
    5,
    6,
    7,
    8,
    9,
    10,
    11,
    12,
    13,
    14,
    15
  ],
  "cost_matrix": [
    [
      29.687466368352762,
      9.067313287026497,
      22.102357636733228,
      34.1691575417405,
      28.63419879130847
    ],
    [
      91.22891356656996,
      81.02683534788584,
      40.86461863360165,
      31.390950362379094,
      62.1644316094052
    ],
    [
      83.6687888592441,
      17.52972885984288,
      23.20106575489247,
      39.52093996997723,
      40.20963775455445
    ],
    [
      17.280026654471538,
      71.69621421664301,
      32.45112575870462,
      79.54717510536716,
      39.93169315583302
    ],
    [
      71.55025491234423,
      22.458479768371312,
      70.25084476309459,
      18.77950665650134,
      85.4745437989466
    ],
    [
      79.83019663179665,
      5.626667864811695,
      69.11111342060799,
      15.076589049385431,
      39.1889627020279
    ],
    [
      13.780967074129741,
      38.023492888447535,
      15.515865954799382,
      87.25191191919826,
      12.603465292877639
    ],
    [
      18.22801361942521,
      8.608391231228232,
      21.00462115191977,
      70.04804691899075,
      51.24009150087571
    ],
    [
      23.09920580115364,
      39.26901002657017,
      2.59563064183464,
      46.61544191967288,
      42.318618323034954
    ],
    [
      43.044477989818134,
      96.64685561148357,
      88.61670127987489,
      22.93721333753534,
      14.491396185875962
    ],
    [
      71.08156980116762,
      17.289196651800996,
      83.67576744542444,
      95.23979428433312,
      52.49539698221333
    ],
    [
      45.61949384582034,
      33.449711462806754,
      14.979806687253173,
      68.67854739573447,
      73.25894415419845
    ],
    [
      13.447711334155086,
      86.91462442844346,
      76.10491515776326,
      61.77831856989092,
      87.5617687678554
    ],
    [
      93.21087904084044,
      7.791395786648163,
      52.604432213268815,
      2.10135889309928,
      91.2910637572067
    ],
    [
      24.821860354877884,
      68.60284298515037,
      66.22423215369874,
      36.881337467969644,
      84.96084850175797
    ],
    [
      94.50838775735315,
      18.31943057889216,
      29.60763774642961,
      65.48483937901442,
      81.36348578370304
    ]
  ],
  "n_vertices": 16,
  "n_edges": 26,
  "n_colors": 5,
  "metadata": {
    "instance_type": "random",
    "n_vertices": 16,
    "n_colors": 5,
    "density": 0.3060730890429506,
    "cost_pattern": "random",
    "seed": 10118,
    "is_feasible": true,
    "known_optimal_cost": 275.6987622324245,
    "chromatic_number": 3
  }
}