{
  "graph_edges": [
    [
      0,
      1
    ],
    [
      0,
      3
    ],
    [
      0,
      5
    ],
    [
      0,
      6
    ],
    [
      1,
      2
    ],
    [
      1,
      3
    ],
    [
      1,
      5
    ],
    [
      2,
      3
    ],
    [
      2,
      4
    ],
    [
      2,
      7
    ],
    [
      3,
      4
    ],
    [
      4,
      6
    ],
    [
      5,
      7
    ]
  ],
  "graph_nodes": [
    0,
    1,
    2,
    3,
    4,
    5,
    6,
    7
  ],
  "cost_matrix": [
    [
      58.43962416249452,
      52.16544821224429,
      12.710597371566335
    ],
    [
      11.742154382706065,
      86.61113423716954,
      80.97636585288642
    ],
    [
      44.56571487416372,
      73.4475225258679,
      92.63918362816423
    ],
    [
      40.392568797156414,
      77.63417128649958,
      39.04030379354164
    ],
    [
      31.706131288028775,
      38.24350734180046,
      17.18560999488501
    ],
    [
      23.431057481558028,
      49.95160456521727,
      80.97543159543874
    ],
    [
      17.044706395523015,
      49.590199279229815,
      32.50485355097318
    ],
    [
      26.188974160066138,
      93.06081076075925,
      59.86188355453384
    ]
  ],
  "n_vertices": 8,
  "n_edges": 13,
  "n_colors": 3,
  "metadata": {
    "instance_type": "random",
    "n_vertices": 8,
    "n_colors": 3,
    "density": 0.44181754668520246,
    "cost_pattern": "random",
    "seed": 10050,
    "is_feasible": true,
    "known_optimal_cost": 347.77081950886674,
    "chromatic_number": 3
  }
}