{
  "graph_edges": [
    [
      0,
      3
    ],
    [
      1,
      2
    ],
    [
      2,
      3
    ],
    [
      2,
      4
    ],
    [
      3,
      5
    ],
    [
      3,
      6
    ],
    [
      5,
      7
    ],
    [
      6,
      7
    ]
  ],
  "graph_nodes": [
    0,
    1,
    2,
    3,
    4,
    5,
    6,
    7
  ],
  "cost_matrix": [
    [
      64.82056200846301,
      95.58665220997705,
      83.94850254028151
    ],
    [
      86.0345239883923,
      60.272412000833725,
      81.96274414554286
    ],
    [
      48.60354511846317,
      30.241800560688677,
      79.12827176676788
    ],
    [
      47.31386101452758,
      11.18267998854677,
      7.968174339362192
    ],
    [
      29.65747429361485,
      83.39603687139298,
      5.905103665475553
    ],
    [
      67.0414121980001,
      34.07786695785605,
      63.14946938289956
    ],
    [
      48.98744179063448,
      53.66331950393774,
      66.24228837415706
    ],
    [
      87.53407205452868,
      50.022837015164846,
      54.14893146569877
    ]
  ],
  "n_vertices": 8,
  "n_edges": 8,
  "n_colors": 3,
  "metadata": {
    "instance_type": "random",
    "n_vertices": 8,
    "n_colors": 3,
    "density": 0.3305129176582973,
    "cost_pattern": "random",
    "seed": 10054,
    "is_feasible": true,
    "known_optimal_cost": 324.78403734678693,
    "chromatic_number": 2
  }
}