{
  "graph_edges": [
    [
      1,
      11
    ],
    [
      2,
      7
    ],
    [
      3,
      11
    ],
    [
      6,
      14
    ],
    [
      10,
      11
    ],
    [
      12,
      15
    ]
  ],
  "graph_nodes": [
    0,
    1,
    2,
    3,
    4,
    5,
    6,
    7,
    8,
    9,
    10,
    11,
    12,
    13,
    14,
    15
  ],
  "cost_matrix": [
    [
      49.71831898995984,
      47.99177955357287,
      69.565496419558
    ],
    [
      1.2670464581680132,
      5.869621008217678,
      45.29886158491823
    ],
    [
      27.621209716795914,
      59.221441197176695,
      81.85855289275608
    ],
    [
      96.69472424119465,
      89.11460079994994,
      65.37135137499018
    ],
    [
      4.504183680609071,
      3.1220631749336603,
      11.93264484598359
    ],
    [
      22.319915415807664,
      9.282356249047078,
      67.48501405126898
    ],
    [
      36.704448154707485,
      92.27477865865598,
      19.93364442542944
    ],
    [
      4.655069623647203,
      38.40533403980433,
      33.238106583142304
    ],
    [
      13.281244350693479,
      89.771591288724,
      55.2816367715823
    ],
    [
      94.49672917589665,
      77.43850503227009,
      95.42898245629976
    ],
    [
      43.81445673368136,
      95.1196287885572,
      36.58615892000453
    ],
    [
      35.07393022530736,
      29.96030815796337,
      2.017431094374464
    ],
    [
      47.54480292070888,
      12.794226076031547,
      19.750913721852047
    ],
    [
      58.115592806778054,
      20.36095278293123,
      15.140865983801993
    ],
    [
      48.69396623310151,
      38.8207237925979,
      23.872606431033372
    ],
    [
      41.771922618385645,
      90.97097681271474,
      62.91554181863506
    ]
  ],
  "n_vertices": 16,
  "n_edges": 6,
  "n_colors": 3,
  "metadata": {
    "instance_type": "random",
    "n_vertices": 16,
    "n_colors": 3,
    "density": 0.10051398284014922,
    "cost_pattern": "random",
    "seed": 10094,
    "is_feasible": true,
    "known_optimal_cost": 473.6215124678279,
    "chromatic_number": 2
  }
}