{
  "graph_edges": [
    [
      0,
      1
    ],
    [
      0,
      2
    ],
    [
      0,
      3
    ],
    [
      0,
      4
    ],
    [
      0,
      5
    ],
    [
      1,
      2
    ],
    [
      1,
      3
    ],
    [
      1,
      6
    ],
    [
      2,
      5
    ],
    [
      2,
      6
    ],
    [
      3,
      4
    ],
    [
      3,
      7
    ],
    [
      5,
      6
    ],
    [
      5,
      7
    ]
  ],
  "graph_nodes": [
    0,
    1,
    2,
    3,
    4,
    5,
    6,
    7
  ],
  "cost_matrix": [
    [
      62.4477650959376,
      48.31504019240808,
      73.17094826623223,
      27.750537833280305
    ],
    [
      34.55387057374013,
      64.27134011078863,
      38.20028504813811,
      63.55178153436563
    ],
    [
      67.178334102327,
      93.54722226831986,
      47.26863899775412,
      87.31691107153675
    ],
    [
      36.347231369557164,
      86.2354498729661,
      26.798528363025063,
      48.00854557147647
    ],
    [
      81.09216599049596,
      92.74002826511713,
      35.47128116777462,
      60.54096392405451
    ],
    [
      70.37291584753483,
      70.80278465105461,
      37.15981206772496,
      89.58993502196337
    ],
    [
      58.873695150282444,
      87.772834607617,
      12.905134278412195,
      17.208254823817104
    ],
    [
      63.048574498599656,
      40.24581419398617,
      6.984562967190964,
      58.67408171725956
    ]
  ],
  "n_vertices": 8,
  "n_edges": 14,
  "n_colors": 4,
  "metadata": {
    "instance_type": "random",
    "n_vertices": 8,
    "n_colors": 4,
    "density": 0.658780536152654,
    "cost_pattern": "random",
    "seed": 10062,
    "is_feasible": true,
    "known_optimal_cost": 299.56155060660546,
    "chromatic_number": 3
  }
}