{
  "graph_edges": [
    [
      0,
      1
    ],
    [
      0,
      2
    ],
    [
      0,
      3
    ],
    [
      1,
      2
    ],
    [
      2,
      3
    ],
    [
      3,
      5
    ],
    [
      3,
      7
    ],
    [
      4,
      5
    ],
    [
      5,
      6
    ]
  ],
  "graph_nodes": [
    0,
    1,
    2,
    3,
    4,
    5,
    6,
    7
  ],
  "cost_matrix": [
    [
      71.02208072896082,
      4.2549014627730655,
      56.44678549715788,
      9.596312196118111,
      8.28607674792309
    ],
    [
      27.528980620987234,
      10.591718790268,
      68.52704787433011,
      65.42665099590937,
      46.03344373699463
    ],
    [
      12.316790297526303,
      21.22800495876198,
      70.6061207144883,
      76.99712154165253,
      49.44098884003467
    ],
    [
      76.45083529038047,
      61.40202199129883,
      25.574305149710195,
      3.633543319097091,
      2.4926566411614814
    ],
    [
      95.18140462906972,
      95.40037508076924,
      56.30239260500003,
      23.516725068986105,
      69.62626975633269
    ],
    [
      93.50371494781874,
      18.651732094570697,
      36.428936006846754,
      54.07755123001653,
      92.75398949900035
    ],
    [
      55.77259078767884,
      86.01805514545761,
      48.37245289616188,
      54.689186910684825,
      93.38483977895875
    ],
    [
      21.86780778488541,
      34.472457474531666,
      29.896405280487382,
      93.88026588493157,
      52.77645963453175
    ]
  ],
  "n_vertices": 8,
  "n_edges": 9,
  "n_colors": 5,
  "metadata": {
    "instance_type": "random",
    "n_vertices": 8,
    "n_colors": 5,
    "density": 0.41857958198181344,
    "cost_pattern": "random",
    "seed": 10067,
    "is_feasible": true,
    "known_optimal_cost": 147.23684699941856,
    "chromatic_number": 3
  }
}