{
  "graph_edges": [
    [
      0,
      1
    ],
    [
      0,
      4
    ],
    [
      0,
      5
    ],
    [
      0,
      9
    ],
    [
      1,
      4
    ],
    [
      1,
      5
    ],
    [
      1,
      7
    ],
    [
      2,
      5
    ],
    [
      2,
      10
    ],
    [
      3,
      4
    ],
    [
      3,
      8
    ],
    [
      3,
      14
    ],
    [
      4,
      11
    ],
    [
      5,
      8
    ],
    [
      5,
      9
    ],
    [
      5,
      10
    ],
    [
      5,
      13
    ],
    [
      6,
      8
    ],
    [
      6,
      12
    ],
    [
      6,
      13
    ],
    [
      6,
      15
    ],
    [
      7,
      8
    ],
    [
      8,
      9
    ],
    [
      8,
      12
    ],
    [
      8,
      15
    ],
    [
      10,
      12
    ],
    [
      10,
      15
    ],
    [
      11,
      12
    ],
    [
      11,
      15
    ]
  ],
  "graph_nodes": [
    0,
    1,
    2,
    3,
    4,
    5,
    6,
    7,
    8,
    9,
    10,
    11,
    12,
    13,
    14,
    15
  ],
  "cost_matrix": [
    [
      44.913596475824114,
      72.57402689222268,
      80.14823012750968
    ],
    [
      27.209030698397843,
      93.49459369095698,
      54.09662513193761
    ],
    [
      77.39191192885113,
      40.51644930620233,
      98.92275658068377
    ],
    [
      12.246810352160646,
      51.127336576745975,
      56.676618275178136
    ],
    [
      99.27814979571554,
      19.464279870869255,
      70.0304518250569
    ],
    [
      55.95185484021652,
      8.762422814594842,
      25.44740436637271
    ],
    [
      81.43376072766901,
      3.0657599285971724,
      25.439185696159505
    ],
    [
      73.40262262854218,
      85.11358661423121,
      28.34683235630375
    ],
    [
      14.390536754055612,
      42.16608939065672,
      44.80170502799566
    ],
    [
      85.16138421831245,
      42.44081005544682,
      10.356218574871837
    ],
    [
      81.10544947076068,
      23.65216916799854,
      43.722739673437474
    ],
    [
      9.240579990946834,
      45.484081347793,
      55.255969891598774
    ],
    [
      89.25262416213904,
      4.6208727679144035,
      80.05841170131762
    ],
    [
      14.897571207786012,
      42.066811303809715,
      57.25292644333635
    ],
    [
      30.54176903594143,
      21.314888274902696,
      46.39815785340756
    ],
    [
      56.40513320869459,
      52.52976859184494,
      14.13804546062804
    ]
  ],
  "n_vertices": 16,
  "n_edges": 29,
  "n_colors": 3,
  "metadata": {
    "instance_type": "random",
    "n_vertices": 16,
    "n_colors": 3,
    "density": 0.22599694885295582,
    "cost_pattern": "random",
    "seed": 10097,
    "is_feasible": true,
    "known_optimal_cost": 542.9314026434057,
    "chromatic_number": 3
  }
}