{
  "graph_edges": [
    [
      1,
      4
    ],
    [
      1,
      7
    ],
    [
      3,
      4
    ],
    [
      3,
      6
    ],
    [
      3,
      7
    ]
  ],
  "graph_nodes": [
    0,
    1,
    2,
    3,
    4,
    5,
    6,
    7
  ],
  "cost_matrix": [
    [
      20.296552326327735,
      47.882271662974034,
      9.467460984464289
    ],
    [
      38.443490625828474,
      73.31335711518331,
      27.514979047750348
    ],
    [
      23.86987355049664,
      78.52096510274667,
      46.18515524367924
    ],
    [
      83.0770606500518,
      49.897716719975925,
      61.465293856058466
    ],
    [
      57.10778564407822,
      6.097861552780786,
      27.878800226956468
    ],
    [
      53.394080449923315,
      16.295116533924258,
      14.693146730885852
    ],
    [
      54.49534012398332,
      93.5565315798139,
      96.06856422678291
    ],
    [
      8.088902760916575,
      82.24806297827205,
      91.14328956954203
    ]
  ],
  "n_vertices": 8,
  "n_edges": 5,
  "n_colors": 3,
  "metadata": {
    "instance_type": "random",
    "n_vertices": 8,
    "n_colors": 3,
    "density": 0.3319210740798816,
    "cost_pattern": "random",
    "seed": 10055,
    "is_feasible": true,
    "known_optimal_cost": 205.69285860733626,
    "chromatic_number": 2
  }
}