{
  "graph_edges": [
    [
      0,
      6
    ],
    [
      0,
      8
    ],
    [
      0,
      10
    ],
    [
      1,
      11
    ],
    [
      1,
      14
    ],
    [
      2,
      3
    ],
    [
      2,
      9
    ],
    [
      2,
      11
    ],
    [
      3,
      4
    ],
    [
      3,
      6
    ],
    [
      3,
      10
    ],
    [
      3,
      13
    ],
    [
      4,
      14
    ],
    [
      5,
      6
    ],
    [
      5,
      8
    ],
    [
      6,
      15
    ],
    [
      7,
      13
    ],
    [
      8,
      11
    ],
    [
      8,
      12
    ],
    [
      8,
      13
    ],
    [
      8,
      14
    ],
    [
      8,
      15
    ],
    [
      9,
      13
    ],
    [
      9,
      14
    ],
    [
      9,
      15
    ],
    [
      10,
      12
    ],
    [
      10,
      13
    ],
    [
      10,
      15
    ],
    [
      11,
      12
    ],
    [
      11,
      13
    ],
    [
      13,
      14
    ],
    [
      14,
      15
    ]
  ],
  "graph_nodes": [
    0,
    1,
    2,
    3,
    4,
    5,
    6,
    7,
    8,
    9,
    10,
    11,
    12,
    13,
    14,
    15
  ],
  "cost_matrix": [
    [
      26.513922171259548,
      16.060288241744985,
      48.85215268960706
    ],
    [
      33.548228489135916,
      59.23686309607847,
      15.891277394512088
    ],
    [
      49.078328039117295,
      16.973138476723044,
      29.196325993308776
    ],
    [
      90.23779579834391,
      41.33476650431206,
      44.48776334866466
    ],
    [
      28.19713776735124,
      51.87925637740679,
      85.76341639408513
    ],
    [
      5.05575167198799,
      45.49025479741576,
      6.786600913562829
    ],
    [
      72.51345999607823,
      60.43555748247174,
      33.49454918162366
    ],
    [
      38.36502685563763,
      11.765871418920021,
      95.01830113242735
    ],
    [
      51.38548703612463,
      47.79935332880473,
      7.684473291226308
    ],
    [
      62.91149886686202,
      24.402196516097508,
      84.21747127741311
    ],
    [
      54.60189690443773,
      12.094852155232699,
      11.651105345370034
    ],
    [
      16.514616258048456,
      3.604103772742341,
      99.91420433763327
    ],
    [
      99.13447417911739,
      85.74288571160648,
      10.186665450759811
    ],
    [
      58.91990575169914,
      63.457943587012274,
      91.11516466996041
    ],
    [
      6.2523805898391975,
      88.80186304741568,
      82.52197169184136
    ],
    [
      42.02216429303035,
      57.8043147668956,
      67.20057559538266
    ]
  ],
  "n_vertices": 16,
  "n_edges": 32,
  "n_colors": 3,
  "metadata": {
    "instance_type": "random",
    "n_vertices": 16,
    "n_colors": 3,
    "density": 0.27157680460824096,
    "cost_pattern": "random",
    "seed": 10096,
    "is_feasible": true,
    "known_optimal_cost": 566.5415628723363,
    "chromatic_number": 3
  }
}