{
  "graph_edges": [
    [
      0,
      5
    ],
    [
      0,
      11
    ],
    [
      1,
      2
    ],
    [
      2,
      5
    ],
    [
      2,
      8
    ],
    [
      2,
      9
    ],
    [
      3,
      4
    ],
    [
      3,
      10
    ],
    [
      3,
      11
    ],
    [
      4,
      5
    ],
    [
      4,
      6
    ],
    [
      4,
      7
    ],
    [
      4,
      10
    ],
    [
      7,
      10
    ],
    [
      9,
      10
    ],
    [
      9,
      11
    ]
  ],
  "graph_nodes": [
    0,
    1,
    2,
    3,
    4,
    5,
    6,
    7,
    8,
    9,
    10,
    11
  ],
  "cost_matrix": [
    [
      62.408919273451616,
      57.876180050210905,
      14.781488385112526
    ],
    [
      71.09397557358373,
      19.070913620191572,
      12.850813380835241
    ],
    [
      18.51144942286424,
      34.95001918020865,
      7.634393199069731
    ],
    [
      90.68445693590162,
      51.80097554086141,
      10.740020533580287
    ],
    [
      50.766574555339474,
      40.973061078410346,
      39.81046556125243
    ],
    [
      36.37224540719271,
      35.62073768922578,
      95.48187639342231
    ],
    [
      73.93678558615386,
      54.603197389039934,
      60.62125694920405
    ],
    [
      59.165967400004206,
      2.641991547294922,
      46.32076291799972
    ],
    [
      48.6505428515555,
      2.76662248784753,
      26.97792889523513
    ],
    [
      58.6772124513386,
      41.833938969959014,
      99.22047408610108
    ],
    [
      17.931745897148843,
      81.2829743173158,
      31.859067044160884
    ],
    [
      26.93558789492577,
      83.58799878241788,
      28.651656749145904
    ]
  ],
  "n_vertices": 12,
  "n_edges": 16,
  "n_colors": 3,
  "metadata": {
    "instance_type": "random",
    "n_vertices": 12,
    "n_colors": 3,
    "density": 0.19329365558591532,
    "cost_pattern": "random",
    "seed": 10071,
    "is_feasible": true,
    "known_optimal_cost": 315.4320581819295,
    "chromatic_number": 3
  }
}