{
  "graph_edges": [
    [
      1,
      2
    ],
    [
      1,
      5
    ],
    [
      2,
      3
    ],
    [
      2,
      4
    ],
    [
      3,
      4
    ],
    [
      3,
      7
    ],
    [
      4,
      7
    ],
    [
      5,
      7
    ]
  ],
  "graph_nodes": [
    0,
    1,
    2,
    3,
    4,
    5,
    6,
    7
  ],
  "cost_matrix": [
    [
      44.151428512996254,
      87.74206900388609,
      73.42631870699601
    ],
    [
      75.7228120566038,
      42.37204312214184,
      39.16478054617289
    ],
    [
      82.27516368816286,
      17.079739711264885,
      59.401794930398765
    ],
    [
      42.877059780551235,
      34.25260266462751,
      26.63947522270076
    ],
    [
      5.382138474478009,
      66.62068046277936,
      24.645716909022017
    ],
    [
      91.90055349429404,
      4.050809761996202,
      15.526892407578496
    ],
    [
      95.26814653297605,
      33.86977653966063,
      18.584050484813574
    ],
    [
      48.284437323646266,
      66.69790612965257,
      17.655179814855398
    ]
  ],
  "n_vertices": 8,
  "n_edges": 8,
  "n_colors": 3,
  "metadata": {
    "instance_type": "random",
    "n_vertices": 8,
    "n_colors": 3,
    "density": 0.28374967109739724,
    "cost_pattern": "random",
    "seed": 10053,
    "is_feasible": true,
    "known_optimal_cost": 259.2008167007695,
    "chromatic_number": 3
  }
}