{
  "graph_edges": [
    [
      1,
      2
    ],
    [
      2,
      6
    ],
    [
      2,
      12
    ],
    [
      3,
      13
    ],
    [
      3,
      15
    ],
    [
      4,
      5
    ],
    [
      4,
      6
    ],
    [
      4,
      13
    ],
    [
      5,
      9
    ],
    [
      6,
      8
    ],
    [
      6,
      9
    ],
    [
      7,
      13
    ],
    [
      8,
      11
    ],
    [
      8,
      13
    ],
    [
      9,
      10
    ],
    [
      9,
      13
    ],
    [
      9,
      15
    ],
    [
      10,
      11
    ],
    [
      11,
      13
    ],
    [
      11,
      14
    ],
    [
      14,
      15
    ]
  ],
  "graph_nodes": [
    0,
    1,
    2,
    3,
    4,
    5,
    6,
    7,
    8,
    9,
    10,
    11,
    12,
    13,
    14,
    15
  ],
  "cost_matrix": [
    [
      69.00019712166534,
      17.479678606755932,
      42.91502158414214,
      99.92379500361571
    ],
    [
      13.558030733667852,
      65.42749751402403,
      79.92254581202549,
      5.305648969312705
    ],
    [
      3.4678847679906917,
      62.66050979608018,
      77.45287966834815,
      26.394140695932325
    ],
    [
      55.98065440041821,
      21.885315990661933,
      45.9057260079547,
      78.54541213982208
    ],
    [
      94.7936451597391,
      66.51661561851229,
      59.44578772132664,
      80.77135616399306
    ],
    [
      24.5217346399878,
      40.569392995365554,
      50.60414310562932,
      61.75128249248538
    ],
    [
      11.27006093936848,
      26.294828005277804,
      60.619790130051435,
      30.57136575028272
    ],
    [
      44.85805999350856,
      95.8428146667158,
      87.36715992825026,
      19.94435539392342
    ],
    [
      61.62116867607244,
      6.759862691613336,
      93.30470681359705,
      78.06947818109515
    ],
    [
      93.53523083817312,
      92.19355972604993,
      9.599019314349256,
      58.01366892230883
    ],
    [
      81.300413974719,
      37.29363368244041,
      58.95924856096932,
      14.954889939476912
    ],
    [
      84.46421418933109,
      91.7487615820302,
      5.163029673698338,
      48.707325942705054
    ],
    [
      58.46168479618177,
      33.66143501213562,
      8.738209909713834,
      76.00121443495586
    ],
    [
      54.20733307934911,
      78.75453107128983,
      31.904313136858473,
      75.77083782659516
    ],
    [
      22.11759248166366,
      12.148448876345299,
      71.24570827132763,
      3.354712805099766
    ],
    [
      99.90613917841995,
      51.57095485684105,
      12.824692067596013,
      24.761304082120702
    ]
  ],
  "n_vertices": 16,
  "n_edges": 21,
  "n_colors": 4,
  "metadata": {
    "instance_type": "random",
    "n_vertices": 16,
    "n_colors": 4,
    "density": 0.17721846057923357,
    "cost_pattern": "random",
    "seed": 10111,
    "is_feasible": true,
    "known_optimal_cost": 318.95386940690867,
    "chromatic_number": 3
  }
}