{
  "graph_edges": [
    [
      0,
      2
    ],
    [
      0,
      3
    ],
    [
      0,
      5
    ],
    [
      0,
      6
    ],
    [
      0,
      7
    ],
    [
      0,
      8
    ],
    [
      1,
      2
    ],
    [
      1,
      6
    ],
    [
      1,
      7
    ],
    [
      1,
      10
    ],
    [
      2,
      5
    ],
    [
      2,
      9
    ],
    [
      2,
      10
    ],
    [
      2,
      11
    ],
    [
      3,
      4
    ],
    [
      3,
      5
    ],
    [
      3,
      6
    ],
    [
      3,
      8
    ],
    [
      3,
      10
    ],
    [
      4,
      7
    ],
    [
      4,
      10
    ],
    [
      5,
      7
    ],
    [
      5,
      8
    ],
    [
      5,
      9
    ],
    [
      5,
      10
    ],
    [
      6,
      7
    ],
    [
      6,
      10
    ],
    [
      7,
      10
    ],
    [
      7,
      11
    ],
    [
      9,
      10
    ],
    [
      10,
      11
    ]
  ],
  "graph_nodes": [
    0,
    1,
    2,
    3,
    4,
    5,
    6,
    7,
    8,
    9,
    10,
    11
  ],
  "cost_matrix": [
    [
      34.51419738987158,
      13.705857696465687,
      47.92369244771781,
      56.4380324115618,
      31.772569093932958
    ],
    [
      19.60437996942075,
      38.454974553513885,
      27.768808436149705,
      16.774650953438247,
      34.95616973597171
    ],
    [
      55.9833209330843,
      4.631803598504538,
      40.98260244016957,
      71.18567834409232,
      65.86976708713681
    ],
    [
      5.921048047237723,
      93.51745059413646,
      73.39768492110399,
      29.55036618271695,
      34.19249640529286
    ],
    [
      75.76776624979779,
      38.338001027395194,
      27.586504968072813,
      63.48536345444873,
      34.01142597915777
    ],
    [
      41.01644679031688,
      36.598212277062,
      72.4090949079301,
      37.83457876829394,
      40.24444326879567
    ],
    [
      86.37405949027269,
      99.31730300029022,
      94.7583192311757,
      39.74588439799299,
      75.52137247834436
    ],
    [
      80.11007176107726,
      42.82381764511075,
      40.215672541294296,
      27.486233317541334,
      47.368355037787744
    ],
    [
      61.57999520489204,
      72.5923310151776,
      61.49955764941208,
      12.713438212110981,
      47.7800863987663
    ],
    [
      21.495721035716482,
      19.64691988824379,
      40.33055501642367,
      93.81969724948128,
      57.576561278960725
    ],
    [
      44.072621035949894,
      88.16348848849171,
      17.800407954961415,
      16.94765308084751,
      51.52917340007004
    ],
    [
      49.940722943222035,
      12.921656122993607,
      88.59683886819863,
      89.65289753455369,
      99.50001077755265
    ]
  ],
  "n_vertices": 12,
  "n_edges": 31,
  "n_colors": 5,
  "metadata": {
    "instance_type": "random",
    "n_vertices": 12,
    "n_colors": 5,
    "density": 0.4606098527504162,
    "cost_pattern": "random",
    "seed": 10084,
    "is_feasible": true,
    "known_optimal_cost": 332.43646972508174,
    "chromatic_number": 4
  }
}