{
  "graph_edges": [
    [
      0,
      3
    ],
    [
      0,
      6
    ],
    [
      0,
      7
    ],
    [
      0,
      11
    ],
    [
      1,
      2
    ],
    [
      1,
      3
    ],
    [
      1,
      4
    ],
    [
      1,
      5
    ],
    [
      1,
      7
    ],
    [
      1,
      9
    ],
    [
      1,
      11
    ],
    [
      2,
      4
    ],
    [
      2,
      6
    ],
    [
      2,
      9
    ],
    [
      2,
      11
    ],
    [
      3,
      7
    ],
    [
      4,
      5
    ],
    [
      4,
      6
    ],
    [
      4,
      8
    ],
    [
      5,
      7
    ],
    [
      5,
      11
    ],
    [
      6,
      8
    ],
    [
      6,
      9
    ],
    [
      7,
      8
    ],
    [
      7,
      9
    ],
    [
      8,
      10
    ],
    [
      8,
      11
    ],
    [
      10,
      11
    ]
  ],
  "graph_nodes": [
    0,
    1,
    2,
    3,
    4,
    5,
    6,
    7,
    8,
    9,
    10,
    11
  ],
  "cost_matrix": [
    [
      56.50446157704809,
      54.056583023555355,
      55.55401157674529,
      53.389157169077286,
      4.931820236548256
    ],
    [
      84.18475876444654,
      66.97178097743648,
      60.529794327434296,
      58.433545753936095,
      83.87224478602371
    ],
    [
      96.17186311403265,
      11.428414517228251,
      24.355978063655613,
      25.19746975455499,
      91.25859652684042
    ],
    [
      54.46109310916045,
      72.7300552982518,
      66.81549464554561,
      4.422305697080935,
      93.70657012250112
    ],
    [
      62.1236576135136,
      67.08880110968032,
      68.27648227540003,
      64.11497965612224,
      74.55938022114594
    ],
    [
      94.3086279549693,
      72.63224176829235,
      66.96271878869382,
      6.2745249409565655,
      39.886141909954105
    ],
    [
      22.94172019952807,
      64.52874579856154,
      45.04230425122559,
      12.238451174987224,
      59.099462469584935
    ],
    [
      93.82574154965599,
      93.19972954741205,
      93.01098980745422,
      47.470848799576274,
      60.079217276886176
    ],
    [
      35.083557801848606,
      86.45802819601,
      66.04059432638753,
      90.10674049799368,
      18.03483921340625
    ],
    [
      87.25557957168749,
      27.4147940044336,
      41.02198703569766,
      2.205515202439708,
      49.58962495450903
    ],
    [
      95.01754171853807,
      10.820316252091521,
      38.56538312042463,
      76.0400920643262,
      32.56559480249645
    ],
    [
      10.566048833304954,
      68.8145726047762,
      68.74356831099192,
      30.887465438871697,
      27.97907357708826
    ]
  ],
  "n_vertices": 12,
  "n_edges": 28,
  "n_colors": 5,
  "metadata": {
    "instance_type": "random",
    "n_vertices": 12,
    "n_colors": 5,
    "density": 0.47242040105870475,
    "cost_pattern": "random",
    "seed": 10090,
    "is_feasible": true,
    "known_optimal_cost": 329.5792706326419,
    "chromatic_number": 4
  }
}