{
  "graph_edges": [
    [
      0,
      1
    ],
    [
      0,
      3
    ],
    [
      0,
      8
    ],
    [
      1,
      3
    ],
    [
      1,
      8
    ],
    [
      1,
      10
    ],
    [
      2,
      4
    ],
    [
      2,
      5
    ],
    [
      2,
      6
    ],
    [
      2,
      7
    ],
    [
      2,
      10
    ],
    [
      3,
      4
    ],
    [
      3,
      6
    ],
    [
      3,
      9
    ],
    [
      3,
      10
    ],
    [
      4,
      5
    ],
    [
      4,
      6
    ],
    [
      4,
      11
    ],
    [
      6,
      11
    ],
    [
      7,
      8
    ],
    [
      7,
      11
    ],
    [
      8,
      10
    ]
  ],
  "graph_nodes": [
    0,
    1,
    2,
    3,
    4,
    5,
    6,
    7,
    8,
    9,
    10,
    11
  ],
  "cost_matrix": [
    [
      11.195245799209568,
      3.022121280192656,
      50.73962725044338,
      54.383712635764134,
      35.79664353561447
    ],
    [
      94.93718025928219,
      62.8875644054417,
      15.072995851010587,
      32.91620452852182,
      55.520543873843884
    ],
    [
      97.24747454256398,
      44.659167553014875,
      26.918482657867276,
      3.00883261236655,
      68.09116749280143
    ],
    [
      56.942415517545435,
      47.66009736134283,
      4.494890151862978,
      87.90018869391703,
      23.129318093941045
    ],
    [
      60.705258581986755,
      73.7723056808095,
      84.76450071300634,
      53.56990034802256,
      24.020006133037313
    ],
    [
      20.89219066535718,
      16.80761770827276,
      23.90024387223224,
      81.97354379756251,
      58.6941582014893
    ],
    [
      85.58317237572504,
      97.27714676096853,
      71.67861236656003,
      67.65825786672082,
      87.01375120532671
    ],
    [
      34.53916060024992,
      30.979571711768976,
      22.199616622169213,
      81.33652397340342,
      39.98248215082473
    ],
    [
      70.14169476811628,
      24.919654829562763,
      38.886093122305084,
      5.325525558762285,
      32.008590817480815
    ],
    [
      83.6143502717331,
      86.40027894411516,
      17.88640831716275,
      26.895874873458485,
      54.71612964442835
    ],
    [
      67.77100068257026,
      90.29096151913613,
      46.377083393274305,
      5.896295771395966,
      98.87438651602511
    ],
    [
      93.69499292491744,
      68.23561285985163,
      76.40031949144203,
      95.82706327960705,
      94.82928229065655
    ]
  ],
  "n_vertices": 12,
  "n_edges": 22,
  "n_colors": 5,
  "metadata": {
    "instance_type": "random",
    "n_vertices": 12,
    "n_colors": 5,
    "density": 0.3778825720418716,
    "cost_pattern": "random",
    "seed": 10086,
    "is_feasible": true,
    "known_optimal_cost": 360.80983575568416,
    "chromatic_number": 3
  }
}