{
  "graph_edges": [
    [
      1,
      3
    ],
    [
      1,
      10
    ],
    [
      1,
      11
    ],
    [
      3,
      9
    ],
    [
      5,
      11
    ],
    [
      6,
      10
    ],
    [
      7,
      8
    ],
    [
      7,
      11
    ],
    [
      10,
      11
    ]
  ],
  "graph_nodes": [
    0,
    1,
    2,
    3,
    4,
    5,
    6,
    7,
    8,
    9,
    10,
    11
  ],
  "cost_matrix": [
    [
      66.64781978374862,
      95.75238596941678,
      90.21371272625166,
      26.79111634639885
    ],
    [
      66.76379464342526,
      8.653298671866297,
      13.394870148661132,
      75.53832456614572
    ],
    [
      62.87175292896645,
      70.10616492464423,
      13.922399943438794,
      15.266326374619588
    ],
    [
      53.770840699748454,
      80.49032083277928,
      22.06952230377678,
      38.36635619261565
    ],
    [
      67.71915647823137,
      51.58698245399583,
      1.7670018877894664,
      18.395133789492817
    ],
    [
      54.21438700417558,
      38.111992355247104,
      41.969621746624924,
      2.547187434077105
    ],
    [
      22.55656942645443,
      69.3785469369008,
      55.45894234859536,
      3.3606601411096753
    ],
    [
      80.26357745981423,
      45.385843793758085,
      33.38194753305937,
      66.27942257706334
    ],
    [
      67.01289967370903,
      1.6447089113887818,
      63.643977208732544,
      32.47716547846364
    ],
    [
      4.104688067968928,
      29.869336757108318,
      78.60399967332151,
      7.83674065537071
    ],
    [
      6.4847377519749605,
      64.4441620684327,
      92.81562137202056,
      50.22143774468955
    ],
    [
      98.3844030391631,
      96.2828364581637,
      68.58201929025753,
      42.84131390001496
    ]
  ],
  "n_vertices": 12,
  "n_edges": 9,
  "n_colors": 4,
  "metadata": {
    "instance_type": "random",
    "n_vertices": 12,
    "n_colors": 4,
    "density": 0.17202650961040628,
    "cost_pattern": "random",
    "seed": 10081,
    "is_feasible": true,
    "known_optimal_cost": 203.133387814034,
    "chromatic_number": 3
  }
}