{
  "graph_edges": [
    [
      0,
      1
    ],
    [
      0,
      2
    ],
    [
      0,
      5
    ],
    [
      0,
      6
    ],
    [
      0,
      7
    ],
    [
      1,
      2
    ],
    [
      1,
      4
    ],
    [
      1,
      5
    ],
    [
      2,
      4
    ],
    [
      2,
      5
    ],
    [
      2,
      7
    ],
    [
      3,
      4
    ],
    [
      3,
      6
    ],
    [
      4,
      5
    ],
    [
      4,
      6
    ],
    [
      4,
      7
    ],
    [
      5,
      6
    ],
    [
      6,
      7
    ]
  ],
  "graph_nodes": [
    0,
    1,
    2,
    3,
    4,
    5,
    6,
    7
  ],
  "cost_matrix": [
    [
      76.30906562730243,
      21.482558696402037,
      88.74324409899673,
      96.56535300885768
    ],
    [
      25.971483596344356,
      54.522177031352946,
      22.65348713234742,
      82.76309417991453
    ],
    [
      78.28237234142806,
      69.29432265622654,
      69.04500342525255,
      35.74722360483326
    ],
    [
      32.64072849276488,
      68.6605016770565,
      81.44243447970878,
      6.455070797066904
    ],
    [
      14.500759950915649,
      9.41682548688475,
      29.289736361790027,
      76.9838679160948
    ],
    [
      12.701035840109604,
      18.021249175418756,
      55.51712059064061,
      85.81288769175315
    ],
    [
      72.57263552807193,
      80.46104895379153,
      6.805490981846048,
      67.66712184229459
    ],
    [
      63.844427389609365,
      22.178222798512348,
      83.26338282371262,
      66.99082428376202
    ]
  ],
  "n_vertices": 8,
  "n_edges": 18,
  "n_colors": 4,
  "metadata": {
    "instance_type": "random",
    "n_vertices": 8,
    "n_colors": 4,
    "density": 0.6869114585700672,
    "cost_pattern": "random",
    "seed": 10058,
    "is_feasible": true,
    "known_optimal_cost": 179.10611992909938,
    "chromatic_number": 4
  }
}