{
  "graph_edges": [
    [
      0,
      9
    ],
    [
      1,
      5
    ],
    [
      1,
      8
    ],
    [
      1,
      11
    ],
    [
      2,
      7
    ],
    [
      2,
      9
    ],
    [
      2,
      11
    ],
    [
      3,
      6
    ],
    [
      3,
      7
    ],
    [
      3,
      9
    ],
    [
      3,
      10
    ],
    [
      3,
      11
    ],
    [
      4,
      6
    ],
    [
      4,
      9
    ],
    [
      6,
      8
    ],
    [
      7,
      9
    ],
    [
      8,
      10
    ]
  ],
  "graph_nodes": [
    0,
    1,
    2,
    3,
    4,
    5,
    6,
    7,
    8,
    9,
    10,
    11
  ],
  "cost_matrix": [
    [
      78.77349667399542,
      75.94302598220368,
      86.92288253373661
    ],
    [
      26.51413572459252,
      93.63411186001947,
      80.95469223279369
    ],
    [
      59.043677108778276,
      57.299398518005155,
      55.73684731623775
    ],
    [
      96.97692599662547,
      20.139332248392385,
      95.62849279015118
    ],
    [
      41.89953783734081,
      38.933582261352264,
      7.985053468879849
    ],
    [
      74.21292598499024,
      43.53899344889847,
      16.719656621517572
    ],
    [
      18.556572795263037,
      2.3124008861470022,
      18.873029640563402
    ],
    [
      53.15652729326722,
      69.78333267124437,
      39.50051998110513
    ],
    [
      15.049928079205028,
      23.93164012758278,
      19.764589527273614
    ],
    [
      49.00696364852045,
      69.1548525558886,
      53.411766446794026
    ],
    [
      33.58073343980052,
      2.861454997875219,
      92.86591568855516
    ],
    [
      99.40105264930145,
      13.613473510093682,
      33.65534053552471
    ]
  ],
  "n_vertices": 12,
  "n_edges": 17,
  "n_colors": 3,
  "metadata": {
    "instance_type": "random",
    "n_vertices": 12,
    "n_colors": 3,
    "density": 0.2634677966073114,
    "cost_pattern": "random",
    "seed": 10073,
    "is_feasible": true,
    "known_optimal_cost": 398.66532249107865,
    "chromatic_number": 3
  }
}