{
  "graph_edges": [
    [
      0,
      1
    ],
    [
      0,
      13
    ],
    [
      1,
      13
    ],
    [
      1,
      15
    ],
    [
      2,
      7
    ],
    [
      3,
      4
    ],
    [
      4,
      9
    ],
    [
      5,
      8
    ],
    [
      5,
      11
    ],
    [
      6,
      8
    ],
    [
      7,
      8
    ],
    [
      7,
      10
    ],
    [
      9,
      14
    ],
    [
      10,
      15
    ]
  ],
  "graph_nodes": [
    0,
    1,
    2,
    3,
    4,
    5,
    6,
    7,
    8,
    9,
    10,
    11,
    12,
    13,
    14,
    15
  ],
  "cost_matrix": [
    [
      67.11251671568019,
      53.30514959018273,
      50.753657510575586
    ],
    [
      58.43357906840378,
      37.92546056431293,
      74.00438103984402
    ],
    [
      55.85835987238828,
      37.903064406520244,
      61.74341568233372
    ],
    [
      85.72850596117271,
      59.53772369943388,
      59.552892624172415
    ],
    [
      94.96914916012564,
      67.68872975999678,
      56.96309349233692
    ],
    [
      30.765604994551857,
      72.1201802560817,
      15.038335768583
    ],
    [
      45.958497331550255,
      44.68406805059528,
      4.945486830164636
    ],
    [
      42.51706177607428,
      47.02746564945504,
      87.37701960046263
    ],
    [
      82.15167576912002,
      19.798404167178337,
      65.66719715900683
    ],
    [
      97.01340906967557,
      42.98339439537834,
      38.76925782194433
    ],
    [
      78.22122013244491,
      62.785050883798355,
      58.419523218949735
    ],
    [
      28.530219917211856,
      46.654055412745954,
      47.436038973746626
    ],
    [
      82.9767157272651,
      8.172942301100491,
      8.685044096069774
    ],
    [
      45.542803991173386,
      73.05114884341899,
      49.07537609588958
    ],
    [
      99.32268689596074,
      21.46672658650757,
      39.216380559780184
    ],
    [
      44.20557445890099,
      60.56482659009485,
      37.04998437410883
    ]
  ],
  "n_vertices": 16,
  "n_edges": 14,
  "n_colors": 3,
  "metadata": {
    "instance_type": "random",
    "n_vertices": 16,
    "n_colors": 3,
    "density": 0.15262454030859535,
    "cost_pattern": "random",
    "seed": 10105,
    "is_feasible": true,
    "known_optimal_cost": 578.440079283423,
    "chromatic_number": 3
  }
}