{
  "graph_edges": [
    [
      1,
      4
    ],
    [
      3,
      5
    ],
    [
      3,
      6
    ]
  ],
  "graph_nodes": [
    0,
    1,
    2,
    3,
    4,
    5,
    6,
    7
  ],
  "cost_matrix": [
    [
      54.35076481931856,
      92.92327226419206,
      43.66712489910054,
      87.61437427297267,
      84.64314319999278
    ],
    [
      16.94704769839863,
      85.09182654895206,
      59.24874345496477,
      15.642543162207,
      1.2402174569371716
    ],
    [
      45.811314994089784,
      7.8136656924851495,
      29.895118919468878,
      15.561054717637315,
      48.07561428645562
    ],
    [
      97.09072226280952,
      74.55030963459215,
      86.14874683730571,
      26.537070241574167,
      8.364574486186697
    ],
    [
      4.855652434541392,
      55.84467694549838,
      30.19484081874333,
      81.70094342654902,
      9.353012570273094
    ],
    [
      37.18357131724949,
      87.44949236413336,
      34.152256990062945,
      73.68113383901675,
      79.16993088374103
    ],
    [
      26.39765483079593,
      58.87239080015736,
      28.387570359074836,
      75.5473189101262,
      31.537333003087056
    ],
    [
      56.52258902188661,
      58.35983647933188,
      60.26603584499577,
      99.55119375101319,
      86.77972401794116
    ]
  ],
  "n_vertices": 8,
  "n_edges": 3,
  "n_colors": 5,
  "metadata": {
    "instance_type": "random",
    "n_vertices": 8,
    "n_colors": 5,
    "density": 0.15837930760053898,
    "cost_pattern": "random",
    "seed": 10064,
    "is_feasible": true,
    "known_optimal_cost": 183.01373581199644,
    "chromatic_number": 2
  }
}