{
  "graph_edges": [
    [
      0,
      1
    ],
    [
      0,
      2
    ],
    [
      0,
      3
    ],
    [
      0,
      4
    ],
    [
      0,
      5
    ],
    [
      0,
      6
    ],
    [
      0,
      7
    ],
    [
      0,
      8
    ],
    [
      0,
      9
    ],
    [
      0,
      10
    ],
    [
      0,
      11
    ],
    [
      0,
      12
    ],
    [
      0,
      13
    ],
    [
      0,
      14
    ]
  ],
  "graph_nodes": [
    0,
    1,
    2,
    3,
    4,
    5,
    6,
    7,
    8,
    9,
    10,
    11,
    12,
    13,
    14
  ],
  "cost_matrix": [
    [
      22.645859964573397,
      4.1088692307554755,
      29.425402456630636,
      18.09182089996544,
      31.034261706962624,
      17.132072028201748,
      70.23206156954889,
      77.37957233515112,
      51.940692315198426,
      24.34488192363875
    ],
    [
      23.773923033278646,
      51.06580146984379,
      14.284311335747567,
      56.584764035511384,
      48.71802010739895,
      68.28720680891873,
      74.13202190110219,
      17.348924911454148,
      10.968677019239005,
      92.8311697875315
    ],
    [
      22.806881566361294,
      10.920599078503352,
      79.51257292611605,
      11.635216241676721,
      46.118349658579056,
      11.604496814852908,
      53.724685270187315,
      45.1614063049894,
      18.792301508693416,
      98.51901218974939
    ],
    [
      66.6594227838216,
      63.38271010769416,
      55.47679393483766,
      3.9637991826684615,
      11.473326180566923,
      35.631059548256275,
      5.990001419115717,
      55.6137969874904,
      80.88033928840291,
      38.28689456993054
    ],
    [
      93.19922612088132,
      31.092289113353054,
      41.668264874102306,
      21.960146425453203,
      41.654986309119224,
      10.193180448112034,
      87.18823809835992,
      33.84672852063247,
      93.62290644596699,
      64.4165370951587
    ],
    [
      7.189154656062557,
      46.19105132110708,
      70.0811690836937,
      67.96329970320916,
      5.9357017575546775,
      72.30097447547959,
      88.58854390355164,
      4.041411582339224,
      81.3653391752882,
      11.683209549010646
    ],
    [
      95.31414609109132,
      60.1585183562084,
      53.56407622016135,
      36.066234380459704,
      29.25664900406978,
      28.584923631830115,
      89.5791042660093,
      67.677965925992,
      32.47153789300194,
      15.175871258993203
    ],
    [
      5.166885680926743,
      67.8944715628437,
      16.939451847747115,
      10.467641946939295,
      62.94756625080478,
      13.615980496780411,
      94.06322202886491,
      47.23246772051455,
      93.19823287918348,
      53.81256849741095
    ],
    [
      60.56335123142338,
      2.668644547852575,
      59.717806451160314,
      75.45876006314836,
      39.62654053929673,
      62.50558039470949,
      36.10648284664974,
      25.74142336541373,
      19.790458617038787,
      47.116915977195376
    ],
    [
      19.50290009218286,
      32.837573536939246,
      24.01941198112212,
      46.93849983813103,
      97.98871598469614,
      51.2005747393337,
      79.81436341841682,
      40.84182786285408,
      18.322375570768042,
      65.84651573594785
    ],
    [
      26.921692053985314,
      38.70490549996926,
      64.26711883034349,
      85.85646426488462,
      7.464302105081669,
      79.69021168133386,
      99.63810712211222,
      79.54055428956137,
      25.128033343237586,
      47.229855793114446
    ],
    [
      43.62536992605247,
      82.03286766181489,
      26.150653580950134,
      83.77957723600254,
      29.24738273627805,
      88.36207511900876,
      83.58515345652883,
      27.867238322618547,
      35.05056224815357,
      58.42581662657944
    ],
    [
      89.41960352968256,
      21.827173721339033,
      6.8850496949966065,
      17.73426276806105,
      27.778733513903184,
      51.20576531376927,
      22.2025988937064,
      22.348849261293896,
      6.861432752218586,
      98.34031329318863
    ],
    [
      91.02251896633757,
      57.880575400651765,
      62.718439780422386,
      30.527065105477117,
      72.36223949334872,
      45.38119635933301,
      72.47580067686108,
      22.22598257383133,
      18.604014463372735,
      54.40973947408925
    ],
    [
      82.38551885418659,
      20.56067661207958,
      12.375760415182322,
      23.483349479087387,
      20.15756579557148,
      6.667940465611958,
      82.46813934551619,
      13.224438926496696,
      13.857662895387021,
      86.33316010996197
    ]
  ],
  "n_vertices": 15,
  "n_edges": 14,
  "n_colors": 10,
  "metadata": {
    "instance_type": "star",
    "n_vertices": 15,
    "n_colors": 10,
    "cost_pattern": "uniform",
    "seed": 65,
    "density": 0.13333333333333333,
    "is_feasible": true,
    "known_optimal_cost": 167.2878108730504,
    "chromatic_number": 2
  }
}