{
  "graph_edges": [
    [
      0,
      1
    ],
    [
      0,
      2
    ],
    [
      0,
      3
    ],
    [
      0,
      4
    ],
    [
      0,
      5
    ],
    [
      0,
      6
    ],
    [
      0,
      7
    ],
    [
      0,
      8
    ],
    [
      0,
      9
    ],
    [
      0,
      10
    ],
    [
      0,
      11
    ],
    [
      0,
      12
    ],
    [
      0,
      13
    ],
    [
      0,
      14
    ],
    [
      0,
      15
    ],
    [
      0,
      16
    ],
    [
      0,
      17
    ],
    [
      0,
      18
    ],
    [
      0,
      19
    ]
  ],
  "graph_nodes": [
    0,
    1,
    2,
    3,
    4,
    5,
    6,
    7,
    8,
    9,
    10,
    11,
    12,
    13,
    14,
    15,
    16,
    17,
    18,
    19
  ],
  "cost_matrix": [
    [
      26.677775524895896,
      5.292744065028125,
      58.621003870533826,
      12.138704613301018,
      61.46690146721789,
      30.34240787127698,
      80.91796714770774,
      10.388935756705752,
      70.30993700576137,
      93.35670628365826,
      84.3786810107637,
      80.19593945644954,
      97.30950611263867,
      54.07255591900822,
      51.21604770067905,
      95.52825487146238,
      77.7939808203763,
      59.465030780536885,
      17.71892622556774,
      19.155653671815454
    ],
    [
      4.1435669546842195,
      23.732711713553584,
      53.461226273055864,
      69.49964073609138,
      29.706749233307594,
      9.919875418282288,
      98.57782061361844,
      77.54391296047253,
      55.329763420306584,
      16.66807106178082,
      75.2938599959901,
      52.94476185240194,
      80.77446872981717,
      71.93998782328059,
      2.5735455659854845,
      51.80531259587505,
      67.63386081068587,
      68.76959285672199,
      49.14469550830024,
      99.7940218554366
    ],
    [
      36.56924093526653,
      37.27482809245585,
      14.456273360933222,
      33.688066506574664,
      17.861214030858005,
      84.20176685416837,
      60.94686091705349,
      46.080619980177026,
      70.53724678354381,
      99.18034593067333,
      64.03536472896224,
      2.813883037205275,
      14.816541214286987,
      64.88827167939802,
      1.4640893514778397,
      8.153298284534532,
      57.260865418059225,
      67.26932227359113,
      84.89701081252207,
      26.24113816468722
    ],
    [
      73.90275061023415,
      99.72239732290826,
      3.4089619655645755,
      99.4744377068432,
      10.909562161866198,
      79.87499582953154,
      8.405443357642705,
      28.93251368601991,
      9.484141914234662,
      91.01990401418037,
      72.52378825575184,
      78.67654204864574,
      17.20924178889681,
      86.779343590405,
      15.592169069033497,
      36.99421122586562,
      99.111071837009,
      13.661575481118655,
      55.39181579725966,
      68.70172356390792
    ],
    [
      62.78836577376361,
      42.40766787177406,
      2.5439572905801175,
      38.06680248528228,
      64.72275359725248,
      6.6049407781451395,
      86.37772243329063,
      40.42402724396463,
      60.45448811739183,
      3.0200748201324887,
      57.897171997046826,
      23.60151193484475,
      51.69146720163744,
      57.1596566788703,
      51.56213173027298,
      51.1646842652306,
      46.48135402016556,
      54.831768207278934,
      58.07805508542781,
      4.496601576407234
    ],
    [
      20.641377661644217,
      27.026392323316706,
      65.22555320540086,
      97.79970539707988,
      71.93106592986702,
      69.3387491376419,
      48.273139749994414,
      64.20682093333102,
      11.845270366788228,
      80.28885312798533,
      98.82229115205391,
      13.674550847319612,
      88.69418659667045,
      11.62718089211268,
      3.2355088202307947,
      12.029597991411535,
      25.288643630467426,
      85.6033307073696,
      2.0489010243382473,
      13.336117787739362
    ],
    [
      29.795809106436216,
      54.44453438147454,
      12.303183499798067,
      78.78164295001704,
      20.99233565442701,
      44.77880014105623,
      82.59686233877018,
      45.92540776078909,
      60.925664732204766,
      27.453662727610638,
      56.33548477629752,
      74.91449408983783,
      52.57202148704212,
      23.608246255755603,
      54.72013866910349,
      43.5074000740894,
      65.5997463956439,
      46.02218217412929,
      90.31757248128076,
      52.43344171158988
    ],
    [
      93.75828817859094,
      49.09518720503042,
      19.092187089237243,
      18.24571635560297,
      31.272744842760275,
      24.60747348878064,
      40.72417951870202,
      60.12740141181296,
      23.001382397342798,
      57.20165102081127,
      60.923534374780715,
      85.40246114983717,
      42.17935248638734,
      66.49827426340903,
      81.64679595667957,
      95.2180473204162,
      45.81640450787727,
      14.535149398238504,
      5.842647038174926,
      2.7025660551055415
    ],
    [
      91.99462985823943,
      25.273773471444052,
      22.61448470945508,
      38.113789918891904,
      43.97108313885058,
      19.583741867177714,
      33.88909708715567,
      76.49761829384829,
      79.20074069510584,
      18.9234069848998,
      95.6489380216327,
      50.12415168094071,
      4.766850803295551,
      3.8391273678229343,
      5.790395895644024,
      30.019618077634426,
      5.66543034240612,
      91.4697699117388,
      53.97866707523858,
      52.59008398759916
    ],
    [
      87.72766428361496,
      90.83967024486775,
      45.77594121389219,
      8.28340250094542,
      14.843037508763144,
      12.54506702254529,
      23.20771144927294,
      56.996057666531506,
      47.48116006702961,
      28.41146473922198,
      3.9956877934539192,
      60.214911948147844,
      28.939755589600804,
      32.64760285253755,
      76.86793266867775,
      19.890032023717637,
      39.61301420053313,
      75.19720697241662,
      40.52418514745479,
      30.576068412416255
    ],
    [
      65.7641819361411,
      34.73405933600524,
      96.88320166276498,
      51.757881701324834,
      92.02725002343215,
      21.190809819305734,
      51.78384071223924,
      94.62637964841409,
      84.3995745771049,
      88.6605082239856,
      7.760072070968008,
      8.515249160850793,
      21.83644949515056,
      55.89856905314707,
      80.01179516430328,
      23.095606128123755,
      83.34232572832288,
      47.381177196202565,
      56.16089443912621,
      76.85493134032923
    ],
    [
      80.18675434454062,
      53.22599909850464,
      61.22720339278152,
      15.97227348904897,
      90.53362602003197,
      37.597961973334165,
      60.50251676854848,
      32.395736321103676,
      33.746920440770815,
      26.979510938288477,
      77.7426002765961,
      39.74637730722311,
      7.980221985099603,
      65.17728783216472,
      89.31169656648868,
      93.28580740278227,
      35.59843120898781,
      8.386403756190568,
      6.511477134839598,
      87.06521807256055
    ],
    [
      80.75617454761567,
      70.76944714420195,
      49.38566547086005,
      50.94246911621441,
      43.58581695342073,
      89.76993354889365,
      96.21452876239015,
      81.97918431744434,
      2.793079953210355,
      34.23560232065616,
      8.131457027178893,
      28.9394454054166,
      33.49876919181398,
      88.66656440930726,
      88.95361511733773,
      68.65886177314653,
      79.25851053707864,
      4.7315275135442985,
      44.20588688166089,
      52.70442951813612
    ],
    [
      81.93724526529324,
      11.22348144862812,
      76.2447212228135,
      85.74900448637712,
      66.9731760712413,
      63.94651162230024,
      98.27773985073047,
      34.342480233805674,
      90.37350904074977,
      12.72156968988895,
      30.480147070123085,
      49.171198772610246,
      27.168698679901873,
      10.58378261630593,
      46.833786799798375,
      58.3940026981157,
      51.948610605219756,
      12.098930629396236,
      82.81390157691818,
