{
  "graph_edges": [
    [
      0,
      1
    ],
    [
      0,
      2
    ],
    [
      0,
      3
    ],
    [
      0,
      4
    ],
    [
      0,
      5
    ],
    [
      0,
      6
    ],
    [
      0,
      7
    ],
    [
      0,
      8
    ],
    [
      0,
      9
    ],
    [
      0,
      10
    ],
    [
      0,
      11
    ],
    [
      0,
      12
    ],
    [
      0,
      13
    ],
    [
      0,
      14
    ],
    [
      0,
      15
    ],
    [
      0,
      16
    ],
    [
      0,
      17
    ],
    [
      0,
      18
    ],
    [
      0,
      19
    ]
  ],
  "graph_nodes": [
    0,
    1,
    2,
    3,
    4,
    5,
    6,
    7,
    8,
    9,
    10,
    11,
    12,
    13,
    14,
    15,
    16,
    17,
    18,
    19
  ],
  "cost_matrix": [
    [
      16.274470234996304,
      14.236256509306529,
      36.90586115151187,
      68.23177866911752,
      20.250555676052898,
      25.86982796521236,
      76.08322276202504,
      56.20424036667293,
      51.96548887153927,
      47.312186369788904,
      9.630424357286858,
      83.08044878549678,
      30.565415342191468,
      4.103243053716738,
      68.12256990666819,
      90.4454142638523,
      51.93066731342175,
      54.37144195758766,
      66.76842411774976,
      63.77161877147966
    ],
    [
      35.98852734609124,
      3.6376087713301186,
      17.363694115188615,
      88.05258014711949,
      7.714225129561397,
      37.53949438854501,
      12.434558052216893,
      10.533120125693792,
      9.293200074014088,
      9.605775688899726,
      3.2033287119074956,
      77.33322945643776,
      5.872049701281827,
      47.05710078946489,
      94.1820732695709,
      22.434718011901012,
      36.770528025445756,
      4.10054458698845,
      31.100408926626116,
      19.638499742640413
    ],
    [
      13.489803616784918,
      42.00746656338128,
      94.5224390800736,
      4.7960081049159795,
      95.74696898864848,
      13.505265386876564,
      8.716812241956355,
      17.442218076120678,
      95.52202219305448,
      27.538064322262013,
      10.953553170505563,
      90.86984161326828,
      55.78409355867251,
      75.1205695293942,
      11.565624328909044,
      78.85502449802644,
      66.21899549032462,
      36.83370006743651,
      65.33562396856856,
      23.823791450557017
    ],
    [
      71.96899255280856,
      27.346019040650877,
      62.65682017220714,
      81.61657596840915,
      4.898153318759023,
      59.53495212389728,
      32.817395220784405,
      51.63021169144721,
      50.83717825412305,
      31.79533160585173,
      90.89010168415452,
      28.14110990658592,
      82.04894184890446,
      55.72547394484831,
      65.06189271920786,
      70.58456378459202,
      41.76877515397781,
      89.93644816925001,
      7.34672339109256,
      66.78230552421074
    ],
    [
      32.371392032332885,
      70.66995615005573,
      77.26708960048376,
      42.38238865558979,
      9.83393319902735,
      24.11836845611595,
      76.192352019707,
      47.44903216932551,
      21.092418507469898,
      69.91329126306147,
      91.08491473544221,
      6.764995771248202,
      79.07013911772017,
      40.17269258654658,
      81.69742751787182,
      57.071566669184904,
      40.55372445385142,
      70.19119120734801,
      59.02686158630423,
      55.277803378593184
    ],
    [
      1.0508219410505464,
      56.33517526416399,
      55.84690564731039,
      30.60661641908026,
      22.389378497864776,
      13.435932407347252,
      65.05823896328522,
      47.433429160720436,
      79.99792683661907,
      2.2785148178687473,
      87.05797155875759,
      37.81314615294443,
      75.50181162601996,
      86.87561645634806,
      24.80096005216977,
      50.01269822004621,
      82.10489297113114,
      82.52258239033915,
      58.67644533481818,
      22.82917434458707
    ],
    [
      47.046780026547616,
      27.576233417731938,
      66.6013691685671,
      60.65550360049468,
      28.358323815354357,
      33.793711568307224,
      62.87176871944565,
      41.98564823456175,
      20.993354125803123,
      59.98767805765066,
      53.1952159537073,
      91.93173438101529,
      4.278422978355929,
      37.53636725058163,
      47.6685206121188,
      27.56795025807012,
      88.22489816692652,
      54.20979064186643,
      29.96921289777081,
      6.495780826110641
    ],
    [
      98.89498283552541,
      97.28122796179865,
      44.97088158270272,
      91.89428820334685,
      4.789427349762894,
      38.810843563924415,
      27.117910912565726,
      80.96269839924408,
      77.79166866005458,
      74.57977047924277,
      62.82857095723379,
      24.796739145588877,
      87.3013237833611,
      7.121776486802954,
      6.046182145596555,
      42.124869633182236,
      95.29909055839421,
      11.521514035135903,
      99.75580350689204,
      11.654375675139683
    ],
    [
      88.97285358025142,
      6.990544826643576,
      62.99415375639677,
      89.81009297425193,
      56.980644348907624,
      69.80124654487503,
      95.69297350439403,
      29.776275619716387,
      91.73733236527036,
      61.757816867393245,
      14.699581492774179,
      7.171324666207188,
      68.37592890664652,
      2.4672672117445944,
      46.599284359366536,
      3.8928764447173028,
      66.68043708567706,
      48.04398133717871,
      33.58929740906833,
      73.69937310995358
    ],
    [
      7.005978104154524,
      13.422884810383865,
      56.201336166063136,
      70.44512278504823,
      3.215745174304883,
      43.51392618164268,
      26.966312035098284,
      90.87022621352811,
      65.02943747817497,
      57.108082701380894,
      91.0726222736401,
      90.38563649998873,
      33.76662465559918,
      46.28872702731173,
      44.0636687342138,
      24.893850743938675,
      36.43268222196404,
      89.63260330660287,
      35.56900285839697,
      32.808164791747984
    ],
    [
      49.05980529488447,
      29.1885837102761,
      33.66392595819519,
      85.46027195355916,
      78.45789575015854,
      73.08381236692269,
      44.22828205244974,
      88.38850761613304,
      75.21035999743233,
      45.897730133990045,
      73.61951598275414,
      50.118118429342914,
      85.84189495355052,
      17.373315353907227,
      17.48937123266252,
      78.76547759765675,
      14.812211204912439,
      39.15301804221364,
      57.51345094119907,
      51.37778462106872
    ],
    [
      91.57087649078305,
      8.988944548673832,
      75.13908220873589,
      87.7835041091296,
      99.18188429485225,
      22.00423144056555,
      40.144257897996695,
      93.09156533986574,
      94.08787958973033,
      72.15847317661493,
      38.4400726534959,
      32.940568593949465,
      74.99318449206245,
      42.33595431731486,
      57.190263316522504,
      10.505713648792172,
      18.944441756243297,
      21.963118448237555,
      9.146655694431043,
      52.21168804795336
    ],
    [
      53.052708812910524,
      73.29914749880594,
      69.96809958355118,
      20.258548113705803,
      67.31658275202312,
      58.61738163342871,
      95.84813858660159,
      72.47019709978002,
      58.754671047769776,
      73.81288833046364,
      77.16427887217178,
      84.89931372404052,
      8.730100432382962,
      21.303483205598162,
      9.871175503518428,
      62.15967155780984,
      73.05720604543814,
      13.244078206595816,
      63.982647705191106,
      97.0164837455187
    ],
    [
      79.2812919570344,
      64.20267586660633,
      80.3470398113812,
      12.01571037151383,
      40.80636684016889,
      99.3368620035082,
      47.41874075278068,
      24.86747676953641,
      8.613193271141284,
      16.34601389101313,
      50.05008691744867,
      70.3451986786466,
      13.591409592226194,
      81.82050930349862,
      64.56131478004681,
      44.417161245636485,
      60.29050493121381,
      30.478124525564997,
      47.60537021903431,
