{
  "graph_edges": [
    [
      0,
      1
    ],
    [
      0,
      2
    ],
    [
      0,
      3
    ],
    [
      0,
      4
    ],
    [
      0,
      5
    ],
    [
      0,
      6
    ],
    [
      0,
      7
    ],
    [
      0,
      8
    ],
    [
      0,
      9
    ],
    [
      0,
      10
    ],
    [
      0,
      11
    ],
    [
      0,
      12
    ],
    [
      0,
      13
    ],
    [
      0,
      14
    ],
    [
      0,
      15
    ],
    [
      0,
      16
    ],
    [
      0,
      17
    ],
    [
      0,
      18
    ],
    [
      0,
      19
    ]
  ],
  "graph_nodes": [
    0,
    1,
    2,
    3,
    4,
    5,
    6,
    7,
    8,
    9,
    10,
    11,
    12,
    13,
    14,
    15,
    16,
    17,
    18,
    19
  ],
  "cost_matrix": [
    [
      55.039291563562884,
      86.02680444854454,
      68.90336607009134,
      33.827590280329986,
      6.939795026501171,
      39.24150032322819,
      22.10183600975121,
      93.31815835805466,
      72.55901158673035,
      5.642635360169581,
      82.30977408906529,
      59.59508042979531,
      25.955079330534712,
      32.19259234859125,
      19.595964203655612,
      35.68167079765886,
      26.467038377528883,
      2.1002974170019386,
      41.549262476976274,
      41.813190701070795
    ],
    [
      5.275688318746771,
      95.5458705494435,
      40.37005119257606,
      53.436180574732866,
      24.048478353490122,
      31.551890298698886,
      55.64580608344867,
      71.13908727186562,
      95.3890307665601,
      60.590555917942076,
      40.8229054246956,
      36.138089754396155,
      81.6021855402789,
      30.46654405887661,
      54.91681817076184,
      96.34513938710617,
      19.15615207104695,
      73.07173648703743,
      73.59076642253717,
      5.567857877333689
    ],
    [
      96.98905298352102,
      37.683810776860426,
      70.98747951462191,
      28.119139458234592,
      25.655461420698856,
      31.192265619094087,
      14.746346871999496,
      97.5363705863289,
      1.832778532015905,
      89.55270826366602,
      36.06621384278088,
      92.77649823238723,
      40.64827910351743,
      47.376667850252716,
      45.29727387688582,
      90.9340129043472,
      64.58733135050673,
      24.740590794467185,
      67.95756924070095,
      43.489050082333925
    ],
    [
      23.281007610379756,
      16.031718605347887,
      45.90163607009952,
      82.36789017373526,
      64.1568350856046,
      99.71937061384828,
      53.15994024931769,
      25.249660863736228,
      3.8159218010458087,
      69.37556199443175,
      30.345346097782436,
      77.2290291690131,
      19.57999842267906,
      46.93657735541563,
      2.2289409311553023,
      16.497852815788697,
      17.681360717681315,
      24.52680091554366,
      63.27550170675221,
      17.558491539705358
    ],
    [
      36.52064415652412,
      80.31096619783025,
      79.64701935810096,
      15.576695818657535,
      24.568902430578927,
      47.10238093083262,
      95.02421666572813,
      53.16384723479784,
      33.108930061564045,
      10.729582796662323,
      22.06292195234569,
      3.0709370089554158,
      67.3244068203503,
      24.023160127633325,
      79.59279078336695,
      33.73056208795333,
      3.669215483243113,
      96.54074730215459,
      94.844990296992,
      87.7991270712212
    ],
    [
      70.45316080549946,
      18.288061632971065,
      80.65193792875304,
      39.30398157095233,
      71.41963142908925,
      29.654544737380508,
      10.517416035124223,
      67.05062609665221,
      91.63084365738635,
      12.342919512987391,
      3.5577306819084225,
      90.70708083846179,
      85.87272941931784,
      76.09134495455247,
      47.24082102718997,
      13.855252676027165,
      54.680687443906734,
      18.951163959155043,
      41.61708030376861,
      65.61954352101164
    ],
    [
      9.425950514850536,
      59.169826953176255,
      72.97332414825598,
      5.7481235738525465,
      46.318227371160916,
      12.29615797116006,
      67.01331912800518,
      16.814071247845128,
      76.63649600070381,
      76.48624548950932,
      81.17613405396393,
      2.260809103852524,
      73.47721677357666,
      87.26661021446526,
      83.7960195060502,
      87.16500026117797,
      29.449748185974823,
      27.697778164386307,
      63.98024887912495,
      25.055634018735628
    ],
    [
      77.98780071602273,
      8.010722535256257,
      76.92800543643403,
      44.11848110116569,
      96.80299245831307,
      77.43880126071433,
      34.336029492817026,
      9.855990980156252,
      47.85814641932499,
      94.07833553051407,
      99.76480440531468,
      92.82207549465643,
      98.74419682780385,
      14.498414924742512,
      65.48917334943361,
      30.12563354397656,
      74.31327268916996,
      50.484348676964935,
      81.49192810770337,
      90.9487335224722
    ],
    [
      5.68813647254018,
      56.72171299910155,
      93.57570586365654,
      12.9250069216689,
      49.79007738334445,
      73.2107916368361,
      89.1599784363962,
      1.790766402695888,
      71.63396159440568,
      27.845450753119454,
      64.75436887583695,
      66.50475687221528,
      71.66596385847524,
      41.3917178927019,
      32.34373346742838,
      63.556692616605865,
      22.1699376228919,
      52.11428196185758,
      62.3363580991921,
      22.86274599944911
    ],
    [
      40.5347736864025,
      74.5002530866286,
      35.065063807776156,
      20.985861805502267,
      83.957707490162,
      5.5980756865460375,
      2.5906837144189407,
      6.741368837692031,
      33.9430363772019,
      21.186286793156494,
      50.84775222651791,
      56.43816299839103,
      4.994589206103766,
      7.706489656749596,
      5.3390110955730075,
      74.98578651822704,
      59.2983561503563,
      4.683388200700936,
      90.09141391145563,
      51.1800622454458
    ],
    [
      24.653083901359675,
      4.053811529665927,
      21.846068671083017,
      35.99891952007986,
      91.17964225192702,
      22.88191397907459,
      99.6834548139253,
      66.53791253683079,
      17.780818409283015,
      49.63544634597173,
      53.69054330753201,
      89.98368101907585,
      25.2302133574316,
      21.102400652284867,
      92.96881017207659,
      92.70267845127043,
      60.99253992173239,
      36.13098710553001,
      40.574675735774505,
      7.38289484777636
    ],
    [
      60.68975329603696,
      98.90225644277557,
      56.28186230250121,
      88.13426779598201,
      19.356661535817192,
      60.871893356418774,
      99.25639215622647,
      77.51787810589198,
      10.614593270619329,
      80.25683003814636,
      71.28011309620348,
      4.128794923739629,
      81.90677137148084,
      29.684384483806934,
      99.7069650431332,
      39.435994561779786,
      1.6680124096887243,
      73.26411514920184,
      40.74447460663786,
      15.163376725930965
    ],
    [
      14.635723287415075,
      92.45780238100244,
      1.738101195241655,
      32.41659519675714,
      54.372447857637184,
      15.670465189393406,
      81.90084264203968,
      47.69234754364332,
      68.10371830004611,
      1.0657065749842438,
      62.98656744917262,
      8.444486002935694,
      38.79802289851723,
      48.30391548421577,
      19.51044564539171,
      67.3451625272396,
      97.07184761319174,
      21.019060010878608,
      63.15949391860885,
      25.704818420077437
    ],
    [
      51.240524547941476,
      83.13168006573203,
      6.399435042787296,
      79.65774005410576,
      21.123953355980074,
      84.80471663963702,
      31.79914707708701,
      23.754127500728,
      72.70591040183267,
      80.99775560435839,
      29.96285186668112,
      6.567592201891294,
      71.17743027664432,
      73.36897708818302,
      82.28424063534143,
      96.63504496428317,
      77.0281559774638,
      44.055491327995306,
      23.928058640107285,
