{
  "graph_edges": [
    [
      0,
      1
    ],
    [
      0,
      2
    ],
    [
      0,
      3
    ],
    [
      0,
      4
    ],
    [
      0,
      5
    ],
    [
      0,
      6
    ],
    [
      0,
      7
    ],
    [
      0,
      8
    ],
    [
      0,
      9
    ],
    [
      0,
      10
    ],
    [
      0,
      11
    ],
    [
      0,
      12
    ],
    [
      0,
      13
    ],
    [
      0,
      14
    ]
  ],
  "graph_nodes": [
    0,
    1,
    2,
    3,
    4,
    5,
    6,
    7,
    8,
    9,
    10,
    11,
    12,
    13,
    14
  ],
  "cost_matrix": [
    [
      38.53075401794324,
      57.14271855078179,
      59.963658753055064,
      45.53603098668981,
      46.24496271407715,
      31.853448789664156,
      32.020398758559466,
      30.191086639156463,
      53.54647366232701,
      40.22598013834247
    ],
    [
      72.15628684631098,
      55.26110769803916,
      58.625433188006966,
      17.597442841313764,
      3.898442562142149,
      21.66544987348703,
      3.234968221190179,
      63.83276977648199,
      23.21973218077419,
      40.43267715980811
    ],
    [
      62.330579042791385,
      1.1929012460119592,
      4.531326907474064,
      38.3021656994237,
      22.427998973264277,
      41.07970280251236,
      86.73341922217867,
      26.31661860064213,
      60.54205304327058,
      23.46323274425167
    ],
    [
      21.402706798848737,
      18.41607367664535,
      88.97133329499466,
      67.48664734085799,
      38.206216375139455,
      2.7808104654399823,
      35.901253269373065,
      31.296253489952253,
      42.91090261396804,
      40.01651265300894
    ],
    [
      57.33234549279637,
      57.942609053832,
      62.70499761333898,
      25.726885112813275,
      13.963600873922367,
      25.26224293961934,
      98.94367522185092,
      95.73897006064371,
      71.44606493877981,
      76.99354583015011
    ],
    [
      9.607746751701875,
      90.37837275273752,
      54.212646688471914,
      10.795498385038641,
      81.4468603419755,
      53.47528775472596,
      69.81201469494962,
      33.85529312874549,
      96.58996112572163,
      25.761674413244258
    ],
    [
      24.896865266412977,
      10.599838994649456,
      61.60555063691784,
      52.26584943861797,
      47.06722507152352,
      84.57958255885764,
      44.5496025083408,
      84.53331501573123,
      7.421104452578318,
      84.55423103233458
    ],
    [
      33.54694459811655,
      43.76962928958827,
      27.011702827051618,
      65.4183581467104,
      8.748149806321681,
      11.646536249432803,
      29.270815854023947,
      5.514592220489558,
      96.12093667372895,
      2.6002505870778463
    ],
    [
      60.746675644461874,
      67.65731116212112,
      94.22939223490731,
      71.2942826183237,
      33.23045883747606,
      11.054205927780728,
      47.76706678220985,
      31.393096172560874,
      56.16474235692004,
      33.706146022719594
    ],
    [
      33.121073094484814,
      97.9672195724156,
      79.89339903380215,
      98.87388314133727,
      8.861584189527969,
      46.42472022310618,
      86.81556182741684,
      48.43605541781525,
      80.91903306075257,
      3.3130132810765396
    ],
    [
      60.63749642838658,
      8.65591036028217,
      54.87580520125296,
      5.870455984528536,
      74.25435998821793,
      50.79896450183837,
      5.660312171338277,
      3.240641927181626,
      82.82276375132363,
      38.18989060168606
    ],
    [
      1.7082287629157324,
      5.989871334321416,
      82.4536974519362,
      96.8898089117522,
      53.10247055335205,
      16.956418524518718,
      48.106840887526275,
      49.27875442591434,
      15.982422903210118,
      23.260861260553202
    ],
    [
      31.074011108389435,
      28.228078880238353,
      40.25602348135598,
      71.12279282319604,
      83.38504203293887,
      63.9376281036557,
      65.44561168077334,
      2.5077106103210687,
      35.060669536972505,
      73.00138801395961
    ],
    [
      63.26113825487429,
      38.40898596817288,
      7.198316460858622,
      34.41927883395249,
      16.84252010412333,
      72.5442260036936,
      18.136219871173218,
      84.38256830804066,
      73.94025873712452,
      33.93561140326841
    ],
    [
      13.937525590423764,
      86.67286808354228,
      84.68396566638935,
      38.12466435026394,
      53.69854745017537,
      46.294394404457364,
      11.290902413670672,
      87.3049442260584,
      61.0226575811103,
      8.314118120511724
    ]
  ],
  "n_vertices": 15,
  "n_edges": 14,
  "n_colors": 10,
  "metadata": {
    "instance_type": "star",
    "n_vertices": 15,
    "n_colors": 10,
    "cost_pattern": "uniform",
    "seed": 64,
    "density": 0.13333333333333333,
    "is_feasible": true,
    "known_optimal_cost": 110.82149078808001,
    "chromatic_number": 2
  }
}