{
  "graph_edges": [
    [
      0,
      1
    ],
    [
      0,
      2
    ],
    [
      0,
      3
    ],
    [
      0,
      4
    ],
    [
      0,
      5
    ],
    [
      0,
      6
    ],
    [
      0,
      7
    ],
    [
      0,
      8
    ],
    [
      0,
      9
    ]
  ],
  "graph_nodes": [
    0,
    1,
    2,
    3,
    4,
    5,
    6,
    7,
    8,
    9
  ],
  "cost_matrix": [
    [
      30.78645967461526,
      19.507635817845923,
      32.995085019853725,
      66.9092074585426,
      57.130109295952124,
      40.427141930977704
    ],
    [
      38.56207663693507,
      2.0475720519856537,
      17.8661944983775,
      13.2159436973303,
      69.54772636400452,
      87.56971449669643
    ],
    [
      34.402293559223715,
      99.25346334227719,
      14.022467007588093,
      50.53265381917191,
      29.375430149610985,
      22.837900625650672
    ],
    [
      50.70646911715797,
      63.97019143318846,
      63.932016966847,
      8.96287577564112,
      58.561941421908685,
      84.07989508249632
    ],
    [
      30.008806956675766,
      98.80504634278117,
      55.171913009234935,
      95.97920333445362,
      36.27242089878489,
      52.20555136555794
    ],
    [
      98.81332617500252,
      21.220951238245675,
      97.62923398915007,
      4.952997436546015,
      2.9133411797874396,
      20.207701944162757
    ],
    [
      2.1469689430838796,
      45.2403960028813,
      65.5417938530948,
      71.42032164347158,
      26.245836343003333,
      76.62793484835278
    ],
    [
      96.69144974721097,
      53.941072370452375,
      43.65592367937603,
      50.48968928081977,
      76.84986543368252,
      33.109495262648515
    ],
    [
      17.20358726389424,
      62.21675002174657,
      64.34380002087877,
      78.78607647207741,
      92.84668034066895,
      83.97095593353333
    ],
    [
      96.31831822674121,
      55.733029286032796,
      3.9077810153068433,
      15.184850783018552,
      47.72132278490096,
      68.5287618635213
    ]
  ],
  "n_vertices": 10,
  "n_edges": 9,
  "n_colors": 6,
  "metadata": {
    "instance_type": "star",
    "n_vertices": 10,
    "n_colors": 6,
    "cost_pattern": "uniform",
    "seed": 60,
    "density": 0.2,
    "is_feasible": true,
    "known_optimal_cost": 144.99890291980213,
    "chromatic_number": 2
  }
}