{
  "graph_edges": [
    [
      0,
      1
    ],
    [
      0,
      2
    ],
    [
      0,
      3
    ],
    [
      0,
      4
    ],
    [
      0,
      5
    ],
    [
      0,
      6
    ],
    [
      0,
      7
    ],
    [
      0,
      8
    ],
    [
      0,
      9
    ]
  ],
  "graph_nodes": [
    0,
    1,
    2,
    3,
    4,
    5,
    6,
    7,
    8,
    9
  ],
  "cost_matrix": [
    [
      4.341716331897624,
      49.42164328859288,
      84.7624246308074,
      41.728797981167666,
      63.51012199934571,
      29.80338048934727
    ],
    [
      54.73722860409073,
      23.589956610427073,
      24.78735661261979,
      95.39229517936529,
      64.9352327843434,
      2.7678581956500774
    ],
    [
      99.61645603611504,
      73.78425891933956,
      72.47230362571669,
      41.639154319986126,
      21.174239091109545,
      96.2481503748137
    ],
    [
      23.22263177583539,
      5.730493766580038,
      88.50086958834817,
      89.02407430476606,
      96.31540804347834,
      61.5062891301542
    ],
    [
      98.59557384582811,
      40.90589979871426,
      16.534675345515716,
      59.15746387196167,
      39.06778928704515,
      30.096518874085692
    ],
    [
      2.740094048655149,
      47.21915047362343,
      91.09657643255173,
      11.149471474224837,
      43.432743980170585,
      13.955776086454609
    ],
    [
      12.0890012591683,
      92.95472385895097,
      62.30829202266983,
      27.820761029864936,
      73.75241909662944,
      19.709230855004648
    ],
    [
      28.95505112896109,
      29.8552467560775,
      52.24534118216977,
      39.20026654614998,
      23.96091693299066,
      80.81783543846349
    ],
    [
      71.06063121364737,
      85.1220849413625,
      37.022296335497785,
      34.22990627313429,
      93.06119403514192,
      77.62629970881055
    ],
    [
      59.49271906997003,
      88.87485791992921,
      68.29357555694003,
      2.765519958884268,
      80.20520514384069,
      66.7418850581216
    ]
  ],
  "n_vertices": 10,
  "n_edges": 9,
  "n_colors": 6,
  "metadata": {
    "instance_type": "star",
    "n_vertices": 10,
    "n_colors": 6,
    "cost_pattern": "uniform",
    "seed": 62,
    "density": 0.2,
    "is_feasible": true,
    "known_optimal_cost": 142.3640282249917,
    "chromatic_number": 2
  }
}