{
  "graph_edges": [
    [
      0,
      1
    ],
    [
      0,
      2
    ],
    [
      0,
      3
    ],
    [
      0,
      4
    ],
    [
      0,
      5
    ],
    [
      0,
      6
    ],
    [
      0,
      7
    ],
    [
      0,
      8
    ],
    [
      0,
      9
    ]
  ],
  "graph_nodes": [
    0,
    1,
    2,
    3,
    4,
    5,
    6,
    7,
    8,
    9
  ],
  "cost_matrix": [
    [
      82.62247811541489,
      18.953623517222777,
      87.85535005249821,
      50.45557942731728,
      96.52771688904517,
      1.351009134163354
    ],
    [
      92.44079031720013,
      63.31494741021987,
      31.12545794493583,
      34.7515831245968,
      14.932782890687642,
      49.21317580979965
    ],
    [
      88.22362530423325,
      45.84650860617875,
      48.02481982573913,
      88.35171259540014,
      67.07891093504536,
      9.101047261841744
    ],
    [
      3.754519124318035,
      72.2833125519154,
      71.47037814218764,
      4.947444227707683,
      47.1348560780207,
      37.37209626664538
    ],
    [
      60.32307518341218,
      72.74398058379445,
      20.006746290851176,
      53.29367336958368,
      29.85286685857663,
      14.809628280683926
    ],
    [
      95.64216266957159,
      60.89936546047875,
      91.11793621886892,
      46.325331734249275,
      5.304802230257401,
      13.52969102641175
    ],
    [
      34.12235626472024,
      45.33772212786408,
      43.17130956800981,
      55.34760378711202,
      77.19944842590105,
      92.29772771701724
    ],
    [
      75.21934039600967,
      29.94237963334695,
      20.114319423458326,
      26.797732680271494,
      72.88227581839297,
      45.990795849312256
    ],
    [
      17.939551017520575,
      64.60185211804469,
      2.024182648955658,
      77.08194713837351,
      26.558856507150228,
      27.558448822640205
    ],
    [
      48.98415515011144,
      33.348425268022446,
      37.918298766936864,
      10.721068247514388,
      4.854057289566315,
      19.555266160228573
    ]
  ],
  "n_vertices": 10,
  "n_edges": 9,
  "n_colors": 6,
  "metadata": {
    "instance_type": "star",
    "n_vertices": 10,
    "n_colors": 6,
    "cost_pattern": "uniform",
    "seed": 61,
    "density": 0.2,
    "is_feasible": true,
    "known_optimal_cost": 127.97131893171206,
    "chromatic_number": 2
  }
}