{
  "graph_edges": [
    [
      0,
      1
    ],
    [
      0,
      2
    ],
    [
      0,
      3
    ],
    [
      0,
      4
    ],
    [
      0,
      5
    ],
    [
      0,
      6
    ],
    [
      0,
      7
    ],
    [
      0,
      8
    ],
    [
      0,
      9
    ],
    [
      0,
      10
    ],
    [
      0,
      11
    ],
    [
      0,
      12
    ],
    [
      0,
      13
    ],
    [
      0,
      14
    ]
  ],
  "graph_nodes": [
    0,
    1,
    2,
    3,
    4,
    5,
    6,
    7,
    8,
    9,
    10,
    11,
    12,
    13,
    14
  ],
  "cost_matrix": [
    [
      55.840161227558056,
      40.2285414768313,
      5.764550485427593,
      53.04158354819242,
      16.150819599377144,
      50.501005938421244,
      26.35259119189861,
      54.766222629081554,
      55.2783458323287,
      23.353082671808274
    ],
    [
      9.835384784316814,
      45.73509289847992,
      77.56506655903745,
      68.52935033073348,
      86.35199123211041,
      45.93065463905616,
      57.37455619120438,
      1.521942132384806,
      87.57789764189246,
      58.210055237274624
    ],
    [
      94.57767910126314,
      89.28690084492222,
      68.5060813642164,
      89.14474064924165,
      20.15269406485059,
      80.45338849255732,
      3.3176352269693226,
      92.12356639313599,
      67.24133245908817,
      74.4727315108806
    ],
    [
      96.62286118167782,
      40.5828726351929,
      32.14973845721494,
      49.618594316068624,
      30.267856645420963,
      54.602253544736776,
      30.01616771087134,
      24.350357940317906,
      70.25995492109996,
      35.34098613048382
    ],
    [
      46.42753400431025,
      60.63848110939655,
      11.91318324343198,
      40.764583580488974,
      26.924856598757852,
      60.26312733670587,
      91.10496367136932,
      18.92690510257039,
      98.658825059489,
      69.03917366213368
    ],
    [
      56.25307483392887,
      94.24075566543377,
      67.41670274132233,
      60.863550040974985,
      41.11466581244043,
      54.25183747344574,
      96.80942422174344,
      6.4183113118197195,
      91.33145767399408,
      84.86117657811562
    ],
    [
      95.34708045547211,
      1.255403222106839,
      91.8638086513705,
      82.55065714128648,
      55.60204551824719,
      73.95595451766411,
      93.69273227410908,
      25.75260775768387,
      98.15421047946052,
      56.2362679168076
    ],
    [
      49.23337429220392,
      60.45035225870222,
      60.6649268443996,
      61.078638888572414,
      96.96025539641863,
      62.371094260425814,
      34.97491246923575,
      19.37714805228724,
      87.81360106890865,
      80.18874705946062
    ],
    [
      16.919763920672338,
      74.27483381086192,
      74.07405477937533,
      11.259193739757368,
      16.23825082997422,
      2.9009322048104504,
      48.798657902690614,
      61.25842879059525,
      69.18982447022331,
      10.40126454894579
    ],
    [
      91.85840318836094,
      3.026383161835579,
      55.526702682737664,
      32.20686629311071,
      45.20722590472016,
      55.609694322857145,
      95.8632745324802,
      7.191144935031381,
      13.416701209833553,
      43.261139683637644
    ],
    [
      13.689014369600027,
      24.62407541939396,
      41.18411311253846,
      24.1576570664567,
      40.297082061932294,
      75.65793943875185,
      69.47022461937804,
      41.504666641692765,
      31.87911587894752,
      92.59510588804268
    ],
    [
      67.10160851317292,
      50.727326648808216,
      33.671075475495655,
      38.201398596570336,
      15.732397890754482,
      82.92878055996535,
      56.65014421033384,
      71.56452738773673,
      67.73613216293491,
      9.563680469149439
    ],
    [
      65.74650918971574,
      79.88413379579245,
      97.96717443061293,
      97.99388469578912,
      65.25507990982061,
      35.763792745606786,
      62.86763527096221,
      87.48941700959323,
      51.519037606047945,
      86.88169740229284
    ],
    [
      23.282561717087887,
      13.868955835991985,
      9.503290348940565,
      64.5926046240622,
      93.01695435527427,
      30.609642333897785,
      10.288412158127139,
      66.36802229593684,
      26.832952103087628,
      32.25104151944289
    ],
    [
      87.74844526810132,
      6.437258363931131,
      29.659835608163977,
      90.73822807619942,
      55.41313802165807,
      30.68899865655927,
      85.79828059990439,
      29.688943402988876,
      76.44774452304802,
      61.7971150399918
    ]
  ],
  "n_vertices": 15,
  "n_edges": 14,
  "n_colors": 10,
  "metadata": {
    "instance_type": "star",
    "n_vertices": 15,
    "n_colors": 10,
    "cost_pattern": "uniform",
    "seed": 63,
    "density": 0.13333333333333333,
    "is_feasible": true,
    "known_optimal_cost": 162.60172694694438,
    "chromatic_number": 2
  }
}