{
  "graph_edges": [
    [
      0,
      9
    ],
    [
      1,
      9
    ],
    [
      2,
      3
    ],
    [
      2,
      4
    ],
    [
      2,
      9
    ],
    [
      5,
      6
    ],
    [
      5,
      9
    ],
    [
      6,
      7
    ],
    [
      6,
      8
    ]
  ],
  "graph_nodes": [
    0,
    1,
    2,
    3,
    4,
    5,
    6,
    7,
    8,
    9
  ],
  "cost_matrix": [
    [
      12.235358717471303,
      97.4738263492092,
      73.14472871660952
    ],
    [
      35.79531278337744,
      71.05290868764902,
      80.16085556434534
    ],
    [
      64.91062359632096,
      42.045361111628466,
      70.8970701160279
    ],
    [
      25.41828879568955,
      26.34325069849827,
      3.377124060390732
    ],
    [
      10.773869530032242,
      30.74320710076755,
      64.44471210323215
    ],
    [
      32.89858685887842,
      19.36391966951315,
      91.80216135471395
    ],
    [
      27.82115953410223,
      28.081241268149405,
      95.48685555745573
    ],
    [
      13.584342534847291,
      74.97922013805774,
      1.5185576141913593
    ],
    [
      85.82227017857215,
      69.89966393084809,
      55.74954471922032
    ],
    [
      93.58834394752186,
      51.74972944461117,
      18.583594493983245
    ]
  ],
  "n_vertices": 10,
  "n_edges": 9,
  "n_colors": 3,
  "metadata": {
    "instance_type": "tree",
    "n_vertices": 10,
    "n_colors": 3,
    "p": 0.0,
    "cost_pattern": "uniform",
    "seed": 47,
    "density": 0.2,
    "is_feasible": true,
    "known_optimal_cost": 227.2638022339105,
    "chromatic_number": 2
  }
}