{
  "graph_edges": [
    [
      0,
      1
    ],
    [
      0,
      2
    ],
    [
      0,
      10
    ],
    [
      2,
      3
    ],
    [
      2,
      5
    ],
    [
      2,
      6
    ],
    [
      3,
      4
    ],
    [
      6,
      7
    ],
    [
      7,
      8
    ],
    [
      7,
      9
    ],
    [
      10,
      11
    ],
    [
      11,
      12
    ],
    [
      11,
      14
    ],
    [
      11,
      16
    ],
    [
      12,
      13
    ],
    [
      14,
      15
    ],
    [
      16,
      17
    ],
    [
      16,
      18
    ],
    [
      16,
      19
    ]
  ],
  "graph_nodes": [
    0,
    1,
    2,
    3,
    4,
    5,
    6,
    7,
    8,
    9,
    10,
    11,
    12,
    13,
    14,
    15,
    16,
    17,
    18,
    19
  ],
  "cost_matrix": [
    [
      9.647614647315331,
      23.817232855621075,
      41.69504599325236
    ],
    [
      31.767487157448613,
      57.02963318538905,
      54.9613066746012
    ],
    [
      80.9028448402073,
      91.89735562107616,
      52.68698453152403
    ],
    [
      43.04403887744022,
      8.108591500414146,
      89.95435616774256
    ],
    [
      42.630868779449585,
      58.63480900590116,
      22.20120005166986
    ],
    [
      45.30108229852422,
      47.31851663414783,
      10.963078536761014
    ],
    [
      92.8015015854187,
      16.937697589910687,
      87.5848238904849
    ],
    [
      6.1638456289675725,
      99.23567743109528,
      11.409584268544124
    ],
    [
      40.79699543085424,
      8.111818889659297,
      2.900110734436166
    ],
    [
      72.41010054093955,
      5.105120652891119,
      2.846403091692161
    ],
    [
      9.210836155867899,
      28.80955083200316,
      43.485029070409034
    ],
    [
      2.9533040380511224,
      46.7051217846934,
      67.28907105030832
    ],
    [
      67.631342753741,
      79.89962447969765,
      9.288304081297959
    ],
    [
      89.59252023236151,
      78.884018307614,
      66.73838695943483
    ],
    [
      85.41521584408144,
      54.89440582308352,
      20.549669370577472
    ],
    [
      54.332223844778184,
      51.22170907181509,
      28.458347513565478
    ],
    [
      67.17993864940861,
      73.40437602372329,
      69.57868607603959
    ],
    [
      60.32716131613993,
      20.427541698776047,
      66.26489491693366
    ],
    [
      31.552247751820033,
      37.567723630393786,
      29.193631720162426
    ],
    [
      92.78459803241363,
      77.77664644343557,
      64.49022906384826
    ]
  ],
  "n_vertices": 20,
  "n_edges": 19,
  "n_colors": 3,
  "metadata": {
    "instance_type": "tree",
    "n_vertices": 20,
    "n_colors": 3,
    "p": 0.0,
    "cost_pattern": "uniform",
    "seed": 57,
    "density": 0.1,
    "is_feasible": true,
    "known_optimal_cost": 603.7594918911897,
    "chromatic_number": 2
  }
}