{
  "graph_edges": [
    [
      0,
      1
    ],
    [
      0,
      2
    ],
    [
      0,
      9
    ],
    [
      3,
      4
    ],
    [
      3,
      9
    ],
    [
      4,
      5
    ],
    [
      6,
      7
    ],
    [
      6,
      9
    ],
    [
      7,
      8
    ]
  ],
  "graph_nodes": [
    0,
    1,
    2,
    3,
    4,
    5,
    6,
    7,
    8,
    9
  ],
  "cost_matrix": [
    [
      2.7315368221841103,
      89.26575345084558,
      29.201255579917913
    ],
    [
      30.59866136843683,
      79.4113918048875,
      33.12258915034465
    ],
    [
      86.60632828233558,
      45.30375058917354,
      55.274760728659324
    ],
    [
      36.36002748816896,
      12.11889051387827,
      15.047818329981416
    ],
    [
      45.05094859450631,
      73.46604229350427,
      46.550021591430884
    ],
    [
      59.68169648856187,
      34.33467188547904,
      45.98835426200069
    ],
    [
      19.52564951022195,
      41.474686114394345,
      14.07810195464569
    ],
    [
      4.673921183499025,
      9.116795244359993,
      22.13055515695379
    ],
    [
      54.97769710776002,
      65.85156848897378,
      59.29000366540097
    ],
    [
      57.92337512794991,
      34.13384645088374,
      38.676671430997175
    ]
  ],
  "n_vertices": 10,
  "n_edges": 9,
  "n_colors": 3,
  "metadata": {
    "instance_type": "tree",
    "n_vertices": 10,
    "n_colors": 3,
    "p": 0.0,
    "cost_pattern": "uniform",
    "seed": 48,
    "density": 0.2,
    "is_feasible": true,
    "known_optimal_cost": 287.76718862609846,
    "chromatic_number": 2
  }
}