{
  "graph_edges": [
    [
      0,
      1
    ],
    [
      0,
      2
    ],
    [
      0,
      14
    ],
    [
      2,
      3
    ],
    [
      3,
      4
    ],
    [
      3,
      5
    ],
    [
      3,
      6
    ],
    [
      7,
      8
    ],
    [
      7,
      14
    ],
    [
      9,
      10
    ],
    [
      9,
      11
    ],
    [
      9,
      12
    ],
    [
      9,
      14
    ],
    [
      12,
      13
    ]
  ],
  "graph_nodes": [
    0,
    1,
    2,
    3,
    4,
    5,
    6,
    7,
    8,
    9,
    10,
    11,
    12,
    13,
    14
  ],
  "cost_matrix": [
    [
      67.89741013485168,
      5.426506038091658,
      34.98706358171664
    ],
    [
      64.75795297496326,
      29.13708687528866,
      94.9844428583505
    ],
    [
      16.60934670860263,
      39.409323279853474,
      59.40937397075912
    ],
    [
      49.29178333997122,
      18.259995216388003,
      22.600073557137854
    ],
    [
      65.0278088763008,
      25.733309505091125,
      41.614550624059035
    ],
    [
      5.724852516646487,
      33.03128130756051,
      29.92797411230032
    ],
    [
      45.095639790417856,
      6.967205757225068,
      75.70920079222678
    ],
    [
      73.14237221367617,
      56.91133293372919,
      71.6980181457786
    ],
    [
      58.65325197446856,
      64.2747722463065,
      79.72467412693442
    ],
    [
      87.07956543052994,
      35.64919792627097,
      31.48207300349046
    ],
    [
      60.76866956215141,
      37.84266969340882,
      86.51368933625481
    ],
    [
      71.44774857074535,
      42.87965520276646,
      87.83873486538855
    ],
    [
      2.891217407251224,
      46.299745003005306,
      17.742265391418904
    ],
    [
      84.44459809122449,
      13.321125134081356,
      74.54913356510596
    ],
    [
      84.9125045141031,
      18.26415528562962,
      27.869881868991193
    ]
  ],
  "n_vertices": 15,
  "n_edges": 14,
  "n_colors": 3,
  "metadata": {
    "instance_type": "tree",
    "n_vertices": 15,
    "n_colors": 3,
    "p": 0.0,
    "cost_pattern": "uniform",
    "seed": 51,
    "density": 0.13333333333333333,
    "is_feasible": true,
    "known_optimal_cost": 418.7911043485836,
    "chromatic_number": 2
  }
}