{
  "graph_edges": [
    [
      0,
      1
    ],
    [
      0,
      2
    ],
    [
      0,
      4
    ],
    [
      2,
      3
    ],
    [
      4,
      5
    ],
    [
      5,
      6
    ],
    [
      6,
      7
    ]
  ],
  "graph_nodes": [
    0,
    1,
    2,
    3,
    4,
    5,
    6,
    7
  ],
  "cost_matrix": [
    [
      98.91213983408441,
      55.40492795762782,
      28.863282893551222
    ],
    [
      8.651667041838097,
      45.002480101208505,
      47.80798900579305
    ],
    [
      5.803678089738141,
      17.16912037261841,
      12.4791204382965
    ],
    [
      63.11177658773818,
      85.76202281096681,
      65.3601396876677
    ],
    [
      99.0814467910222,
      47.56472409197476,
      62.211153873168456
    ],
    [
      28.984053446585573,
      97.62432826593663,
      67.63373191403585
    ],
    [
      44.6125579886799,
      29.67904668495739,
      51.46026872066699
    ],
    [
      12.133628683803467,
      23.4685241448863,
      48.37667816150777
    ]
  ],
  "n_vertices": 8,
  "n_edges": 7,
  "n_colors": 3,
  "metadata": {
    "instance_type": "tree",
    "n_vertices": 8,
    "n_colors": 3,
    "p": 0.0,
    "cost_pattern": "uniform",
    "seed": 45,
    "density": 0.25,
    "is_feasible": true,
    "known_optimal_cost": 227.04022062011634,
    "chromatic_number": 2
  }
}