{
  "graph_edges": [
    [
      0,
      1
    ],
    [
      0,
      10
    ],
    [
      1,
      2
    ],
    [
      2,
      3
    ],
    [
      2,
      4
    ],
    [
      2,
      9
    ],
    [
      4,
      5
    ],
    [
      5,
      6
    ],
    [
      5,
      7
    ],
    [
      5,
      8
    ],
    [
      10,
      11
    ],
    [
      11,
      12
    ],
    [
      12,
      13
    ],
    [
      12,
      14
    ],
    [
      14,
      15
    ],
    [
      14,
      16
    ],
    [
      14,
      17
    ],
    [
      14,
      18
    ],
    [
      14,
      19
    ]
  ],
  "graph_nodes": [
    0,
    1,
    2,
    3,
    4,
    5,
    6,
    7,
    8,
    9,
    10,
    11,
    12,
    13,
    14,
    15,
    16,
    17,
    18,
    19
  ],
  "cost_matrix": [
    [
      10.217720380513942,
      97.19393607898897,
      48.902138065900964
    ],
    [
      25.009747448308346,
      53.58125915091806,
      29.26887931101508
    ],
    [
      86.40040732811232,
      5.068915192626497,
      11.726425661121318
    ],
    [
      76.948844497441,
      6.091442179504544,
      77.79593732574945
    ],
    [
      1.904755319074316,
      62.21289923222657,
      82.05222394110734
    ],
    [
      89.95998657517018,
      98.57554659376198,
      50.17774732123908
    ],
    [
      35.87957365126896,
      86.84141445273235,
      40.29129282665345
    ],
    [
      64.72206469849318,
      3.0248780033935487,
      81.00036975595046
    ],
    [
      43.5317168998967,
      56.29610572780633,
      78.13201772488908
    ],
    [
      40.85315523162523,
      90.89149687317686,
      65.34699148767389
    ],
    [
      72.99995048791965,
      78.17654295849384,
      35.72201731989736
    ],
    [
      2.946332109692182,
      36.49729838341653,
      31.019319683532604
    ],
    [
      91.98713722594698,
      26.086296062479164,
      24.874322351299494
    ],
    [
      91.08239158073593,
      77.90471969708733,
      43.546821820095616
    ],
    [
      92.25724541806447,
      71.06226819329025,
      8.105172827437071
    ],
    [
      32.88602992287569,
      84.66683668285778,
      63.93360196203523
    ],
    [
      61.92302923336645,
      81.02312576878693,
      64.00737081929489
    ],
    [
      27.47458685952739,
      39.16990563131179,
      35.15081816940725
    ],
    [
      20.83264502008569,
      26.762956207132085,
      67.59759988076677
    ],
    [
      84.98821275630193,
      21.074731068846567,
      77.34222358354367
    ]
  ],
  "n_vertices": 20,
  "n_edges": 19,
  "n_colors": 3,
  "metadata": {
    "instance_type": "tree",
    "n_vertices": 20,
    "n_colors": 3,
    "p": 0.0,
    "cost_pattern": "uniform",
    "seed": 55,
    "density": 0.1,
    "is_feasible": true,
    "known_optimal_cost": 537.5863360428588,
    "chromatic_number": 2
  }
}