{
  "graph_edges": [
    [
      0,
      14
    ],
    [
      1,
      14
    ],
    [
      2,
      3
    ],
    [
      2,
      14
    ],
    [
      3,
      4
    ],
    [
      5,
      14
    ],
    [
      6,
      14
    ],
    [
      7,
      8
    ],
    [
      7,
      14
    ],
    [
      8,
      9
    ],
    [
      9,
      10
    ],
    [
      9,
      12
    ],
    [
      10,
      11
    ],
    [
      12,
      13
    ]
  ],
  "graph_nodes": [
    0,
    1,
    2,
    3,
    4,
    5,
    6,
    7,
    8,
    9,
    10,
    11,
    12,
    13,
    14
  ],
  "cost_matrix": [
    [
      82.4879237302694,
      3.585680175416866,
      21.866293353198103
    ],
    [
      62.223755165611415,
      10.730162068353017,
      62.39299967780902
    ],
    [
      6.335131740245932,
      96.10475172261961,
      98.06250804729227
    ],
    [
      52.59163737685116,
      64.01878113871923,
      76.71093787865574
    ],
    [
      76.7305741670651,
      42.35087237641255,
      77.11172532605052
    ],
    [
      42.89697329079114,
      92.68425358115633,
      68.51072200236744
    ],
    [
      37.47710354114415,
      86.03207567992918,
      38.669072318355596
    ],
    [
      10.400472124477165,
      33.164180650045495,
      42.09610642810663
    ],
    [
      74.48512093618764,
      66.13297789107594,
      20.93036630293688
    ],
    [
      81.04030341109126,
      78.85384140256701,
      40.09902415250718
    ],
    [
      51.55100726391678,
      79.81979460870042,
      45.09237209321172
    ],
    [
      74.5636241405113,
      8.796158258855819,
      49.27688054365128
    ],
    [
      44.004475842425,
      25.359736621618712,
      86.3024311090439
    ],
    [
      2.9822333526805265,
      45.631844273313554,
      5.694864560180558
    ],
    [
      50.2750221216071,
      86.01862640867245,
      34.14674998510328
    ]
  ],
  "n_vertices": 15,
  "n_edges": 14,
  "n_colors": 3,
  "metadata": {
    "instance_type": "tree",
    "n_vertices": 15,
    "n_colors": 3,
    "p": 0.0,
    "cost_pattern": "uniform",
    "seed": 52,
    "density": 0.13333333333333333,
    "is_feasible": true,
    "known_optimal_cost": 448.83525322099473,
    "chromatic_number": 2
  }
}