{
  "graph_edges": [
    [
      0,
      7
    ],
    [
      1,
      2
    ],
    [
      1,
      7
    ],
    [
      2,
      3
    ],
    [
      4,
      5
    ],
    [
      4,
      7
    ],
    [
      5,
      6
    ]
  ],
  "graph_nodes": [
    0,
    1,
    2,
    3,
    4,
    5,
    6,
    7
  ],
  "cost_matrix": [
    [
      38.07947176588889,
      95.1207163345817,
      73.46740023932911
    ],
    [
      60.26718993550662,
      16.445845403801215,
      16.443457513284063
    ],
    [
      6.750277604651747,
      86.75143843171858,
      60.510386162577674
    ],
    [
      71.09918520180851,
      3.0378649352844422,
      97.02107536403744
    ],
    [
      83.41182143924175,
      22.02157195714934,
      19.00067175350296
    ],
    [
      19.15704647548995,
      31.119982052994235,
      52.950886731591545
    ],
    [
      43.76255684556946,
      29.83168487960615,
      61.573436577515565
    ],
    [
      14.809892204552142,
      29.922320204986598,
      37.269822486075476
    ]
  ],
  "n_vertices": 8,
  "n_edges": 7,
  "n_colors": 3,
  "metadata": {
    "instance_type": "tree",
    "n_vertices": 8,
    "n_colors": 3,
    "p": 0.0,
    "cost_pattern": "uniform",
    "seed": 42,
    "density": 0.25,
    "is_feasible": true,
    "known_optimal_cost": 162.22279513269478,
    "chromatic_number": 2
  }
}