{
  "graph_edges": [
    [
      0,
      1
    ],
    [
      0,
      2
    ],
    [
      0,
      3
    ],
    [
      0,
      5
    ],
    [
      3,
      4
    ],
    [
      5,
      6
    ],
    [
      5,
      7
    ],
    [
      7,
      8
    ],
    [
      8,
      9
    ]
  ],
  "graph_nodes": [
    0,
    1,
    2,
    3,
    4,
    5,
    6,
    7,
    8,
    9
  ],
  "cost_matrix": [
    [
      30.795481129735542,
      25.459121364219627,
      92.70717837085839
    ],
    [
      89.26874038949863,
      68.6443992375237,
      57.12158129046755
    ],
    [
      55.14962214406014,
      21.831959762689817,
      77.20569235035813
    ],
    [
      89.72677999474035,
      72.44339520003119,
      50.37925464091831
    ],
    [
      44.77906550652523,
      80.44062225263811,
      84.63829926825204
    ],
    [
      23.684682236860063,
      96.25458659902068,
      6.832915219021687
    ],
    [
      29.693950763578385,
      31.904250068985743,
      70.48872048457852
    ],
    [
      71.05327725730048,
      94.35984789495667,
      61.03193351730618
    ],
    [
      36.16750169282837,
      42.65912425155207,
      90.74345774162313
    ],
    [
      25.94097124749429,
      30.98912343064955,
      8.528715205987824
    ]
  ],
  "n_vertices": 10,
  "n_edges": 9,
  "n_colors": 3,
  "metadata": {
    "instance_type": "tree",
    "n_vertices": 10,
    "n_colors": 3,
    "p": 0.0,
    "cost_pattern": "uniform",
    "seed": 49,
    "density": 0.2,
    "is_feasible": true,
    "known_optimal_cost": 363.6753250277769,
    "chromatic_number": 2
  }
}