{
  "graph_edges": [
    [
      0,
      14
    ],
    [
      1,
      14
    ],
    [
      2,
      3
    ],
    [
      2,
      4
    ],
    [
      2,
      5
    ],
    [
      2,
      6
    ],
    [
      2,
      14
    ],
    [
      7,
      8
    ],
    [
      7,
      12
    ],
    [
      7,
      14
    ],
    [
      8,
      9
    ],
    [
      9,
      10
    ],
    [
      10,
      11
    ],
    [
      12,
      13
    ]
  ],
  "graph_nodes": [
    0,
    1,
    2,
    3,
    4,
    5,
    6,
    7,
    8,
    9,
    10,
    11,
    12,
    13,
    14
  ],
  "cost_matrix": [
    [
      84.81957831380325,
      56.555388486238385,
      46.03266483816953
    ],
    [
      35.865316455504214,
      58.99928702934889,
      54.0392246830345
    ],
    [
      82.91817140115526,
      27.18967767348141,
      48.35952707253286
    ],
    [
      35.430717261726464,
      14.313353908588399,
      26.737757683962855
    ],
    [
      5.715832940759288,
      40.0350371681787,
      37.79000301673294
    ],
    [
      56.11655940526874,
      89.85196088239815,
      17.567242813632014
    ],
    [
      41.31343556315283,
      65.58298053909635,
      57.20715893565499
    ],
    [
      57.08536674548888,
      52.911154860860115,
      61.15042240383315
    ],
    [
      13.694559528298198,
      19.74323723582681,
      44.677574335970576
    ],
    [
      86.34137605895684,
      89.80149958809216,
      23.664017882227796
    ],
    [
      47.16180477261338,
      47.58557329095716,
      43.14767519792479
    ],
    [
      97.03040799417974,
      82.76371097670594,
      70.78664498507983
    ],
    [
      31.12330119393672,
      15.760992245860539,
      94.19306688460547
    ],
    [
      77.94081337721092,
      25.326021258230295,
      71.39688552325167
    ],
    [
      27.500805550737216,
      86.80286312642197,
      24.046746596263052
    ]
  ],
  "n_vertices": 15,
  "n_edges": 14,
  "n_colors": 3,
  "metadata": {
    "instance_type": "tree",
    "n_vertices": 15,
    "n_colors": 3,
    "p": 0.0,
    "cost_pattern": "uniform",
    "seed": 53,
    "density": 0.13333333333333333,
    "is_feasible": true,
    "known_optimal_cost": 499.6589026942404,
    "chromatic_number": 2
  }
}