{
  "graph_edges": [
    [
      0,
      14
    ],
    [
      1,
      2
    ],
    [
      1,
      5
    ],
    [
      1,
      6
    ],
    [
      1,
      14
    ],
    [
      2,
      3
    ],
    [
      3,
      4
    ],
    [
      7,
      8
    ],
    [
      7,
      9
    ],
    [
      7,
      12
    ],
    [
      7,
      13
    ],
    [
      7,
      14
    ],
    [
      9,
      10
    ],
    [
      10,
      11
    ]
  ],
  "graph_nodes": [
    0,
    1,
    2,
    3,
    4,
    5,
    6,
    7,
    8,
    9,
    10,
    11,
    12,
    13,
    14
  ],
  "cost_matrix": [
    [
      49.965562908264125,
      23.580227340484285,
      26.291918451963923
    ],
    [
      40.236661062554916,
      38.35419467142128,
      99.66084878531028
    ],
    [
      41.411522832986506,
      77.41750548913164,
      76.29313211287955
    ],
    [
      31.69092551984787,
      35.30757925170703,
      35.82471693215968
    ],
    [
      15.401218793119343,
      97.29380378702757,
      91.00866536125652
    ],
    [
      56.43575326849038,
      32.04548390317375,
      88.93180371486493
    ],
    [
      67.78273351640414,
      39.717657316217604,
      51.211228267384676
    ],
    [
      52.88624676374729,
      92.87209185383868,
      57.56593383485373
    ],
    [
      67.16541930889133,
      6.173610419544418,
      33.378673102238444
    ],
    [
      6.58376227797785,
      18.802941712314954,
      92.66738407760322
    ],
    [
      93.8635070712968,
      71.69517803597527,
      73.53607328174515
    ],
    [
      46.71301995017878,
      93.20159749298887,
      41.23560409073994
    ],
    [
      68.63737128220717,
      65.34167094081715,
      60.27775268761543
    ],
    [
      22.981899815887907,
      68.5533597445015,
      87.92757395763226
    ],
    [
      79.87500906482578,
      43.768222532010014,
      91.8699436966806
    ]
  ],
  "n_vertices": 15,
  "n_edges": 14,
  "n_colors": 3,
  "metadata": {
    "instance_type": "tree",
    "n_vertices": 15,
    "n_colors": 3,
    "p": 0.0,
    "cost_pattern": "uniform",
    "seed": 50,
    "density": 0.13333333333333333,
    "is_feasible": true,
    "known_optimal_cost": 580.6395328394224,
    "chromatic_number": 2
  }
}