{
  "graph_edges": [
    [
      0,
      1
    ],
    [
      0,
      2
    ],
    [
      0,
      3
    ],
    [
      0,
      10
    ],
    [
      3,
      4
    ],
    [
      3,
      5
    ],
    [
      3,
      6
    ],
    [
      3,
      8
    ],
    [
      6,
      7
    ],
    [
      8,
      9
    ],
    [
      10,
      11
    ],
    [
      11,
      12
    ],
    [
      11,
      16
    ],
    [
      12,
      13
    ],
    [
      13,
      14
    ],
    [
      13,
      15
    ],
    [
      16,
      17
    ],
    [
      17,
      18
    ],
    [
      17,
      19
    ]
  ],
  "graph_nodes": [
    0,
    1,
    2,
    3,
    4,
    5,
    6,
    7,
    8,
    9,
    10,
    11,
    12,
    13,
    14,
    15,
    16,
    17,
    18,
    19
  ],
  "cost_matrix": [
    [
      42.59811374693661,
      36.96071019954348,
      19.302792088383722
    ],
    [
      52.30999008858014,
      1.8519397488681584,
      96.92468446522913
    ],
    [
      80.33674434562963,
      75.97388687225678,
      67.47694588234057
    ],
    [
      3.9360438736673937,
      39.76464096805282,
      41.07460986066685
    ],
    [
      19.77347042404595,
      76.94345880379119,
      62.05559138587891
    ],
    [
      92.70112243509749,
      33.18727937609484,
      26.06228088262753
    ],
    [
      72.30157393862874,
      99.69878883578112,
      31.47944405163423
    ],
    [
      18.02668148705675,
      18.363068039579655,
      17.2188326227204
    ],
    [
      58.91642327443865,
      47.88002017870434,
      46.61493827037502
    ],
    [
      24.280246832843503,
      85.76550005815427,
      47.61848379847933
    ],
    [
      6.403759717317643,
      99.33245087530734,
      20.360082539579203
    ],
    [
      71.53996343633041,
      81.8226063297449,
      47.634669836212844
    ],
    [
      26.84753126669564,
      44.62128507159007,
      21.728912458685905
    ],
    [
      47.81747738453313,
      23.906896097313066,
      16.95651782873397
    ],
    [
      22.48915298595019,
      16.910832735106183,
      94.75054746245881
    ],
    [
      62.552410344950474,
      73.14971145309731,
      87.73303152641118
    ],
    [
      94.22579542279959,
      12.973710736610185,
      88.38981002175909
    ],
    [
      10.513719938442161,
      78.492122421147,
      66.08919231760609
    ],
    [
      88.34167662579837,
      65.7071817644405,
      5.131044834977801
    ],
    [
      63.44315977462111,
      71.39506641621982,
      46.017119102890085
    ]
  ],
  "n_vertices": 20,
  "n_edges": 19,
  "n_colors": 3,
  "metadata": {
    "instance_type": "tree",
    "n_vertices": 20,
    "n_colors": 3,
    "p": 0.0,
    "cost_pattern": "uniform",
    "seed": 54,
    "density": 0.1,
    "is_feasible": true,
    "known_optimal_cost": 555.0716379680814,
    "chromatic_number": 2
  }
}