{
  "graph_edges": [
    [
      0,
      1
    ],
    [
      0,
      4
    ],
    [
      1,
      2
    ],
    [
      2,
      3
    ],
    [
      4,
      5
    ],
    [
      5,
      6
    ],
    [
      6,
      7
    ]
  ],
  "graph_nodes": [
    0,
    1,
    2,
    3,
    4,
    5,
    6,
    7
  ],
  "cost_matrix": [
    [
      12.390402072588117,
      61.29758738866866,
      14.20570545441284
    ],
    [
      24.818372376569528,
      33.38676652530284,
      86.05461160391117
    ],
    [
      66.94293109670456,
      54.575059016056976,
      3.87236861801168
    ],
    [
      73.64108133174801,
      40.10005182466958,
      80.40266474423798
    ],
    [
      26.18769146012805,
      6.631608728464028,
      86.79821544902083
    ],
    [
      22.881870592552758,
      41.093955356678705,
      32.29355063080266
    ],
    [
      8.589607299648279,
      84.47924472874075,
      85.04497562674129
    ],
    [
      97.1750440521034,
      39.15231452511867,
      95.49432438575785
    ]
  ],
  "n_vertices": 8,
  "n_edges": 7,
  "n_colors": 3,
  "metadata": {
    "instance_type": "tree",
    "n_vertices": 8,
    "n_colors": 3,
    "p": 0.0,
    "cost_pattern": "uniform",
    "seed": 43,
    "density": 0.25,
    "is_feasible": true,
    "known_optimal_cost": 169.66357945769724,
    "chromatic_number": 2
  }
}