{
  "graph_edges": [
    [
      0,
      1
    ],
    [
      0,
      2
    ],
    [
      0,
      3
    ],
    [
      0,
      4
    ],
    [
      0,
      19
    ],
    [
      5,
      6
    ],
    [
      5,
      7
    ],
    [
      5,
      8
    ],
    [
      5,
      9
    ],
    [
      5,
      19
    ],
    [
      10,
      11
    ],
    [
      10,
      12
    ],
    [
      10,
      13
    ],
    [
      10,
      14
    ],
    [
      10,
      17
    ],
    [
      10,
      18
    ],
    [
      10,
      19
    ],
    [
      14,
      15
    ],
    [
      15,
      16
    ]
  ],
  "graph_nodes": [
    0,
    1,
    2,
    3,
    4,
    5,
    6,
    7,
    8,
    9,
    10,
    11,
    12,
    13,
    14,
    15,
    16,
    17,
    18,
    19
  ],
  "cost_matrix": [
    [
      98.4349932037151,
      34.00781433545068,
      67.69646084224462
    ],
    [
      20.44265130423793,
      36.09019999946133,
      81.523229365024
    ],
    [
      25.537105797614842,
      46.402521189475166,
      87.85284072821167
    ],
    [
      39.7741876555734,
      33.287208614680694,
      9.919415914133355
    ],
    [
      83.58755724245957,
      10.52494888926101,
      65.10696312763075
    ],
    [
      55.400894848367194,
      85.12431364717062,
      27.266414504208914
    ],
    [
      44.645963778952975,
      88.20765286699316,
      73.89941279037026
    ],
    [
      71.5513637027654,
      4.531524924858248,
      2.953391665308754
    ],
    [
      33.45189025315729,
      56.73864670313058,
      74.82598766541416
    ],
    [
      73.22722089417006,
      99.02892084852449,
      96.38489011777868
    ],
    [
      55.469338159617735,
      98.83790545052692,
      51.41620696996268
    ],
    [
      35.627471297057184,
      93.20065186251229,
      21.214033376946873
    ],
    [
      40.71548353336904,
      47.747465903910054,
      14.644909883955783
    ],
    [
      72.79506924155942,
      58.98793690509623,
      16.49604588614821
    ],
    [
      78.82152679349848,
      17.36847977894065,
      74.68941883233146
    ],
    [
      26.666122573118056,
      75.47206679914174,
      13.763493490365315
    ],
    [
      3.5166761720487987,
      18.481534346473232,
      96.77882276430917
    ],
    [
      28.94906373873091,
      82.8037684184898,
      37.843528537304955
    ],
    [
      47.42916357805773,
      19.65045935583106,
      16.120821595171392
    ],
    [
      1.1626011892378494,
      46.40345936004701,
      4.842483849724466
    ]
  ],
  "n_vertices": 20,
  "n_edges": 19,
  "n_colors": 3,
  "metadata": {
    "instance_type": "tree",
    "n_vertices": 20,
    "n_colors": 3,
    "p": 0.0,
    "cost_pattern": "uniform",
    "seed": 56,
    "density": 0.1,
    "is_feasible": true,
    "known_optimal_cost": 583.4521760439333,
    "chromatic_number": 2
  }
}