{
  "graph_edges": [
    [
      0,
      1
    ],
    [
      0,
      3
    ],
    [
      0,
      5
    ],
    [
      1,
      2
    ],
    [
      3,
      4
    ],
    [
      5,
      6
    ],
    [
      6,
      7
    ],
    [
      6,
      8
    ],
    [
      6,
      9
    ]
  ],
  "graph_nodes": [
    0,
    1,
    2,
    3,
    4,
    5,
    6,
    7,
    8,
    9
  ],
  "cost_matrix": [
    [
      78.59940272976931,
      63.848536899220285,
      25.65526606005914
    ],
    [
      76.04951060033196,
      31.994616627536303,
      93.78649839135136
    ],
    [
      5.243679386874128,
      44.64585313955064,
      91.35950670358457
    ],
    [
      46.045387973751104,
      51.28549972967537,
      9.405887524675315
    ],
    [
      43.20862931548823,
      74.82597900969334,
      86.84105816546823
    ],
    [
      33.04291686316639,
      11.303365334015538,
      80.40869663849126
    ],
    [
      40.08836296883166,
      63.149040735184784,
      4.562865816370371
    ],
    [
      30.690877152132007,
      5.71766874079929,
      37.84889670280639
    ],
    [
      26.979104446391514,
      99.06209443485592,
      40.119389462202975
    ],
    [
      31.446386997307563,
      22.88901249842274,
      49.90847747365235
    ]
  ],
  "n_vertices": 10,
  "n_edges": 9,
  "n_colors": 3,
  "metadata": {
    "instance_type": "tree",
    "n_vertices": 10,
    "n_colors": 3,
    "p": 0.0,
    "cost_pattern": "uniform",
    "seed": 46,
    "density": 0.2,
    "is_feasible": true,
    "known_optimal_cost": 228.8397079556326,
    "chromatic_number": 2
  }
}