{
  "graph_edges": [
    [
      0,
      1
    ],
    [
      0,
      2
    ],
    [
      0,
      7
    ],
    [
      3,
      4
    ],
    [
      3,
      7
    ],
    [
      4,
      5
    ],
    [
      6,
      7
    ]
  ],
  "graph_nodes": [
    0,
    1,
    2,
    3,
    4,
    5,
    6,
    7
  ],
  "cost_matrix": [
    [
      83.6493727178993,
      11.374814332617104,
      74.71940768627226
    ],
    [
      36.68958278937229,
      36.571772942999125,
      61.31459968119702
    ],
    [
      39.98417555773688,
      41.49818837622897,
      51.480338549371034
    ],
    [
      71.30465133938027,
      96.09209629536106,
      46.205489784954786
    ],
    [
      43.33750058509929,
      12.232906410877069,
      22.571988065305888
    ],
    [
      95.78973483772381,
      94.3917213200351,
      88.30060383449327
    ],
    [
      64.99464567793595,
      22.168656400930246,
      64.04636936687709
    ],
    [
      14.775478946505446,
      46.41170296023089,
      87.5124553304755
    ]
  ],
  "n_vertices": 8,
  "n_edges": 7,
  "n_colors": 3,
  "metadata": {
    "instance_type": "tree",
    "n_vertices": 8,
    "n_colors": 3,
    "p": 0.0,
    "cost_pattern": "uniform",
    "seed": 44,
    "density": 0.25,
    "is_feasible": true,
    "known_optimal_cost": 271.73170805748714,
    "chromatic_number": 2
  }
}