{
  "graph_edges": [
    [
      0,
      1
    ],
    [
      0,
      2
    ],
    [
      0,
      3
    ],
    [
      0,
      4
    ],
    [
      0,
      5
    ],
    [
      0,
      6
    ],
    [
      0,
      7
    ],
    [
      0,
      8
    ],
    [
      0,
      9
    ],
    [
      0,
      10
    ],
    [
      0,
      11
    ],
    [
      0,
      12
    ],
    [
      0,
      13
    ],
    [
      0,
      14
    ],
    [
      0,
      15
    ],
    [
      0,
      16
    ],
    [
      0,
      17
    ],
    [
      0,
      18
    ],
    [
      0,
      19
    ],
    [
      1,
      2
    ],
    [
      1,
      19
    ],
    [
      2,
      3
    ],
    [
      3,
      4
    ],
    [
      4,
      5
    ],
    [
      5,
      6
    ],
    [
      6,
      7
    ],
    [
      7,
      8
    ],
    [
      8,
      9
    ],
    [
      9,
      10
    ],
    [
      10,
      11
    ],
    [
      11,
      12
    ],
    [
      12,
      13
    ],
    [
      13,
      14
    ],
    [
      14,
      15
    ],
    [
      15,
      16
    ],
    [
      16,
      17
    ],
    [
      17,
      18
    ],
    [
      18,
      19
    ]
  ],
  "graph_nodes": [
    0,
    1,
    2,
    3,
    4,
    5,
    6,
    7,
    8,
    9,
    10,
    11,
    12,
    13,
    14,
    15,
    16,
    17,
    18,
    19
  ],
  "cost_matrix": [
    [
      91.991794148119,
      64.57736439246169,
      75.61751074318849,
      14.792142242170767,
      9.644635250970406,
      79.0122037456127,
      33.288942766414394,
      54.5657143261208,
      24.783282410932596,
      54.99686963201459,
      40.65489586430903,
      71.80399684069593,
      83.83131416703829,
      59.25963311212161,
      30.3193018393026,
      28.820751374742457,
      70.85412722108549,
      42.83704658878546,
      6.67428253947341,
      74.95570336400503
    ],
    [
      45.77898829287039,
      18.401699065101113,
      5.888322932134216,
      29.955058530800525,
      7.613113978054669,
      75.36449211312133,
      7.3133808839849666,
      43.75892362176537,
      37.05306893085865,
      16.04518104356353,
      55.12432363187566,
      44.88601072263103,
      4.570069690288191,
      82.46642593172103,
      28.055975629868428,
      17.72953670801133,
      64.79260571638082,
      11.646566801456663,
      35.971264713593165,
      39.18466215344503
    ],
    [
      45.11003509157255,
      97.72821348195681,
      73.21000689628512,
      31.911270774784153,
      89.58076869011128,
      78.54408592228118,
      26.93803379211958,
      31.63883542933933,
      13.81561234747462,
      42.794964267125685,
      94.03673846176838,
      37.33724444289442,
      44.04272229560557,
      91.79226188157261,
      94.78209817905288,
      26.22252186078219,
      71.26065422164685,
      5.947664079129015,
      14.33964913147635,
      51.14408836756367
    ],
    [
      59.31813760800077,
      33.362962257129304,
      15.336630373553307,
      26.506210546864263,
      85.88714295137105,
      68.7134014520222,
      99.86462775453538,
      32.6261108952142,
      45.88741443580168,
      86.8945955997146,
      64.21369590294279,
      33.85733789631181,
      54.6557856420454,
      12.120057075227622,
      81.83582091893267,
      22.872232988433623,
      51.982452542795905,
      53.08268902455203,
      28.43178015884791,
      90.53764253439446
    ],
    [
      42.62227335305147,
      94.95243580059973,
      78.86064698400884,
      48.67314270286774,
      2.180233804692859,
      6.912357290215543,
      82.7460570860477,
      41.05906174011956,
      6.262158119399732,
      26.70426577250375,
      28.833915444570902,
      94.38700106518331,
      89.46930660308479,
      21.02663767950585,
      10.93572006471569,
      57.73126348805934,
      74.7923600407383,
      60.47528737308838,
      91.01471474601418,
      93.91919847879248
    ],
    [
      56.5950439670944,
      89.19233170240955,
      31.935350410727537,
      77.33430007697923,
      22.15142030251488,
      29.546095234959555,
      28.07083672403609,
      25.60157051019989,
      2.4329793063326286,
      61.30218465907725,
      86.32273522245805,
      26.654919340634503,
      86.81961435135366,
      43.22645556488248,
      16.87869918108869,
      6.596631522553356,
      42.8579121478105,
      73.86360942453993,
      48.21842537116514,
      70.36922781894957
    ],
    [
      92.69188094541289,
      45.81574422168171,
      39.78768348922559,
      36.56495054320928,
      92.15378170967381,
      3.7539890140524848,
      24.264059319598466,
      8.874890751260256,
      57.01304633999794,
      30.193968047116833,
      72.21831574866466,
      10.781399285184683,
      3.655144033275158,
      70.48127798325518,
      79.35536899927834,
      38.44861408424866,
      25.484938471462744,
      27.015449865986792,
      50.342958150518776,
      31.114548546971825
    ],
    [
      72.14528187383186,
      61.45542171232937,
      7.402617814271015,
      15.653420886300548,
      97.05409771769997,
      47.680698175787015,
      73.58405297647717,
      21.859042005701852,
      64.62518280522225,
      91.24762456828624,
      4.418349355308369,
      18.558315760216054,
      30.328897851255537,
      31.950701403208708,
      33.167569478496105,
      58.22966389588176,
      99.83367561241161,
      36.12352809708274,
      3.059086116303356,
      10.862858270441219
    ],
    [
      39.77034475544958,
      60.862794502246686,
      88.04995645662453,
      15.118260910256978,
      36.08874173244409,
      55.43999741251079,
      83.91811218834398,
      59.427228480846395,
      99.48194930122179,
      75.14314330270714,
      4.012999205830308,
      92.42193039770035,
      98.00900100632391,
      34.396815070704854,
      65.6823340946376,
      58.47857151158777,
      92.39495937834666,
      83.03595561454803,
      88.53172357581946,
      87.48340381083854
    ],
    [
      46.67909419549001,
      70.57651558959681,
      96.04574626047636,
      29.39075470240008,
      45.91020288260916,
      23.87639727627835,
      56.611609322743696,
      25.296845188981724,
      34.87848512765462,
      23.641631360438524,
      41.31842452809178,
      16.028930111369483,
      98.82592295144877,
      46.08372146583513,
      54.19936125045913,
      76.95782906004777,
      92.74078539447697,
      73.49406031694043,
      8.912813310751549,
      81.71400707578053
    ],
    [
      56.48362408720322,
      56.69301597343033,
      90.82061960135191,
      24.673512921147648,
      91.7976087785103,
      24.8344852961951,
      88.02364403269232,
      55.33235031268673,
      66.93214277897378,
      51.3952232852757,
      46.96948874731316,
      85.10894285586421,
      77.66972728345894,
      21.242879118055864,
      49.01571010349764,
      58.810807155086195,
      71.72468935077946,
      58.36264437525774,
      1.8054797624685195,
      69.8601768399413
    ],
    [
      11.429741059039932,
      96.42440781817889,
      18.14529908770379,
      94.38082156298411,
      54.10689929092465,
      92.00410768036863,
      65.43175964019318,
      98.07819287017696,
      3.0214982192286177,
      49.1944524622079,
      52.689730807770346,
      24.6591532603972,
      71.96827320662099,
      10.716072693969167,
      23.4221686489034,
      56.00484325822589,
      1.1481739031074318,
      80.90313315584419,
      81.49813318001692,
      23.685599411019957
    ],
    [
      25.610290234900187,
      64.75339236166971,
      82.65156154817586,
      80.49458467291934,
      52.504570221183094,
      14.093063314628374,
      13.59195305103077,
      95.74772727581933,
      15.971201333314074,
      38.870776784475666,
      70.21538643450774,
      2.5437968226814016,
      77.91762407565795,
      23.1863920917539,
      4.637256385817454,
      24.404816717435967,
