{
  "graph_edges": [
    [
      0,
      1
    ],
    [
      0,
      2
    ],
    [
      0,
      3
    ],
    [
      0,
      4
    ],
    [
      0,
      5
    ],
    [
      0,
      6
    ],
    [
      0,
      7
    ],
    [
      0,
      8
    ],
    [
      0,
      9
    ],
    [
      1,
      2
    ],
    [
      1,
      9
    ],
    [
      2,
      3
    ],
    [
      3,
      4
    ],
    [
      4,
      5
    ],
    [
      5,
      6
    ],
    [
      6,
      7
    ],
    [
      7,
      8
    ],
    [
      8,
      9
    ]
  ],
  "graph_nodes": [
    0,
    1,
    2,
    3,
    4,
    5,
    6,
    7,
    8,
    9
  ],
  "cost_matrix": [
    [
      92.82057332327692,
      87.37020314651234,
      58.87849598695976,
      90.6118471986559,
      32.36642454788321,
      15.652801992048584
    ],
    [
      86.09387612207749,
      43.93639570836421,
      49.85855892729901,
      45.803806027478394,
      36.95231280395493,
      26.966182061237475
    ],
    [
      59.54150878353686,
      31.69108684722925,
      5.326760014288129,
      71.10489724208472,
      19.325829432372245,
      19.880804686459115
    ],
    [
      73.7599572273388,
      13.468673684528557,
      31.399401504815195,
      93.48094994919438,
      98.58673682096772,
      97.819157254567
    ],
    [
      13.99149973223459,
      1.484450339356845,
      79.01115084477317,
      67.7965021370286,
      35.086238384321454,
      34.7929965944934
    ],
    [
      49.346215223127764,
      53.37952035968465,
      99.22760489849699,
      94.85427669420683,
      80.28016092331532,
      19.517096120563647
    ],
    [
      16.35629526886705,
      4.213443900931859,
      27.41611985065531,
      37.23893597806404,
      96.87872212227816,
      37.21499440213839
    ],
    [
      48.90491835936938,
      20.621541779918836,
      91.57871339481738,
      22.14490671831191,
      84.57502952512343,
      6.166000704980489
    ],
    [
      23.98121800676635,
      80.09644313639822,
      22.83282353344498,
      30.68539135203077,
      42.23717728723402,
      49.92278604881655
    ],
    [
      19.290053141804975,
      15.149409205796951,
      11.788031316122291,
      44.67359409667637,
      83.16372411407345,
      94.72612592120673
    ]
  ],
  "n_vertices": 10,
  "n_edges": 18,
  "n_colors": 6,
  "metadata": {
    "instance_type": "wheel",
    "n_vertices": 10,
    "n_colors": 6,
    "cost_pattern": "uniform",
    "seed": 70,
    "density": 0.4,
    "is_feasible": true,
    "known_optimal_cost": 157.78533008953661,
    "chromatic_number": 4
  }
}