{
  "graph_edges": [
    [
      0,
      1
    ],
    [
      0,
      2
    ],
    [
      0,
      3
    ],
    [
      0,
      4
    ],
    [
      0,
      5
    ],
    [
      0,
      6
    ],
    [
      0,
      7
    ],
    [
      0,
      8
    ],
    [
      0,
      9
    ],
    [
      0,
      10
    ],
    [
      0,
      11
    ],
    [
      0,
      12
    ],
    [
      0,
      13
    ],
    [
      0,
      14
    ],
    [
      1,
      2
    ],
    [
      1,
      14
    ],
    [
      2,
      3
    ],
    [
      3,
      4
    ],
    [
      4,
      5
    ],
    [
      5,
      6
    ],
    [
      6,
      7
    ],
    [
      7,
      8
    ],
    [
      8,
      9
    ],
    [
      9,
      10
    ],
    [
      10,
      11
    ],
    [
      11,
      12
    ],
    [
      12,
      13
    ],
    [
      13,
      14
    ]
  ],
  "graph_nodes": [
    0,
    1,
    2,
    3,
    4,
    5,
    6,
    7,
    8,
    9,
    10,
    11,
    12,
    13,
    14
  ],
  "cost_matrix": [
    [
      21.01802704959389,
      78.67021280694553,
      86.19318668446608,
      33.38143490706204,
      25.63718713239851,
      81.22600790840126,
      71.63004413646901,
      66.4715129244442,
      71.3386344459271,
      12.17718664184162
    ],
    [
      87.12722834215118,
      48.16635391922911,
      8.9468172128045,
      15.728275730352294,
      33.0784011175364,
      1.6689810973204227,
      71.97112720131851,
      7.442595428443768,
      42.96072806240946,
      80.68307946814143
    ],
    [
      3.9201161748045323,
      53.051062548078406,
      78.94626559107668,
      81.37571021116452,
      34.804285008062706,
      40.56766091670494,
      86.37083855711843,
      1.21142743627877,
      17.727304257641116,
      38.97923993952663
    ],
    [
      60.395170596836806,
      13.916426785486145,
      4.432364256752052,
      70.48883079512851,
      53.63723188921883,
      75.095320447901,
      16.054424567897186,
      7.746110283963081,
      49.32546636706127,
      53.909720845164465
    ],
    [
      58.20726644384565,
      66.73904825414263,
      44.80166763041593,
      14.632992545800699,
      21.15765334183028,
      22.7729276107585,
      78.46984670551083,
      71.07819034631041,
      52.875278174050685,
      97.9246432220967
    ],
    [
      27.429254672440308,
      73.10815940224923,
      37.83243456515825,
      48.88380050528941,
      77.7983393297435,
      94.92405298666066,
      66.99692240846704,
      73.70514426713751,
      64.94160885364573,
      2.8810022702953555
    ],
    [
      91.39744808971523,
      39.08560629216892,
      56.77578163800589,
      6.69131853873997,
      63.32457499648613,
      9.600396007865738,
      17.289345901853412,
      20.835586828776925,
      44.99064423216149,
      93.42260015409225
    ],
    [
      1.2643450637093578,
      23.446453192081112,
      59.21555618871215,
      63.77139271386092,
      12.592008924562993,
      30.317605238508854,
      68.0473679094281,
      34.45313077652555,
      70.26617846296325,
      6.317411568088675
    ],
    [
      8.926419250572259,
      93.8122834289407,
      95.79545312642601,
      54.89687621777027,
      48.98868179571901,
      11.02739240779129,
      24.83587598149963,
      60.30936306215716,
      78.92995377000558,
      51.88359838027911
    ],
    [
      13.485112284997903,
      78.90775863302365,
      42.67618181474637,
      93.35277373943727,
      13.371142286780366,
      83.10268878326734,
      41.820963382543994,
      66.89155501912411,
      4.829585091510106,
      79.42694197752071
    ],
    [
      70.26637014177614,
      51.14372183996952,
      86.00232934579583,
      88.55734368031187,
      4.188657844739922,
      85.10941618721566,
      83.97568197193749,
      49.6825869828069,
      28.78544353885844,
      48.03565616924833
    ],
    [
      41.11778592121141,
      3.0169257971769583,
      59.23423061308937,
      69.49719621375954,
      36.74750291800152,
      64.78062883179996,
      23.867810688666818,
      35.90216513030852,
      70.74485133184108,
      85.42936749641905
    ],
    [
      14.356744107550872,
      28.796381741582472,
      65.45279162728124,
      80.68410012141493,
      28.09593676686529,
      71.4035412859039,
      97.88881654798871,
      98.64353865660655,
      87.5016754478085,
      35.63075009006935
    ],
    [
      64.27575202114389,
      92.26342465524385,
      73.55637706286522,
      32.39019468388995,
      20.514705787817867,
      57.91932801658304,
      51.354842298444574,
      21.216150310556927,
      60.578048898844656,
      10.86398666465324
    ],
    [
      98.41330436580793,
      58.40940807261884,
      7.168754475563793,
      13.886922420648729,
      55.774972545436874,
      99.53012703708008,
      3.595209068482222,
      59.68816335124655,
      59.16185567570502,
      4.7468445634400895
    ]
  ],
  "n_vertices": 15,
  "n_edges": 28,
  "n_colors": 10,
  "metadata": {
    "instance_type": "wheel",
    "n_vertices": 15,
    "n_colors": 10,
    "cost_pattern": "uniform",
    "seed": 74,
    "density": 0.26666666666666666,
    "is_feasible": true,
    "known_optimal_cost": 124.47121840408886,
    "chromatic_number": 3
  }
}