{
  "graph_edges": [
    [
      0,
      1
    ],
    [
      0,
      2
    ],
    [
      0,
      3
    ],
    [
      0,
      4
    ],
    [
      0,
      5
    ],
    [
      0,
      6
    ],
    [
      0,
      7
    ],
    [
      0,
      8
    ],
    [
      0,
      9
    ],
    [
      0,
      10
    ],
    [
      0,
      11
    ],
    [
      0,
      12
    ],
    [
      0,
      13
    ],
    [
      0,
      14
    ],
    [
      1,
      2
    ],
    [
      1,
      14
    ],
    [
      2,
      3
    ],
    [
      3,
      4
    ],
    [
      4,
      5
    ],
    [
      5,
      6
    ],
    [
      6,
      7
    ],
    [
      7,
      8
    ],
    [
      8,
      9
    ],
    [
      9,
      10
    ],
    [
      10,
      11
    ],
    [
      11,
      12
    ],
    [
      12,
      13
    ],
    [
      13,
      14
    ]
  ],
  "graph_nodes": [
    0,
    1,
    2,
    3,
    4,
    5,
    6,
    7,
    8,
    9,
    10,
    11,
    12,
    13,
    14
  ],
  "cost_matrix": [
    [
      11.567082023275761,
      68.74992069459005,
      53.96129912171763,
      37.549520598246545,
      41.84884972891706,
      59.19690012649288,
      71.89130504090761,
      18.16006983866559,
      7.6074870535568015,
      50.567208395016465
    ],
    [
      43.78257232315171,
      94.72091626660598,
      42.2097273355653,
      25.499498927486066,
      41.01004209804363,
      63.79164931440749,
      58.792564469929935,
      78.4283319575298,
      62.07014931821792,
      63.14889886083403
    ],
    [
      37.61704283490224,
      17.669293745965003,
      74.78678434603833,
      40.1461930123539,
      66.39285387630017,
      32.54578083262995,
      7.877639236175273,
      5.841338091742765,
      44.7229884551631,
      70.44314598216917
    ],
    [
      79.04890332826385,
      24.4961663279154,
      65.45821443340266,
      87.1787660599108,
      21.83832721215122,
      13.859229323641193,
      80.74557096316833,
      4.966799038123006,
      36.744149984477765,
      67.9413106979123
    ],
    [
      82.89906081300339,
      44.21285592971512,
      8.82125840686416,
      10.26025639159524,
      69.54568379723084,
      79.68730916429897,
      32.91470297108259,
      38.36386067918908,
      73.55260963186569,
      28.372305366183184
    ],
    [
      24.96956619939729,
      27.84174668235484,
      17.173538887669917,
      5.673688374875453,
      83.74466861097194,
      89.51796732043937,
      60.20382040718624,
      36.095461869503005,
      8.660061741937504,
      18.212627692397724
    ],
    [
      18.695157354989124,
      42.38396012149169,
      89.47285906423383,
      26.867627908095717,
      65.07316186347636,
      89.54669968115378,
      57.62988637113587,
      11.153777711219726,
      62.17019033866533,
      62.78486671829113
    ],
    [
      70.03895368247531,
      71.00154630263405,
      30.347325769623176,
      33.133053458556006,
      28.19321091920856,
      57.1062140873265,
      8.775685723570062,
      45.31393489299647,
      82.59276390224161,
      83.58406498645567
    ],
    [
      40.42842471050413,
      37.07244938609909,
      17.858825531344923,
      13.962964565052783,
      20.62196890176698,
      49.985375258843845,
      74.15645754046355,
      14.918714169269968,
      13.302034411413103,
      19.11309152866091
    ],
    [
      75.28234162006561,
      77.10321318977363,
      82.44111212036145,
      65.35202528392644,
      89.24086171169407,
      81.90343268250912,
      65.19665649891112,
      14.86526601246299,
      47.651918707000895,
      23.480279415840677
    ],
    [
      56.71368199323405,
      76.0566035582688,
      55.41551355131598,
      76.1161212892566,
      55.53157562208272,
      48.4968688470766,
      71.05991258775838,
      51.095810249346506,
      2.5160904621463844,
      92.24932066660692
    ],
    [
      98.88781910054715,
      66.85166630025788,
      40.29276259575706,
      11.638560806613546,
      58.10318890946904,
      69.65961689334482,
      85.03738853276319,
      22.72079375448182,
      31.43573822395563,
      58.77148434138065
    ],
    [
      62.833452661766906,
      38.103621781621364,
      95.56766648484036,
      93.0339124812719,
      59.63147335574831,
      31.030687346149563,
      5.255645281820754,
      82.6869357610088,
      72.47424750413562,
      73.14345670354952
    ],
    [
      96.19589780193185,
      94.75044605599753,
      34.17433771428922,
      30.904834396844315,
      70.27545641355336,
      89.358148831685,
      25.081088661661383,
      57.18968342451629,
      3.6034552114858673,
      55.40529355520178
    ],
    [
      90.5701318855787,
      28.87913925324129,
      60.901140478283125,
      43.99848886458584,
      94.8223937807722,
      20.50201942616391,
      57.577566638975775,
      44.728898341345676,
      9.048197899492235,
      88.32294212590152
    ]
  ],
  "n_vertices": 15,
  "n_edges": 28,
  "n_colors": 10,
  "metadata": {
    "instance_type": "wheel",
    "n_vertices": 15,
    "n_colors": 10,
    "cost_pattern": "uniform",
    "seed": 72,
    "density": 0.26666666666666666,
    "is_feasible": true,
    "known_optimal_cost": 156.01850105369607,
    "chromatic_number": 3
  }
}