{
  "graph_edges": [
    [
      0,
      1
    ],
    [
      0,
      2
    ],
    [
      0,
      3
    ],
    [
      0,
      4
    ],
    [
      0,
      5
    ],
    [
      0,
      6
    ],
    [
      0,
      7
    ],
    [
      0,
      8
    ],
    [
      0,
      9
    ],
    [
      1,
      2
    ],
    [
      1,
      9
    ],
    [
      2,
      3
    ],
    [
      3,
      4
    ],
    [
      4,
      5
    ],
    [
      5,
      6
    ],
    [
      6,
      7
    ],
    [
      7,
      8
    ],
    [
      8,
      9
    ]
  ],
  "graph_nodes": [
    0,
    1,
    2,
    3,
    4,
    5,
    6,
    7,
    8,
    9
  ],
  "cost_matrix": [
    [
      30.32866700557092,
      81.09770385165935,
      35.67499999711773,
      79.15151638665836,
      56.57354860128668,
      26.105306467793184
    ],
    [
      11.392731284825796,
      6.787612190491092,
      67.65594569621457,
      70.0851360431693,
      73.54553738921373,
      78.99953179127333
    ],
    [
      8.561255718965684,
      32.45037906537647,
      74.36130444117906,
      33.520928688329754,
      47.544403007084384,
      18.927486055733745
    ],
    [
      33.02693577910097,
      46.035709440731836,
      53.433421032693516,
      30.010024316595995,
      28.420539640137903,
      68.13715412552001
    ],
    [
      24.112411359959548,
      68.048281603442,
      43.800917259115806,
      39.3789622413126,
      34.20917445721085,
      51.80899030692181
    ],
    [
      98.78142032161394,
      53.56052275713125,
      68.3631796063829,
      39.722338590905515,
      12.53906334971947,
      71.0153469105696
    ],
    [
      41.94799336143697,
      46.147270175608696,
      33.863301044388386,
      10.277809088310413,
      46.313952908790945,
      80.77349796179324
    ],
    [
      20.15741194738559,
      47.03782064767404,
      19.90083463571248,
      8.512284812118661,
      4.166783511425018,
      16.09309941773498
    ],
    [
      26.452109818073566,
      7.8680030020446114,
      92.79175466774083,
      55.115966090584266,
      96.76230765567719,
      89.83354372395011
    ],
    [
      39.71397157094489,
      38.49820331984942,
      65.50586561416524,
      85.77155799818702,
      44.862090838487894,
      53.74740872853683
    ]
  ],
  "n_vertices": 10,
  "n_edges": 18,
  "n_colors": 6,
  "metadata": {
    "instance_type": "wheel",
    "n_vertices": 10,
    "n_colors": 6,
    "cost_pattern": "uniform",
    "seed": 69,
    "density": 0.4,
    "is_feasible": true,
    "known_optimal_cost": 168.55275589979183,
    "chromatic_number": 4
  }
}