{
  "graph_edges": [
    [
      0,
      1
    ],
    [
      0,
      2
    ],
    [
      0,
      3
    ],
    [
      0,
      4
    ],
    [
      0,
      5
    ],
    [
      0,
      6
    ],
    [
      0,
      7
    ],
    [
      0,
      8
    ],
    [
      0,
      9
    ],
    [
      0,
      10
    ],
    [
      0,
      11
    ],
    [
      0,
      12
    ],
    [
      0,
      13
    ],
    [
      0,
      14
    ],
    [
      0,
      15
    ],
    [
      0,
      16
    ],
    [
      0,
      17
    ],
    [
      0,
      18
    ],
    [
      0,
      19
    ],
    [
      1,
      2
    ],
    [
      1,
      19
    ],
    [
      2,
      3
    ],
    [
      3,
      4
    ],
    [
      4,
      5
    ],
    [
      5,
      6
    ],
    [
      6,
      7
    ],
    [
      7,
      8
    ],
    [
      8,
      9
    ],
    [
      9,
      10
    ],
    [
      10,
      11
    ],
    [
      11,
      12
    ],
    [
      12,
      13
    ],
    [
      13,
      14
    ],
    [
      14,
      15
    ],
    [
      15,
      16
    ],
    [
      16,
      17
    ],
    [
      17,
      18
    ],
    [
      18,
      19
    ]
  ],
  "graph_nodes": [
    0,
    1,
    2,
    3,
    4,
    5,
    6,
    7,
    8,
    9,
    10,
    11,
    12,
    13,
    14,
    15,
    16,
    17,
    18,
    19
  ],
  "cost_matrix": [
    [
      57.32508179180532,
      7.5304585313548005,
      88.92295632012545,
      93.03615954023283,
      68.28951209623686,
      54.88330582605856,
      19.59708487364235,
      62.2080827563164,
      38.03864907015285,
      93.42463465892037,
      65.16597904037869,
      67.50732656052573,
      93.22578321460878,
      67.32882045640176,
      23.980326625891877,
      26.327600753510776,
      23.274190544355505,
      8.98936488250586,
      19.216023983078273,
      72.76998745764733
    ],
    [
      99.89413294393954,
      15.17384140865899,
      22.851428449977167,
      28.566842233135212,
      74.9587181912141,
      98.06771661038397,
      78.02151407552137,
      69.81913993017758,
      94.89703924386986,
      8.706977955550151,
      21.79646202862018,
      66.88240623624894,
      80.1381572133608,
      64.19584354090567,
      4.296600712334673,
      29.23409407941695,
      9.433628968692448,
      87.65176306647096,
      95.5173996180125,
      73.11285364894438
    ],
    [
      3.501385260273615,
      75.80545400747728,
      89.2888442728,
      27.255807825021716,
      93.20532555588788,
      41.349601187703136,
      42.10170771142705,
      20.594169847283133,
      98.58034312233126,
      32.016165655913994,
      18.723571518615003,
      2.1380033466090462,
      80.3629514586716,
      50.884035644930144,
      47.344728719316834,
      78.16544613664138,
      29.066078666226023,
      11.728078658782664,
      88.29325063595277,
      94.13125053923298
    ],
    [
      60.57781044209409,
      64.78939430467952,
      50.444496559747925,
      73.4722550555359,
      95.94291690707578,
      53.598189697534075,
      80.56760493742236,
      49.24097986829915,
      76.43942066676694,
      59.922495225155814,
      47.8039264590911,
      49.2033695391621,
      48.0057328120696,
      43.17744173029045,
      79.19251659008214,
      12.58901702238619,
      14.221884268362835,
      34.71010181687924,
      13.760035524785946,
      70.57464437605023
    ],
    [
      59.00741573184754,
      29.724475705261668,
      53.973995543275265,
      81.05369645563148,
      58.52168515557237,
      9.579109737529174,
      44.57968041379342,
      19.971249125879247,
      72.94353895001231,
      96.55431879888381,
      57.035073028258175,
      66.74472900964699,
      36.929927703943335,
      26.163092264845332,
      18.349829538108555,
      11.630076952701275,
      65.3181971044642,
      50.12263572281935,
      10.671792226714517,
      2.4608280922869343
    ],
    [
      53.510744310966295,
      50.90671392034424,
      64.45971573291311,
      34.11916310987498,
      90.63456974353178,
      50.829993484288956,
      26.79485277150248,
      42.00468187055251,
      12.952779662082417,
      1.6060103347452297,
      90.61119711475436,
      1.0242564770862495,
      23.180721660544005,
      50.471157396204674,
      71.40332230143503,
      10.043369544006794,
      86.30526649359199,
      30.837166245935013,
      56.112447620469624,
      63.629474420646446
    ],
    [
      5.905247508249696,
      56.981428911349,
      91.04407784873159,
      8.63907972777317,
      31.147392736800676,
      65.73905119944706,
      24.17046322445978,
      41.6550716506838,
      72.78841634390147,
      20.75093355210231,
      59.7287807691703,
      79.09342606826063,
      98.6055593685688,
      73.72204614710215,
      84.83829709801287,
      84.56866644162943,
      74.81872143528868,
      59.46510838088303,
      97.08165579926896,
      42.50434701633001
    ],
    [
      89.54795378187052,
      39.35484869507844,
      60.729055169495524,
      76.57253792508307,
      70.86457796029966,
      19.943039597831,
      21.84007994212678,
      36.262756725936896,
      89.16325271900146,
      67.33917183573527,
      12.585305966350175,
      76.54847890540647,
      90.94199605085004,
      70.20139682883804,
      55.11972476103269,
      49.332242172460994,
      39.13441080026579,
      4.906229813061581,
      85.67437475517016,
      18.398448389265184
    ],
    [
      28.083704291394064,
      43.08633917089776,
      52.61218778452116,
      62.8404037788157,
      66.57973372074322,
      78.56019644484388,
      18.34426769466417,
      54.866099482989036,
      22.768620889482712,
      13.080682718778991,
      67.76295541740487,
      12.295048260776499,
      71.41423727188608,
      93.45226179619638,
      92.74316684088188,
      76.6386536662887,
      43.51370213951876,
      47.25373143916039,
      16.140982083434544,
      97.6883863491794
    ],
    [
      96.90955987535938,
      48.169545191509826,
      66.0159179319027,
      87.82992084454101,
      22.611959178287858,
      68.2961681398414,
      47.66114056065653,
      56.5925315763128,
      8.939772774418604,
      81.1074140037041,
      76.35208286073903,
      41.98282626941879,
      27.763348214306806,
      42.80851634928488,
      78.36847024454067,
      8.946158106600633,
      84.75701496753005,
      22.543205947946024,
      78.56591678038231,
      69.3673887983827
    ],
    [
      13.203742524365373,
      43.94935216575049,
      46.274733059333904,
      31.708555658577755,
      21.65249876844716,
      41.49465751482201,
      76.16540381188204,
      8.814777313747989,
      21.788314107774656,
      38.0233209292888,
      9.900442697423273,
      3.4936376754453016,
      6.86492008106527,
      78.04312699996065,
      15.168036214275448,
      88.95911690233787,
      97.12452695179613,
      16.97537637082675,
      9.857175334784683,
      75.74849579171067
    ],
    [
      26.12551912002982,
      22.720171415552567,
      66.53253078304539,
      88.75712470779459,
      93.6605788130762,
      41.16220086996499,
      12.640032737110477,
      13.1825700799293,
      16.842928828799238,
      32.068065916422235,
      35.93884773646085,
      92.77470848947924,
      77.35557745599075,
      49.86100312136478,
      44.232120176340494,
      95.28855305563168,
      8.405842230939324,
      79.21232189904454,
      73.13398173493773,
      67.80479337797736
    ],
    [
      74.42205966372251,
      63.47614275932709,
      79.60546086138216,
      21.319800903663197,
      2.3971169100984935,
      79.44882509160233,
      91.90851304483351,
      20.506738296775914,
      7.920067497637296,
      20.229826543820355,
      16.386682598680725,
      72.56284640341077,
      94.54456954668575,
      95.71352618737676,
      42.8876816173017,
      83.36577070049232,
