{
  "graph_edges": [
    [
      0,
      1
    ],
    [
      0,
      2
    ],
    [
      0,
      3
    ],
    [
      0,
      4
    ],
    [
      0,
      5
    ],
    [
      0,
      6
    ],
    [
      0,
      7
    ],
    [
      0,
      8
    ],
    [
      0,
      9
    ],
    [
      0,
      10
    ],
    [
      0,
      11
    ],
    [
      0,
      12
    ],
    [
      0,
      13
    ],
    [
      0,
      14
    ],
    [
      0,
      15
    ],
    [
      0,
      16
    ],
    [
      0,
      17
    ],
    [
      0,
      18
    ],
    [
      0,
      19
    ],
    [
      1,
      2
    ],
    [
      1,
      19
    ],
    [
      2,
      3
    ],
    [
      3,
      4
    ],
    [
      4,
      5
    ],
    [
      5,
      6
    ],
    [
      6,
      7
    ],
    [
      7,
      8
    ],
    [
      8,
      9
    ],
    [
      9,
      10
    ],
    [
      10,
      11
    ],
    [
      11,
      12
    ],
    [
      12,
      13
    ],
    [
      13,
      14
    ],
    [
      14,
      15
    ],
    [
      15,
      16
    ],
    [
      16,
      17
    ],
    [
      17,
      18
    ],
    [
      18,
      19
    ]
  ],
  "graph_nodes": [
    0,
    1,
    2,
    3,
    4,
    5,
    6,
    7,
    8,
    9,
    10,
    11,
    12,
    13,
    14,
    15,
    16,
    17,
    18,
    19
  ],
  "cost_matrix": [
    [
      31.772150175879172,
      82.07973485116615,
      34.14050983258099,
      20.177638348680727,
      11.921019180207438,
      96.26869865717586,
      86.63967792207539,
      85.38878541701307,
      8.871592178103864,
      76.31314991813734,
      86.15913423932359,
      17.36977150474434,
      65.97428003434462,
      37.57611607481875,
      81.92643318889839,
      91.95630758756506,
      17.15880077884311,
      83.38022684055308,
      44.840943050368935,
      98.77813322029304
    ],
    [
      74.18317094246164,
      56.69532359617894,
      78.20044777692576,
      49.92841970494651,
      90.32254762840975,
      67.59215845442608,
      86.9644056080878,
      81.7538391010703,
      91.10706758194073,
      46.23191413346569,
      29.08218079797729,
      91.06849389368364,
      12.121441347850245,
      8.723859405110172,
      71.94737944881014,
      52.70508103879208,
      96.8764683472796,
      99.83341147672475,
      88.09319238536365,
      89.98832008820045
    ],
    [
      8.990788424040087,
      54.53530671116626,
      4.744693942287525,
      68.61007834309679,
      60.38275120364777,
      79.4879603267753,
      50.96099595381999,
      26.51320191132384,
      20.683278076986827,
      23.33250472821633,
      71.59234345643914,
      53.17655147929779,
      13.537001300072347,
      13.398117655064175,
      28.912519324930305,
      29.625513702852658,
      87.41316787780707,
      90.26846348047542,
      93.31207785894468,
      10.94717065033986
    ],
    [
      65.18795992993736,
      69.60718825546482,
      72.9484230246348,
      5.509932320619159,
      53.74110076643496,
      69.73415024883717,
      42.92736437072868,
      98.43914881310491,
      33.89033735185781,
      80.18893384471113,
      5.315560764404715,
      43.71487212599584,
      1.8827557051697084,
      37.82273775495753,
      23.98087064401482,
      36.44138460377414,
      12.181541326874246,
      38.84723535162715,
      88.6815730715063,
      85.37398469572555
    ],
    [
      13.926837069613558,
      11.919823210923656,
      12.300761320287327,
      47.2100965576479,
      30.130064668271682,
      84.68666492628591,
      8.011020997561204,
      29.35199836492887,
      51.04323888946145,
      18.35503899471277,
      9.816844298355834,
      28.791947629936328,
      16.056186067031728,
      77.86753124554511,
      66.87361108630871,
      56.893130567504734,
      17.315583809816935,
      8.925139513077072,
      12.97580597467933,
      35.003450583778324
    ],
    [
      75.9956819717428,
      20.31423670004433,
      36.102372100263935,
      11.548341520975645,
      98.19650196716165,
      68.86762073103446,
      65.53591398781236,
      2.583814009849933,
      1.5983011777301341,
      46.041008312827366,
      86.11056341642605,
      70.5612822071253,
      8.182563453448177,
      30.326907066338837,
      71.01520316518057,
      7.721619983349788,
      50.25405718906822,
      93.25171351725761,
      46.64804033320812,
      5.246570417581907
    ],
    [
      12.835890424003901,
      93.97953468028628,
      87.92028928653839,
      90.95577763032838,
      22.02694090418573,
      22.724079973135606,
      39.88609693229586,
      65.88038450804997,
      71.09673260803862,
      77.15776795642586,
      28.47857503756318,
      43.67097528548882,
      29.42790169085003,
      86.60284887482662,
      67.8457299369321,
      61.457288246730094,
      5.241803721250236,
      11.771753933447211,
      33.57167044082593,
      28.462857021360026
    ],
    [
      64.13616195619196,
      32.20075013503049,
      14.156267666654879,
      22.255516401975346,
      98.0689744698772,
      15.079615724831859,
      98.55052882009302,
      67.58869472493168,
      26.425352339933177,
      45.04154542112328,
      28.83281684619665,
      49.07636423278734,
      75.33290147536331,
      85.51269027721467,
      39.650741066854124,
      81.70171802081337,
      61.68927522907379,
      53.699415328275805,
      60.06814588422445,
      80.76473057436328
    ],
    [
      41.35999484079645,
      63.77676338922723,
      88.32805701103489,
      69.09926448318078,
      47.59624411751259,
      3.9712086448298165,
      55.257526494998366,
      9.325939451328434,
      3.527885681677114,
      18.493415597039146,
      57.83901331131607,
      30.33623873502786,
      4.658809750314546,
      11.285075604503733,
      87.12262285299909,
      7.903685817013672,
      51.389473643393146,
      39.39657224292891,
      12.86246431872954,
      24.58632614058907
    ],
    [
      33.500550469352454,
      49.638514130615135,
      89.75073766820688,
      80.76640727351696,
      24.93234845375096,
      62.39566298171771,
      5.63273556803856,
      53.27899081276014,
      84.8892520655534,
      94.93316858024562,
      63.481543644638,
      28.70571268393877,
      5.937996015864549,
      49.424144310941585,
      77.72943546900558,
      14.902376366057545,
      61.94722305438595,
      53.17810027096958,
      2.1761302933657207,
      46.97967420248165
    ],
    [
      80.83529731705113,
      28.922636598283976,
      80.59855247088753,
      86.21350194249635,
      17.27946997155668,
      85.41810006276067,
      19.53774476697312,
      5.722313761984464,
      60.92813793890221,
      87.65037230635885,
      42.23578901525442,
      12.470246534255617,
      91.63217975415752,
      95.75615675207919,
      39.06846819912805,
      49.392035544164926,
      27.247306341023084,
      69.78287620226185,
      29.551020812250446,
      9.402289706936084
    ],
    [
      68.50266959073579,
      55.5644439749092,
      52.73775138384694,
      11.862889275098011,
      62.06783143635857,
      78.85381048571801,
      93.05731761393245,
      87.48038624728163,
      77.91269464399323,
      94.63161990470985,
      23.15903334434214,
      57.59436536010839,
      39.842243792229624,
      77.92518760366146,
      83.39956483102186,
      42.55370687250821,
      91.21777239936569,
      32.796927531337246,
      84.38365296725911,
      75.03642122377119
    ],
    [
      76.70357857434283,
      20.14343305337433,
      4.542112550197842,
      57.67012997443691,
      96.9111494622285,
      23.686970915429708,
      74.56339838311291,
      85.3916338336953,
      91.19241836162806,
      45.295152761013235,
      93.02394049117338,
      68.54904210775597,
      2.57241347303426,
      84.52673490511935,
      59.11231024845601,
      11.390292673987748,
