{
  "graph_edges": [
    [
      0,
      1
    ],
    [
      0,
      2
    ],
    [
      0,
      3
    ],
    [
      0,
      4
    ],
    [
      0,
      5
    ],
    [
      0,
      6
    ],
    [
      0,
      7
    ],
    [
      0,
      8
    ],
    [
      0,
      9
    ],
    [
      1,
      2
    ],
    [
      1,
      9
    ],
    [
      2,
      3
    ],
    [
      3,
      4
    ],
    [
      4,
      5
    ],
    [
      5,
      6
    ],
    [
      6,
      7
    ],
    [
      7,
      8
    ],
    [
      8,
      9
    ]
  ],
  "graph_nodes": [
    0,
    1,
    2,
    3,
    4,
    5,
    6,
    7,
    8,
    9
  ],
  "cost_matrix": [
    [
      19.371952207035392,
      39.273331001164934,
      83.3577236650798,
      20.671047454948337,
      91.73923862404968,
      79.04275936320649
    ],
    [
      72.53782415360389,
      99.57375756558201,
      84.69184211617932,
      24.138932431990447,
      32.91902875103129,
      71.94894471863303
    ],
    [
      11.180407634392209,
      60.40897752353144,
      14.490125894699073,
      90.02613442365501,
      25.354723059549947,
      95.40606902617105
    ],
    [
      79.04076374644654,
      43.97533469620488,
      26.207929651625673,
      37.79123581999504,
      57.371301958339906,
      29.46856967325899
    ],
    [
      86.08369160300099,
      92.73570598771883,
      4.712744452627035,
      33.08414908217886,
      34.446332979210744,
      63.083755863903214
    ],
    [
      8.472814205910243,
      23.425712612407914,
      92.14964045104247,
      26.11399033904367,
      87.8162052462563,
      29.792176086146586
    ],
    [
      24.386321341025464,
      19.306637247620763,
      14.58446942456411,
      48.82635674399728,
      73.33855614825599,
      77.05828523532216
    ],
    [
      31.669728459227542,
      69.80474240900257,
      95.04498933575088,
      53.446769501932486,
      42.51801469891893,
      56.919426024160586
    ],
    [
      77.4005301302299,
      44.0897146122833,
      71.44721861019279,
      70.19360786367437,
      16.772453345621344,
      2.363862195797491
    ],
    [
      85.86483920934768,
      55.50025107660585,
      8.84868596713371,
      54.305814572098214,
      26.06244978454815,
      97.58409781171558
    ]
  ],
  "n_vertices": 10,
  "n_edges": 18,
  "n_colors": 6,
  "metadata": {
    "instance_type": "wheel",
    "n_vertices": 10,
    "n_colors": 6,
    "cost_pattern": "uniform",
    "seed": 71,
    "density": 0.4,
    "is_feasible": true,
    "known_optimal_cost": 164.89135821889096,
    "chromatic_number": 4
  }
}