{
  "graph_edges": [
    [
      0,
      1
    ],
    [
      0,
      2
    ],
    [
      0,
      3
    ],
    [
      0,
      4
    ],
    [
      0,
      5
    ],
    [
      0,
      6
    ],
    [
      0,
      7
    ],
    [
      0,
      8
    ],
    [
      0,
      9
    ],
    [
      0,
      10
    ],
    [
      0,
      11
    ],
    [
      0,
      12
    ],
    [
      0,
      13
    ],
    [
      0,
      14
    ],
    [
      1,
      2
    ],
    [
      1,
      14
    ],
    [
      2,
      3
    ],
    [
      3,
      4
    ],
    [
      4,
      5
    ],
    [
      5,
      6
    ],
    [
      6,
      7
    ],
    [
      7,
      8
    ],
    [
      8,
      9
    ],
    [
      9,
      10
    ],
    [
      10,
      11
    ],
    [
      11,
      12
    ],
    [
      12,
      13
    ],
    [
      13,
      14
    ]
  ],
  "graph_nodes": [
    0,
    1,
    2,
    3,
    4,
    5,
    6,
    7,
    8,
    9,
    10,
    11,
    12,
    13,
    14
  ],
  "cost_matrix": [
    [
      64.62630166282182,
      54.32347216592574,
      51.677900263404375,
      61.41546548418664,
      49.80590937750798,
      22.23173778135208,
      25.154021909470536,
      57.63735807186134,
      77.49023770878087,
      31.752167237916428
    ],
    [
      41.004234264863825,
      60.08320473608592,
      24.90204192098309,
      90.66626430195653,
      16.76197166588708,
      59.277703892274396,
      26.935185074668112,
      87.7576323166599,
      91.98846764396588,
      11.392317583789573
    ],
    [
      97.09742983214382,
      5.2993083884691545,
      4.37034128169751,
      53.72550628916861,
      3.7179999893421387,
      34.412203818526834,
      20.140259780429258,
      27.59932162146291,
      97.71045021425094,
      94.76939045952643
    ],
    [
      82.16866474769655,
      65.86727857094732,
      6.4877135413118285,
      69.2269245496131,
      64.0417568613215,
      60.67481176315802,
      13.022765773868352,
      22.074251329810767,
      51.23636902042286,
      48.183224072119266
    ],
    [
      9.059805601942584,
      36.34374665683604,
      73.58641193381347,
      73.38315097498275,
      12.686044090782337,
      5.1687872543456,
      32.566642793942364,
      84.0375515712863,
      61.18003076954439,
      8.638690426860116
    ],
    [
      27.306786975555585,
      59.05474933617169,
      42.96956283422018,
      63.829220868447955,
      6.06812504937359,
      59.00643305720113,
      96.43414482684707,
      1.550018902789266,
      69.16013842029214,
      89.8987007225164
    ],
    [
      79.50769315592646,
      66.79434156778618,
      81.11037026146208,
      17.01706073834444,
      26.21601866838162,
      50.588674549632934,
      92.86114707585143,
      50.78562989004711,
      20.36235957263038,
      67.68293570976549
    ],
    [
      32.43622111455195,
      79.20811452618658,
      74.6494622802918,
      15.452300451588714,
      79.29175339456557,
      43.923403357980156,
      88.23754239304364,
      57.63626725060571,
      98.9718594135505,
      42.406690194154145
    ],
    [
      36.163649381397505,
      53.85954896561368,
      26.789413686099937,
      41.18027186934107,
      61.77716054022125,
      28.33977361913078,
      57.84242511980657,
      91.38264631334144,
      39.24254838595086,
      3.687326443172272
    ],
    [
      41.19963766928868,
      74.19708996948373,
      46.908886726623514,
      98.09081915735085,
      52.68349504271892,
      57.70284466156354,
      98.36156540349431,
      21.86642990426635,
      20.314238709733196,
      96.65679081156685
    ],
    [
      43.4552527400485,
      1.0588865721237593,
      73.27636089792334,
      48.24739212807664,
      10.373670414912384,
      23.072179578281066,
      32.408071362445014,
      18.113332381916972,
      62.166844196634834,
      44.735630304275254
    ],
    [
      20.989916887626798,
      14.313158189403014,
      18.133201241983876,
      36.583232243548466,
      4.855572187430321,
      8.901127859000727,
      61.09116243230551,
      8.041399522807898,
      88.46097372452023,
      29.486665973667346
    ],
    [
      24.246954314272358,
      35.23109878278242,
      1.8307202932578386,
      60.803602035671474,
      71.26891905509075,
      27.477887451795333,
      22.323651950589632,
      7.533997467458805,
      73.76208999036213,
      5.411919172049513
    ],
    [
      39.610352323494965,
      48.34036843170529,
      40.81544629513813,
      58.02341877178193,
      91.89972292403269,
      78.48379650144327,
      27.33312639908822,
      11.905954872761557,
      7.919321510866005,
      77.22812563543627
    ],
    [
      62.652668322984326,
      98.75165364081423,
      44.12413179753278,
      41.891027298933466,
      66.46035731392647,
      91.42794349292684,
      92.78554704984087,
      13.841418311502432,
      98.63604090436917,
      21.698578084114857
    ]
  ],
  "n_vertices": 15,
  "n_edges": 28,
  "n_colors": 10,
  "metadata": {
    "instance_type": "wheel",
    "n_vertices": 15,
    "n_colors": 10,
    "cost_pattern": "uniform",
    "seed": 73,
    "density": 0.26666666666666666,
    "is_feasible": true,
    "known_optimal_cost": 142.79300323335386,
    "chromatic_number": 3
  }
}