{
  "instance": "interval_n15_k10_d0.38_s44",
  "metadata": {
    "instance_type": "interval_graph",
    "n_vertices": 15,
    "n_colors": 10,
    "max_length": 1.0,
    "cost_pattern": "uniform",
    "seed": 44,
    "density": 0.38095238095238093,
    "intervals": [
      [
        0.6678737189325196,
        0.7783533293695065
      ],
      [
        0.5957123853436143,
        0.7317624689692428
      ],
      [
        0.28744867024645754,
        0.4483725083082727
      ],
      [
        0.3150236408706011,
        0.45593090185669094
      ],
      [
        0.40792192767168517,
        0.5789367270043926
      ],
      [
        0.7684209801645339,
        0.9140830910584277
      ],
      [
        0.3421212168492872,
        0.45346758696128425
      ],
      [
        0.17431909547721933,
        0.37006630238401106
      ],
      [
        0.754680576323516,
        0.9428630044391658
      ],
      [
        0.5171284499227148,
        0.6385109311357756
      ],
      [
        0.5094656110454714,
        0.6233802362439618
      ],
      [
        0.36696325624429005,
        0.5543495747599219
      ],
      [
        0.20676024469365892,
        0.3732453544699121
      ],
      [
        0.6901394688295674,
        0.8050242751339893
      ],
      [
        0.4503599665271786,
        0.5662754929084933
      ]
    ],
    "is_feasible": true,
    "known_optimal_cost": 185.98899724932141,
    "chromatic_number": 6
  },
  "runs": {
    "brute_force": {
      "skipped": true,
      "feasible": false,
      "cost": Infinity,
      "execution_time": 0.0,
      "operations": 0
    },
    "backtracking": {
      "skipped": true,
      "feasible": false,
      "cost": Infinity,
      "execution_time": 0.0,
      "operations": 0
    },
    "intelligent_backtracking": {
      "skipped": false,
      "feasible": true,
      "cost": 185.98899724932141,
      "execution_time": 0.27683520317077637,
      "operations": 41114,
      "solution": {
        "11": 9,
        "3": 0,
        "4": 1,
        "6": 4,
        "2": 7,
        "14": 3,
        "7": 2,
        "9": 6,
        "10": 4,
        "12": 5,
        "0": 1,
        "1": 3,
        "13": 4,
        "5": 2,
        "8": 8
      },
      "optimal": true
    },
    "ilp_solver": {
      "skipped": false,
      "feasible": true,
      "cost": 185.98899724932141,
      "execution_time": 0.05382537841796875,
      "operations": 62250,
      "solution": {
        "0": 1,
        "1": 3,
        "2": 7,
        "3": 0,
        "4": 1,
        "5": 2,
        "6": 4,
        "7": 2,
        "8": 8,
        "9": 6,
        "10": 4,
        "11": 9,
        "12": 5,
        "13": 4,
        "14": 3
      },
      "optimal": true
    },
    "dp_tree": {
      "skipped": true,
      "feasible": false,
      "cost": Infinity,
      "execution_time": 0.0,
      "operations": 0
    },
    "dp_interval": {
      "skipped": false,
      "feasible": false,
      "cost": Infinity,
      "execution_time": 0.0009312629699707031,
      "operations": 450,
      "solution": null,
      "optimal": false
    },
    "wsc": {
      "skipped": false,
      "feasible": true,
      "cost": 295.37295604637166,
      "execution_time": 0.00020766258239746094,
      "operations": 1637,
      "solution": {
        "8": 4,
        "10": 4,
        "6": 4,
        "0": 1,
        "1": 3,
        "2": 1,
        "3": 9,
        "4": 6,
        "5": 2,
        "7": 2,
        "9": 2,
        "11": 0,
        "12": 5,
        "13": 8,
        "14": 3
      },
      "optimal": false
    },
    "wsc_improved": {
      "skipped": false,
      "feasible": true,
      "cost": 295.37295604637166,
      "execution_time": 0.00023818016052246094,
      "operations": 1883,
      "solution": {
        "8": 4,
        "10": 4,
        "6": 4,
        "0": 1,
        "1": 3,
        "2": 1,
        "3": 9,
        "4": 6,
        "5": 2,
        "7": 2,
        "9": 2,
        "11": 0,
        "12": 5,
        "13": 8,
        "14": 3
      },
      "optimal": false
    },
    "largest_first": {
      "skipped": false,
      "feasible": true,
      "cost": 201.8537656948355,
      "execution_time": 9.679794311523438e-05,
      "operations": 370,
      "solution": {
        "11": 6,
        "3": 9,
        "4": 1,
        "6": 4,
        "2": 7,
        "14": 3,
        "7": 2,
        "9": 4,
        "10": 0,
        "12": 5,
        "0": 1,
        "1": 3,
        "13": 4,
        "5": 2,
        "8": 8
      },
      "optimal": false
    },
    "dsatur": {
      "skipped": false,
      "feasible": true,
      "cost": 201.8537656948355,
      "execution_time": 0.00011873245239257812,
      "operations": 315,
      "solution": {
        "11": 6,
        "3": 9,
        "4": 1,
        "6": 4,
        "2": 7,
        "14": 3,
        "7": 2,
        "12": 5,
        "9": 4,
        "10": 0,
        "1": 3,
        "0": 1,
        "13": 4,
        "5": 2,
        "8": 8
      },
      "optimal": false
    },
    "rlf": {
      "skipped": false,
      "feasible": true,
      "cost": 216.06174165000854,
      "execution_time": 0.0003933906555175781,
      "operations": 388,
      "solution": {
        "1": 3,
        "12": 5,
        "5": 2,
        "14": 3,
        "0": 1,
        "10": 4,
        "7": 2,
        "8": 4,
        "9": 2,
        "3": 0,
        "13": 8,
        "6": 4,
        "2": 1,
        "4": 9,
        "11": 6
      },
      "optimal": false
    },
    "peo_greedy": {
      "skipped": false,
      "feasible": true,
      "cost": 185.98899724932144,
      "execution_time": 0.0013499259948730469,
      "operations": 957,
      "solution": {
        "0": 1,
        "1": 3,
        "13": 4,
        "8": 8,
        "5": 2,
        "10": 4,
        "9": 6,
        "4": 1,
        "11": 9,
        "14": 3,
        "3": 0,
        "6": 4,
        "2": 7,
        "7": 2,
        "12": 5
      },
      "optimal": true
    },
    "simulated_annealing": {
      "skipped": false,
      "feasible": true,
      "cost": 201.8537656948355,
      "execution_time": 0.0053517818450927734,
      "operations": 405,
      "solution": {
        "11": 6,
        "3": 9,
        "4": 1,
        "6": 4,
        "2": 7,
        "14": 3,
        "7": 2,
        "12": 5,
        "9": 4,
        "10": 0,
        "1": 3,
        "0": 1,
        "13": 4,
        "5": 2,
        "8": 8
      },
      "optimal": false
    },
    "adaptive_sa": {
      "skipped": false,
      "feasible": true,
      "cost": 185.98899724932144,
      "execution_time": 0.02097773551940918,
      "operations": 1638,
      "solution": {
        "1": 3,
        "12": 5,
        "5": 2,
        "14": 3,
        "0": 1,
        "10": 4,
        "7": 2,
        "8": 8,
        "9": 6,
        "3": 0,
        "13": 4,
        "6": 4,
        "2": 7,
        "4": 1,
        "11": 9
      },
      "optimal": true
    },
    "trajectory_search": {
      "skipped": false,
      "feasible": true,
      "cost": 295.37295604637166,
      "execution_time": 0.06444382667541504,
      "operations": 101,
      "solution": {
        "8": 4,
        "10": 4,
        "6": 4,
        "0": 1,
        "1": 3,
        "2": 1,
        "3": 9,
        "4": 6,
        "5": 2,
        "7": 2,
        "9": 2,
        "11": 0,
        "12": 5,
        "13": 8,
        "14": 3
      },
      "optimal": false
    },
    "hybrid": {
      "skipped": false,
      "feasible": true,
      "cost": 238.56031036873162,
      "execution_time": 0.06580352783203125,
      "operations": 101,
      "solution": {
        "8": 4,
        "10": 4,
        "6": 4,
        "0": 1,
        "1": 3,
        "2": 1,
        "3": 7,
        "4": 9,
        "5": 2,
        "7": 2,
        "9": 6,
        "11": 0,
        "12": 5,
        "13": 8,
        "14": 3
      },
      "optimal": false
    },
    "adaptive": {
      "skipped": false,
      "feasible": true,
      "cost": 201.8537656948355,