{
  "instance": "interval_n20_k15_d0.36_s47",
  "metadata": {
    "instance_type": "interval_graph",
    "n_vertices": 20,
    "n_colors": 15,
    "max_length": 1.0,
    "cost_pattern": "uniform",
    "seed": 47,
    "density": 0.3631578947368421,
    "intervals": [
      [
        0.09079077751491962,
        0.28823908695856526
      ],
      [
        0.582987706800885,
        0.7181344873901552
      ],
      [
        0.5660841106072648,
        0.7460445707732702
      ],
      [
        0.516449483606634,
        0.6579094443254506
      ],
      [
        0.5648248090184074,
        0.6894897471958715
      ],
      [
        0.2047939450383699,
        0.307195080452906
      ],
      [
        0.07898076387904843,
        0.20902440741517728
      ],
      [
        0.5126845422483406,
        0.6449053370552885
      ],
      [
        0.14839531046071236,
        0.34011466536446383
      ],
      [
        0.216736642699816,
        0.34409143185956287
      ],
      [
        0.7635301459188342,
        0.8762416030247405
      ],
      [
        0.5978118799034969,
        0.6983356754733872
      ],
      [
        0.6854324862914922,
        0.855028106423662
      ],
      [
        0.44242056338763897,
        0.6359441431326105
      ],
      [
        0.41009882379483775,
        0.5278600303544168
      ],
      [
        0.4294926339715619,
        0.5588386157695515
      ],
      [
        0.008481642320527795,
        0.1968617140997524
      ],
      [
        0.5251285184987569,
        0.7193541157634864
      ],
      [
        0.5959562382159683,
        0.7226772827920176
      ],
      [
        0.289490302263105,
        0.4421306908203867
      ]
    ],
    "is_feasible": true,
    "known_optimal_cost": 144.20919131998966,
    "chromatic_number": 9
  },
  "runs": {
    "brute_force": {
      "skipped": true,
      "feasible": false,
      "cost": Infinity,
      "execution_time": 0.0,
      "operations": 0
    },
    "backtracking": {
      "skipped": true,
      "feasible": false,
      "cost": Infinity,
      "execution_time": 0.0,
      "operations": 0
    },
    "intelligent_backtracking": {
      "skipped": false,
      "feasible": true,
      "cost": 144.20919131998969,
      "execution_time": 4.514885902404785,
      "operations": 408352,
      "solution": {
        "17": 1,
        "3": 9,
        "7": 7,
        "13": 12,
        "1": 8,
        "2": 2,
        "4": 3,
        "11": 6,
        "18": 5,
        "12": 14,
        "8": 5,
        "14": 11,
        "15": 10,
        "0": 11,
        "5": 8,
        "19": 3,
        "6": 13,
        "9": 6,
        "16": 9,
        "10": 10
      },
      "optimal": true
    },
    "ilp_solver": {
      "skipped": false,
      "feasible": true,
      "cost": 144.20919131998966,
      "execution_time": 0.13065886497497559,
      "operations": 316500,
      "solution": {
        "0": 11,
        "1": 8,
        "2": 2,
        "3": 9,
        "4": 3,
        "5": 8,
        "6": 13,
        "7": 7,
        "8": 5,
        "9": 6,
        "10": 10,
        "11": 6,
        "12": 14,
        "13": 12,
        "14": 11,
        "15": 10,
        "16": 9,
        "17": 1,
        "18": 5,
        "19": 3
      },
      "optimal": true
    },
    "dp_tree": {
      "skipped": true,
      "feasible": false,
      "cost": Infinity,
      "execution_time": 0.0,
      "operations": 0
    },
    "dp_interval": {
      "skipped": false,
      "feasible": false,
      "cost": Infinity,
      "execution_time": 0.0018146038055419922,
      "operations": 800,
      "solution": null,
      "optimal": false
    },
    "wsc": {
      "skipped": false,
      "feasible": true,
      "cost": 198.49784962993385,
      "execution_time": 0.0005190372467041016,
      "operations": 3754,
      "solution": {
        "0": 10,
        "10": 10,
        "18": 10,
        "15": 10,
        "1": 8,
        "2": 2,
        "3": 12,
        "4": 3,
        "5": 8,
        "6": 13,
        "7": 7,
        "8": 3,
        "9": 6,
        "11": 6,
        "12": 14,
        "13": 1,
        "14": 11,
        "16": 9,
        "17": 4,
        "19": 14
      },
      "optimal": false
    },
    "wsc_improved": {
      "skipped": false,
      "feasible": true,
      "cost": 160.40798729043823,
      "execution_time": 0.00054931640625,
      "operations": 4672,
      "solution": {
        "0": 11,
        "10": 10,
        "18": 5,
        "15": 10,
        "1": 8,
        "2": 2,
        "3": 12,
        "4": 3,
        "5": 8,
        "6": 13,
        "7": 7,
        "8": 3,
        "9": 6,
        "11": 6,
        "12": 14,
        "13": 1,
        "14": 11,
        "16": 9,
        "17": 4,
        "19": 14
      },
      "optimal": false
    },
    "largest_first": {
      "skipped": false,
      "feasible": true,
      "cost": 203.6264276788218,
      "execution_time": 0.00016021728515625,
      "operations": 699,
      "solution": {
        "17": 3,
        "3": 12,
        "7": 7,
        "13": 1,
        "1": 8,
        "2": 2,
        "4": 6,
        "11": 11,
        "18": 14,
        "12": 7,
        "8": 3,
        "14": 11,
        "15": 10,
        "0": 11,
        "5": 8,
        "19": 14,
        "6": 13,
        "9": 6,
        "16": 9,
        "10": 10
      },
      "optimal": false
    },
    "dsatur": {
      "skipped": false,
      "feasible": true,
      "cost": 199.83079281564665,
      "execution_time": 0.0002262592315673828,
      "operations": 567,
      "solution": {
        "17": 3,
        "3": 12,
        "7": 7,
        "13": 1,
        "1": 8,
        "2": 2,
        "4": 6,
        "11": 11,
        "18": 14,
        "12": 7,
        "14": 11,
        "15": 10,
        "19": 3,
        "8": 5,
        "5": 8,
        "9": 6,
        "0": 11,
        "6": 13,
        "16": 9,
        "10": 10
      },
      "optimal": false
    },
    "rlf": {
      "skipped": false,
      "feasible": true,
      "cost": 159.334781464924,
      "execution_time": 0.0006246566772460938,
      "operations": 643,
      "solution": {
        "1": 8,
        "9": 6,
        "10": 10,
        "14": 12,
        "16": 9,
        "19": 14,
        "12": 14,
        "13": 1,
        "6": 13,
        "8": 3,
        "2": 2,
        "15": 10,
        "0": 11,
        "4": 3,
        "17": 11,
        "5": 8,
        "18": 5,
        "11": 6,
        "7": 7,
        "3": 9
      },
      "optimal": false
    },
    "peo_greedy": {
      "skipped": false,
      "feasible": true,
      "cost": 203.62642767882184,
      "execution_time": 0.0021843910217285156,
      "operations": 1738,
      "solution": {
        "0": 11,
        "8": 3,
        "5": 8,
        "6": 13,
        "9": 6,
        "16": 9,
        "19": 14,
        "14": 11,
        "15": 10,
        "17": 3,
        "3": 12,
        "7": 7,
        "13": 1,
        "1": 8,
        "2": 2,
        "4": 6,
        "11": 11,
        "18": 14,
        "12": 7,
        "10": 10
      },
      "optimal": false
    },
    "simulated_annealing": {
      "skipped": false,
      "feasible": true,
      "cost": 199.83079281564665,
      "execution_time": 0.0075588226318359375,
      "operations": 405,
      "solution": {
        "17": 3,
        "3": 12,
        "7": 7,
        "13": 1,
        "1": 8,
        "2": 2,
        "4": 6,
        "11": 11,
        "18": 14,
        "12": 7,
        "14": 11,
        "15": 10,
        "19": 3,
        "8": 5,
        "5": 8,
        "9": 6,
        "0": 11,
        "6": 13,
        "16": 9,
        "10": 10
      },
      "optimal": false
    },
    "adaptive_sa": {
      "skipped": false,
      "feasible": true,
      "cost": 159.334781464924,
      "execution_time": 0.029715538024902344,
      "operations": 1654,
      "solution": {
        "1": 8,
        "9": 6,
        "10": 10,
        "14": 12,
        "16": 9,
        "19": 14,
        "12": 14,
        "13": 1,
        "6": 13,
        "8": 3,