{
  "instance": "interval_n20_k15_d0.34_s46",
  "metadata": {
    "instance_type": "interval_graph",
    "n_vertices": 20,
    "n_colors": 15,
    "max_length": 1.0,
    "cost_pattern": "uniform",
    "seed": 46,
    "density": 0.3368421052631579,
    "intervals": [
      [
        0.6270658806446006,
        0.7905492512498735
      ],
      [
        0.19923447321259913,
        0.3750420596775809
      ],
      [
        0.25046154850534386,
        0.44418528425418363
      ],
      [
        0.03429235868181113,
        0.17837907902479158
      ],
      [
        0.7301778319481582,
        0.875678223840836
      ],
      [
        0.40634747256303333,
        0.5148382680425033
      ],
      [
        0.3410798328524302,
        0.5156515288218174
      ],
      [
        0.6936651164886323,
        0.8260316991786993
      ],
      [
        0.08325951785063063,
        0.26347032253597535
      ],
      [
        0.3158655593440942,
        0.4786423681675132
      ],
      [
        0.028790834879760575,
        0.15878161988191414
      ],
      [
        0.03812257568322659,
        0.1753436834638391
      ],
      [
        0.2099321571425577,
        0.4089847777838263
      ],
      [
        0.3161162784824483,
        0.44687020474235495
      ],
      [
        0.17688090907816356,
        0.3262834115768023
      ],
      [
        0.046300151698353,
        0.17527015577113852
      ],
      [
        0.18796031250022205,
        0.3843033539955849
      ],
      [
        0.49253909846199984,
        0.678797495392204
      ],
      [
        0.07206820496003444,
        0.18696709511802495
      ],
      [
        0.5380599709482263,
        0.7359591634294698
      ]
    ],
    "is_feasible": true,
    "known_optimal_cost": 85.44465745041677,
    "chromatic_number": 8
  },
  "runs": {
    "brute_force": {
      "skipped": true,
      "feasible": false,
      "cost": Infinity,
      "execution_time": 0.0,
      "operations": 0
    },
    "backtracking": {
      "skipped": true,
      "feasible": false,
      "cost": Infinity,
      "execution_time": 0.0,
      "operations": 0
    },
    "intelligent_backtracking": {
      "skipped": false,
      "feasible": true,
      "cost": 85.44465745041677,
      "execution_time": 4.018297433853149,
      "operations": 378256,
      "solution": {
        "8": 13,
        "2": 10,
        "12": 11,
        "14": 8,
        "1": 5,
        "6": 13,
        "9": 9,
        "13": 7,
        "16": 14,
        "3": 12,
        "5": 4,
        "18": 9,
        "10": 0,
        "11": 6,
        "15": 14,
        "0": 6,
        "17": 8,
        "19": 10,
        "4": 4,
        "7": 3
      },
      "optimal": true
    },
    "ilp_solver": {
      "skipped": false,
      "feasible": true,
      "cost": 85.44465745041677,
      "execution_time": 0.10646700859069824,
      "operations": 294000,
      "solution": {
        "0": 6,
        "1": 5,
        "2": 10,
        "3": 12,
        "4": 4,
        "5": 4,
        "6": 13,
        "7": 3,
        "8": 13,
        "9": 9,
        "10": 0,
        "11": 6,
        "12": 11,
        "13": 7,
        "14": 8,
        "15": 14,
        "16": 14,
        "17": 8,
        "18": 9,
        "19": 10
      },
      "optimal": true
    },
    "dp_tree": {
      "skipped": true,
      "feasible": false,
      "cost": Infinity,
      "execution_time": 0.0,
      "operations": 0
    },
    "dp_interval": {
      "skipped": false,
      "feasible": false,
      "cost": Infinity,
      "execution_time": 0.001705169677734375,
      "operations": 800,
      "solution": null,
      "optimal": false
    },
    "wsc": {
      "skipped": false,
      "feasible": true,
      "cost": 93.12292370108534,
      "execution_time": 0.00048279762268066406,
      "operations": 3590,
      "solution": {
        "19": 12,
        "2": 12,
        "3": 12,
        "0": 6,
        "1": 5,
        "4": 4,
        "5": 4,
        "6": 13,
        "7": 3,
        "8": 11,
        "9": 9,
        "10": 0,
        "11": 6,
        "12": 0,
        "13": 7,
        "14": 8,
        "15": 14,
        "16": 14,
        "17": 8,
        "18": 9
      },
      "optimal": false
    },
    "wsc_improved": {
      "skipped": false,
      "feasible": true,
      "cost": 87.89149676409588,
      "execution_time": 0.0005400180816650391,
      "operations": 4488,
      "solution": {
        "19": 10,
        "2": 10,
        "3": 12,
        "0": 6,
        "1": 5,
        "4": 4,
        "5": 4,
        "6": 13,
        "7": 3,
        "8": 11,
        "9": 9,
        "10": 0,
        "11": 6,
        "12": 0,
        "13": 7,
        "14": 8,
        "15": 14,
        "16": 14,
        "17": 8,
        "18": 9
      },
      "optimal": false
    },
    "largest_first": {
      "skipped": false,
      "feasible": true,
      "cost": 87.89149676409588,
      "execution_time": 0.00013566017150878906,
      "operations": 699,
      "solution": {
        "8": 11,
        "2": 10,
        "12": 0,
        "14": 8,
        "1": 5,
        "6": 13,
        "9": 9,
        "13": 7,
        "16": 14,
        "3": 12,
        "5": 4,
        "18": 9,
        "10": 0,
        "11": 6,
        "15": 14,
        "0": 6,
        "17": 8,
        "19": 10,
        "4": 4,
        "7": 3
      },
      "optimal": false
    },
    "dsatur": {
      "skipped": false,
      "feasible": true,
      "cost": 87.89149676409588,
      "execution_time": 0.0001690387725830078,
      "operations": 552,
      "solution": {
        "8": 11,
        "2": 10,
        "12": 0,
        "14": 8,
        "1": 5,
        "16": 14,
        "9": 9,
        "13": 7,
        "6": 13,
        "5": 4,
        "3": 12,
        "18": 9,
        "10": 0,
        "11": 6,
        "15": 14,
        "17": 8,
        "0": 6,
        "19": 10,
        "4": 4,
        "7": 3
      },
      "optimal": false
    },
    "rlf": {
      "skipped": false,
      "feasible": true,
      "cost": 88.32013930677441,
      "execution_time": 0.0007116794586181641,
      "operations": 623,
      "solution": {
        "17": 13,
        "10": 0,
        "4": 4,
        "13": 7,
        "1": 5,
        "19": 8,
        "5": 4,
        "15": 14,
        "0": 6,
        "11": 6,
        "6": 3,
        "14": 8,
        "9": 9,
        "3": 12,
        "7": 3,
        "18": 9,
        "12": 11,
        "8": 13,
        "2": 10,
        "16": 14
      },
      "optimal": false
    },
    "peo_greedy": {
      "skipped": false,
      "feasible": true,
      "cost": 88.3201393067744,
      "execution_time": 0.0023026466369628906,
      "operations": 1718,
      "solution": {
        "0": 6,
        "19": 8,
        "4": 4,
        "7": 3,
        "17": 13,
        "5": 4,
        "6": 3,
        "2": 10,
        "9": 9,
        "12": 11,
        "13": 7,
        "16": 14,
        "1": 5,
        "14": 8,
        "8": 13,
        "18": 9,
        "3": 12,
        "10": 0,
        "11": 6,
        "15": 14
      },
      "optimal": false
    },
    "simulated_annealing": {
      "skipped": false,
      "feasible": true,
      "cost": 87.89149676409588,
      "execution_time": 0.007487773895263672,
      "operations": 405,
      "solution": {
        "8": 11,
        "2": 10,
        "12": 0,
        "14": 8,
        "1": 5,
        "16": 14,
        "9": 9,
        "13": 7,
        "6": 13,
        "5": 4,
        "3": 12,
        "18": 9,
        "10": 0,
        "11": 6,
        "15": 14,
        "17": 8,
        "0": 6,
        "19": 10,
        "4": 4,
        "7": 3
      },
      "optimal": false
    },
    "adaptive_sa": {
      "skipped": false,
      "feasible": true,
      "cost": 87.89149676409588,
      "execution_time": 0.029483795166015625,
      "operations": 1654,
      "solution": {
        "8": 11,
        "2": 10,
        "12": 0,
        "14": 8,
        "1": 5,
        "6": 13,
        "9": 9,
        "13": 7,
        "16": 14,
        "3": 12,