{
  "instance": "interval_n15_k10_d0.23_s45",
  "metadata": {
    "instance_type": "interval_graph",
    "n_vertices": 15,
    "n_colors": 10,
    "max_length": 1.0,
    "cost_pattern": "uniform",
    "seed": 45,
    "density": 0.22857142857142856,
    "intervals": [
      [
        0.7912092107804801,
        0.9461636834649527
      ],
      [
        0.22515784156405028,
        0.33288679817196754
      ],
      [
        0.3555755967774425,
        0.5028563937529911
      ],
      [
        0.0388176007251567,
        0.15515004554598338
      ],
      [
        0.09276056919835557,
        0.25549973746879817
      ],
      [
        0.6849456388764996,
        0.8499558809852549
      ],
      [
        0.7925773478062401,
        0.9396124226466187
      ],
      [
        0.49463558685388653,
        0.6229023075070033
      ],
      [
        0.7808026526540334,
        0.9481094525672009
      ],
      [
        0.35242471101963563,
        0.48139344504484516
      ],
      [
        0.407759747237713,
        0.5190058368173125
      ],
      [
        0.1815638314738287,
        0.32941906193999815
      ],
      [
        0.19420652542409045,
        0.33300477718480714
      ],
      [
        0.6550987420523012,
        0.7625528205684559
      ],
      [
        0.7385196312221354,
        0.8610092394230812
      ]
    ],
    "is_feasible": true,
    "known_optimal_cost": 160.0872563681363,
    "chromatic_number": 5
  },
  "runs": {
    "brute_force": {
      "skipped": true,
      "feasible": false,
      "cost": Infinity,
      "execution_time": 0.0,
      "operations": 0
    },
    "backtracking": {
      "skipped": true,
      "feasible": false,
      "cost": Infinity,
      "execution_time": 0.0,
      "operations": 0
    },
    "intelligent_backtracking": {
      "skipped": false,
      "feasible": true,
      "cost": 160.0872563681363,
      "execution_time": 0.4624147415161133,
      "operations": 73555,
      "solution": {
        "5": 1,
        "14": 8,
        "0": 6,
        "4": 9,
        "6": 9,
        "8": 0,
        "1": 5,
        "2": 7,
        "10": 4,
        "11": 2,
        "12": 0,
        "7": 8,
        "9": 1,
        "13": 7,
        "3": 1
      },
      "optimal": true
    },
    "ilp_solver": {
      "skipped": false,
      "feasible": true,
      "cost": 160.0872563681363,
      "execution_time": 0.039216041564941406,
      "operations": 38250,
      "solution": {
        "0": 6,
        "1": 5,
        "2": 7,
        "3": 1,
        "4": 9,
        "5": 1,
        "6": 9,
        "7": 8,
        "8": 0,
        "9": 1,
        "10": 4,
        "11": 2,
        "12": 0,
        "13": 7,
        "14": 8
      },
      "optimal": true
    },
    "dp_tree": {
      "skipped": true,
      "feasible": false,
      "cost": Infinity,
      "execution_time": 0.0,
      "operations": 0
    },
    "dp_interval": {
      "skipped": false,
      "feasible": false,
      "cost": Infinity,
      "execution_time": 0.0007641315460205078,
      "operations": 450,
      "solution": null,
      "optimal": false
    },
    "wsc": {
      "skipped": false,
      "feasible": true,
      "cost": 189.64127877359624,
      "execution_time": 0.0002014636993408203,
      "operations": 1288,
      "solution": {
        "10": 9,
        "4": 9,
        "5": 9,
        "0": 6,
        "1": 5,
        "2": 7,
        "3": 1,
        "6": 8,
        "7": 8,
        "8": 0,
        "9": 1,
        "11": 2,
        "12": 0,
        "13": 7,
        "14": 5
      },
      "optimal": false
    },
    "wsc_improved": {
      "skipped": false,
      "feasible": true,
      "cost": 186.23247467643765,
      "execution_time": 0.00026607513427734375,
      "operations": 1716,
      "solution": {
        "10": 4,
        "4": 9,
        "5": 9,
        "0": 6,
        "1": 5,
        "2": 7,
        "3": 1,
        "6": 8,
        "7": 8,
        "8": 0,
        "9": 1,
        "11": 2,
        "12": 0,
        "13": 7,
        "14": 5
      },
      "optimal": false
    },
    "largest_first": {
      "skipped": false,
      "feasible": true,
      "cost": 160.51567379732165,
      "execution_time": 9.608268737792969e-05,
      "operations": 370,
      "solution": {
        "5": 9,
        "14": 8,
        "0": 6,
        "4": 9,
        "6": 1,
        "8": 0,
        "1": 5,
        "2": 7,
        "10": 4,
        "11": 2,
        "12": 0,
        "7": 8,
        "9": 1,
        "13": 7,
        "3": 1
      },
      "optimal": false
    },
    "dsatur": {
      "skipped": false,
      "feasible": true,
      "cost": 160.51567379732165,
      "execution_time": 9.632110595703125e-05,
      "operations": 267,
      "solution": {
        "5": 9,
        "14": 8,
        "0": 6,
        "6": 1,
        "8": 0,
        "13": 7,
        "4": 9,
        "1": 5,
        "11": 2,
        "12": 0,
        "3": 1,
        "2": 7,
        "10": 4,
        "7": 8,
        "9": 1
      },
      "optimal": false
    },
    "rlf": {
      "skipped": false,
      "feasible": true,
      "cost": 200.40535604601737,
      "execution_time": 0.000461578369140625,
      "operations": 281,
      "solution": {
        "3": 1,
        "7": 8,
        "8": 0,
        "9": 1,
        "12": 0,
        "13": 8,
        "2": 7,
        "4": 9,
        "5": 9,
        "0": 6,
        "10": 4,
        "11": 2,
        "1": 5,
        "6": 8,
        "14": 7
      },
      "optimal": false
    },
    "peo_greedy": {
      "skipped": false,
      "feasible": true,
      "cost": 200.40535604601737,
      "execution_time": 0.0011906623840332031,
      "operations": 893,
      "solution": {
        "0": 6,
        "5": 9,
        "6": 8,
        "8": 0,
        "14": 7,
        "13": 8,
        "1": 5,
        "11": 2,
        "4": 9,
        "12": 0,
        "3": 1,
        "9": 1,
        "2": 7,
        "10": 4,
        "7": 8
      },
      "optimal": false
    },
    "simulated_annealing": {
      "skipped": false,
      "feasible": true,
      "cost": 160.51567379732165,
      "execution_time": 0.0047435760498046875,
      "operations": 405,
      "solution": {
        "5": 9,
        "14": 8,
        "0": 6,
        "6": 1,
        "8": 0,
        "13": 7,
        "4": 9,
        "1": 5,
        "11": 2,
        "12": 0,
        "3": 1,
        "2": 7,
        "10": 4,
        "7": 8,
        "9": 1
      },
      "optimal": false
    },
    "adaptive_sa": {
      "skipped": false,
      "feasible": true,
      "cost": 160.51567379732165,
      "execution_time": 0.018146276473999023,
      "operations": 1636,
      "solution": {
        "5": 9,
        "14": 8,
        "0": 6,
        "4": 9,
        "6": 1,
        "8": 0,
        "1": 5,
        "2": 7,
        "10": 4,
        "11": 2,
        "12": 0,
        "7": 8,
        "9": 1,
        "13": 7,
        "3": 1
      },
      "optimal": false
    },
    "trajectory_search": {
      "skipped": false,
      "feasible": true,
      "cost": 186.23247467643768,
      "execution_time": 0.06882381439208984,
      "operations": 101,
      "solution": {
        "10": 4,
        "4": 9,
        "5": 9,
        "0": 6,
        "1": 5,
        "2": 7,
        "3": 1,
        "6": 8,
        "7": 8,
        "8": 0,
        "9": 1,
        "11": 2,
        "12": 0,
        "13": 7,
        "14": 5
      },
      "optimal": false
    },
    "hybrid": {
      "skipped": false,
      "feasible": true,
      "cost": 186.23247467643768,
      "execution_time": 0.06209826469421387,
      "operations": 101,
      "solution": {
        "10": 4,
        "4": 9,
        "5": 9,
        "0": 6,
        "1": 5,
        "2": 7,
        "3": 1,
        "6": 8,
        "7": 8,
        "8": 0,
        "9": 1,
        "11": 2,
        "12": 0,
        "13": 7,
        "14": 5
      },
      "optimal": false
    },
    "adaptive": {
      "skipped": false,
      "feasible": true,
      "cost": 160.51567379732165,