{
  "instance": "path_n20_k20_d0.10_s50",
  "metadata": {
    "instance_type": "path",
    "n_vertices": 20,
    "n_colors": 20,
    "cost_pattern": "uniform",
    "seed": 50,
    "density": 0.1,
    "is_feasible": true,
    "known_optimal_cost": 121.52788080190247,
    "chromatic_number": 2
  },
  "runs": {
    "brute_force": {
      "skipped": true,
      "feasible": false,
      "cost": Infinity,
      "execution_time": 0.0,
      "operations": 0
    },
    "backtracking": {
      "skipped": true,
      "feasible": false,
      "cost": Infinity,
      "execution_time": 0.0,
      "operations": 0
    },
    "intelligent_backtracking": {
      "skipped": false,
      "feasible": true,
      "cost": 121.52788080190248,
      "execution_time": 180.00081205368042,
      "operations": 14367500,
      "solution": {
        "1": 5,
        "2": 19,
        "3": 18,
        "4": 0,
        "5": 4,
        "6": 1,
        "7": 16,
        "8": 14,
        "9": 13,
        "10": 14,
        "11": 18,
        "12": 5,
        "13": 17,
        "14": 10,
        "15": 9,
        "16": 0,
        "17": 10,
        "18": 1,
        "0": 12,
        "19": 18
      },
      "optimal": true
    },
    "ilp_solver": {
      "skipped": false,
      "feasible": true,
      "cost": 121.52788080190247,
      "execution_time": 0.03941702842712402,
      "operations": 160000,
      "solution": {
        "0": 12,
        "1": 5,
        "2": 19,
        "3": 18,
        "4": 0,
        "5": 4,
        "6": 1,
        "7": 16,
        "8": 14,
        "9": 13,
        "10": 14,
        "11": 18,
        "12": 5,
        "13": 17,
        "14": 10,
        "15": 9,
        "16": 0,
        "17": 10,
        "18": 1,
        "19": 18
      },
      "optimal": true
    },
    "dp_tree": {
      "skipped": false,
      "feasible": true,
      "cost": 121.52788080190247,
      "execution_time": 0.0022382736206054688,
      "operations": 8020,
      "solution": {
        "9": 13,
        "8": 14,
        "7": 16,
        "6": 1,
        "5": 4,
        "4": 0,
        "3": 18,
        "2": 19,
        "1": 5,
        "0": 12,
        "10": 14,
        "11": 18,
        "12": 5,
        "13": 17,
        "14": 10,
        "15": 9,
        "16": 0,
        "17": 10,
        "18": 1,
        "19": 18
      },
      "optimal": true
    },
    "dp_interval": {
      "skipped": false,
      "feasible": false,
      "cost": Infinity,
      "execution_time": 0.0006926059722900391,
      "operations": 800,
      "solution": null,
      "optimal": false
    },
    "wsc": {
      "skipped": false,
      "feasible": true,
      "cost": 262.98794795540965,
      "execution_time": 0.0006070137023925781,
      "operations": 2767,
      "solution": {
        "0": 1,
        "3": 1,
        "6": 1,
        "8": 1,
        "10": 1,
        "13": 1,
        "16": 1,
        "18": 1,
        "1": 5,
        "2": 19,
        "4": 0,
        "5": 4,
        "7": 16,
        "9": 13,
        "11": 18,
        "12": 5,
        "14": 10,
        "15": 9,
        "17": 10,
        "19": 18
      },
      "optimal": false
    },
    "wsc_improved": {
      "skipped": false,
      "feasible": true,
      "cost": 121.52788080190248,
      "execution_time": 0.0007550716400146484,
      "operations": 3685,
      "solution": {
        "0": 12,
        "3": 18,
        "6": 1,
        "8": 14,
        "10": 14,
        "13": 17,
        "16": 0,
        "18": 1,
        "1": 5,
        "2": 19,
        "4": 0,
        "5": 4,
        "7": 16,
        "9": 13,
        "11": 18,
        "12": 5,
        "14": 10,
        "15": 9,
        "17": 10,
        "19": 18
      },
      "optimal": true
    },
    "largest_first": {
      "skipped": false,
      "feasible": true,
      "cost": 121.52788080190248,
      "execution_time": 0.00016641616821289062,
      "operations": 899,
      "solution": {
        "1": 5,
        "2": 19,
        "3": 18,
        "4": 0,
        "5": 4,
        "6": 1,
        "7": 16,
        "8": 14,
        "9": 13,
        "10": 14,
        "11": 18,
        "12": 5,
        "13": 17,
        "14": 10,
        "15": 9,
        "16": 0,
        "17": 10,
        "18": 1,
        "0": 12,
        "19": 18
      },
      "optimal": true
    },
    "dsatur": {
      "skipped": false,
      "feasible": true,
      "cost": 121.52788080190248,
      "execution_time": 0.00017833709716796875,
      "operations": 517,
      "solution": {
        "1": 5,
        "2": 19,
        "3": 18,
        "4": 0,
        "5": 4,
        "6": 1,
        "7": 16,
        "8": 14,
        "9": 13,
        "10": 14,
        "11": 18,
        "12": 5,
        "13": 17,
        "14": 10,
        "15": 9,
        "16": 0,
        "17": 10,
        "18": 1,
        "0": 12,
        "19": 18
      },
      "optimal": true
    },
    "rlf": {
      "skipped": false,
      "feasible": true,
      "cost": 121.52788080190248,
      "execution_time": 0.0004870891571044922,
      "operations": 305,
      "solution": {
        "0": 12,
        "2": 19,
        "4": 0,
        "6": 1,
        "8": 14,
        "11": 18,
        "13": 17,
        "16": 0,
        "19": 18,
        "1": 5,
        "3": 18,
        "5": 4,
        "7": 16,
        "9": 13,
        "12": 5,
        "15": 9,
        "18": 1,
        "17": 10,
        "10": 14,
        "14": 10
      },
      "optimal": true
    },
    "peo_greedy": {
      "skipped": false,
      "feasible": true,
      "cost": 121.52788080190247,
      "execution_time": 0.0013926029205322266,
      "operations": 1738,
      "solution": {
        "0": 12,
        "1": 5,
        "2": 19,
        "3": 18,
        "4": 0,
        "5": 4,
        "6": 1,
        "7": 16,
        "8": 14,
        "9": 13,
        "10": 14,
        "11": 18,
        "12": 5,
        "13": 17,
        "14": 10,
        "15": 9,
        "16": 0,
        "17": 10,
        "18": 1,
        "19": 18
      },
      "optimal": true
    },
    "simulated_annealing": {
      "skipped": false,
      "feasible": true,
      "cost": 121.52788080190248,
      "execution_time": 0.00504755973815918,
      "operations": 405,
      "solution": {
        "1": 5,
        "2": 19,
        "3": 18,
        "4": 0,
        "5": 4,
        "6": 1,
        "7": 16,
        "8": 14,
        "9": 13,
        "10": 14,
        "11": 18,
        "12": 5,
        "13": 17,
        "14": 10,
        "15": 9,
        "16": 0,
        "17": 10,
        "18": 1,
        "0": 12,
        "19": 18
      },
      "optimal": true
    },
    "adaptive_sa": {
      "skipped": false,
      "feasible": true,
      "cost": 121.52788080190248,
      "execution_time": 0.018779277801513672,
      "operations": 1654,
      "solution": {
        "1": 5,
        "2": 19,
        "3": 18,
        "4": 0,
        "5": 4,
        "6": 1,
        "7": 16,
        "8": 14,
        "9": 13,
        "10": 14,
        "11": 18,
        "12": 5,
        "13": 17,
        "14": 10,
        "15": 9,
        "16": 0,
        "17": 10,
        "18": 1,
        "0": 12,
        "19": 18
      },
      "optimal": true
    },
    "trajectory_search": {
      "skipped": false,
      "feasible": true,
      "cost": 121.52788080190247,
      "execution_time": 0.08224034309387207,
      "operations": 101,
      "solution": {
        "0": 12,
        "3": 18,
        "6": 1,
        "8": 14,
        "10": 14,
        "13": 17,
        "16": 0,
        "18": 1,
        "1": 5,
        "2": 19,
        "4": 0,
        "5": 4,
        "7": 16,
        "9": 13,
        "11": 18,
        "12": 5,
        "14": 10,
        "15": 9,
        "17": 10,
        "19": 18
      },
      "optimal": true
    },
    "hybrid": {
      "skipped": false,
      "feasible": true,
      "cost": 121.52788080190247,
      "execution_time": 0.08968210220336914,
      "operations": 101,
      "solution": {
        "0": 12,
        "3": 18,
        "6": 1,
        "8": 14,
        "10": 14,