{
  "instance": "path_n20_k20_d0.10_s49",
  "metadata": {
    "instance_type": "path",
    "n_vertices": 20,
    "n_colors": 20,
    "cost_pattern": "uniform",
    "seed": 49,
    "density": 0.1,
    "is_feasible": true,
    "known_optimal_cost": 95.05037259636532,
    "chromatic_number": 2
  },
  "runs": {
    "brute_force": {
      "skipped": true,
      "feasible": false,
      "cost": Infinity,
      "execution_time": 0.0,
      "operations": 0
    },
    "backtracking": {
      "skipped": true,
      "feasible": false,
      "cost": Infinity,
      "execution_time": 0.0,
      "operations": 0
    },
    "intelligent_backtracking": {
      "skipped": false,
      "feasible": true,
      "cost": 95.05037259636532,
      "execution_time": 24.51419472694397,
      "operations": 1941098,
      "solution": {
        "1": 9,
        "2": 18,
        "3": 19,
        "4": 17,
        "5": 15,
        "6": 19,
        "7": 17,
        "8": 10,
        "9": 13,
        "10": 17,
        "11": 6,
        "12": 14,
        "13": 3,
        "14": 11,
        "15": 19,
        "16": 10,
        "17": 11,
        "18": 10,
        "0": 17,
        "19": 18
      },
      "optimal": true
    },
    "ilp_solver": {
      "skipped": false,
      "feasible": true,
      "cost": 95.05037259636532,
      "execution_time": 0.04076361656188965,
      "operations": 160000,
      "solution": {
        "0": 17,
        "1": 9,
        "2": 18,
        "3": 19,
        "4": 17,
        "5": 15,
        "6": 19,
        "7": 17,
        "8": 10,
        "9": 13,
        "10": 17,
        "11": 6,
        "12": 14,
        "13": 3,
        "14": 11,
        "15": 19,
        "16": 10,
        "17": 11,
        "18": 10,
        "19": 18
      },
      "optimal": true
    },
    "dp_tree": {
      "skipped": false,
      "feasible": true,
      "cost": 95.05037259636534,
      "execution_time": 0.0016472339630126953,
      "operations": 8020,
      "solution": {
        "9": 13,
        "8": 10,
        "7": 17,
        "6": 19,
        "5": 15,
        "4": 17,
        "3": 19,
        "2": 18,
        "1": 9,
        "0": 17,
        "10": 17,
        "11": 6,
        "12": 14,
        "13": 3,
        "14": 11,
        "15": 19,
        "16": 10,
        "17": 11,
        "18": 10,
        "19": 18
      },
      "optimal": true
    },
    "dp_interval": {
      "skipped": false,
      "feasible": false,
      "cost": Infinity,
      "execution_time": 0.00080108642578125,
      "operations": 800,
      "solution": null,
      "optimal": false
    },
    "wsc": {
      "skipped": false,
      "feasible": true,
      "cost": 243.46100871859164,
      "execution_time": 0.0006566047668457031,
      "operations": 2737,
      "solution": {
        "0": 18,
        "2": 18,
        "4": 18,
        "6": 18,
        "9": 18,
        "11": 18,
        "14": 18,
        "17": 18,
        "19": 18,
        "1": 9,
        "3": 19,
        "5": 15,
        "7": 17,
        "8": 10,
        "10": 17,
        "12": 14,
        "13": 3,
        "15": 19,
        "16": 10,
        "18": 10
      },
      "optimal": false
    },
    "wsc_improved": {
      "skipped": false,
      "feasible": true,
      "cost": 95.05037259636535,
      "execution_time": 0.0006854534149169922,
      "operations": 3655,
      "solution": {
        "0": 17,
        "2": 18,
        "4": 17,
        "6": 19,
        "9": 13,
        "11": 6,
        "14": 11,
        "17": 11,
        "19": 18,
        "1": 9,
        "3": 19,
        "5": 15,
        "7": 17,
        "8": 10,
        "10": 17,
        "12": 14,
        "13": 3,
        "15": 19,
        "16": 10,
        "18": 10
      },
      "optimal": true
    },
    "largest_first": {
      "skipped": false,
      "feasible": true,
      "cost": 95.05037259636532,
      "execution_time": 0.00014352798461914062,
      "operations": 899,
      "solution": {
        "1": 9,
        "2": 18,
        "3": 19,
        "4": 17,
        "5": 15,
        "6": 19,
        "7": 17,
        "8": 10,
        "9": 13,
        "10": 17,
        "11": 6,
        "12": 14,
        "13": 3,
        "14": 11,
        "15": 19,
        "16": 10,
        "17": 11,
        "18": 10,
        "0": 17,
        "19": 18
      },
      "optimal": true
    },
    "dsatur": {
      "skipped": false,
      "feasible": true,
      "cost": 95.05037259636532,
      "execution_time": 0.00018978118896484375,
      "operations": 517,
      "solution": {
        "1": 9,
        "2": 18,
        "3": 19,
        "4": 17,
        "5": 15,
        "6": 19,
        "7": 17,
        "8": 10,
        "9": 13,
        "10": 17,
        "11": 6,
        "12": 14,
        "13": 3,
        "14": 11,
        "15": 19,
        "16": 10,
        "17": 11,
        "18": 10,
        "0": 17,
        "19": 18
      },
      "optimal": true
    },
    "rlf": {
      "skipped": false,
      "feasible": true,
      "cost": 112.07335506549806,
      "execution_time": 0.0005648136138916016,
      "operations": 326,
      "solution": {
        "0": 17,
        "3": 19,
        "6": 19,
        "8": 10,
        "11": 6,
        "14": 11,
        "16": 10,
        "19": 18,
        "2": 9,
        "4": 17,
        "7": 17,
        "9": 13,
        "12": 14,
        "15": 19,
        "17": 11,
        "1": 10,
        "5": 15,
        "10": 17,
        "13": 3,
        "18": 10
      },
      "optimal": false
    },
    "peo_greedy": {
      "skipped": false,
      "feasible": true,
      "cost": 95.05037259636532,
      "execution_time": 0.0012748241424560547,
      "operations": 1738,
      "solution": {
        "0": 17,
        "1": 9,
        "2": 18,
        "3": 19,
        "4": 17,
        "5": 15,
        "6": 19,
        "7": 17,
        "8": 10,
        "9": 13,
        "10": 17,
        "11": 6,
        "12": 14,
        "13": 3,
        "14": 11,
        "15": 19,
        "16": 10,
        "17": 11,
        "18": 10,
        "19": 18
      },
      "optimal": true
    },
    "simulated_annealing": {
      "skipped": false,
      "feasible": true,
      "cost": 95.05037259636532,
      "execution_time": 0.0053174495697021484,
      "operations": 405,
      "solution": {
        "1": 9,
        "2": 18,
        "3": 19,
        "4": 17,
        "5": 15,
        "6": 19,
        "7": 17,
        "8": 10,
        "9": 13,
        "10": 17,
        "11": 6,
        "12": 14,
        "13": 3,
        "14": 11,
        "15": 19,
        "16": 10,
        "17": 11,
        "18": 10,
        "0": 17,
        "19": 18
      },
      "optimal": true
    },
    "adaptive_sa": {
      "skipped": false,
      "feasible": true,
      "cost": 95.05037259636532,
      "execution_time": 0.019030332565307617,
      "operations": 1654,
      "solution": {
        "1": 9,
        "2": 18,
        "3": 19,
        "4": 17,
        "5": 15,
        "6": 19,
        "7": 17,
        "8": 10,
        "9": 13,
        "10": 17,
        "11": 6,
        "12": 14,
        "13": 3,
        "14": 11,
        "15": 19,
        "16": 10,
        "17": 11,
        "18": 10,
        "0": 17,
        "19": 18
      },
      "optimal": true
    },
    "trajectory_search": {
      "skipped": false,
      "feasible": true,
      "cost": 95.05037259636535,
      "execution_time": 0.09427022933959961,
      "operations": 101,
      "solution": {
        "0": 17,
        "2": 18,
        "4": 17,
        "6": 19,
        "9": 13,
        "11": 6,
        "14": 11,
        "17": 11,
        "19": 18,
        "1": 9,
        "3": 19,
        "5": 15,
        "7": 17,
        "8": 10,
        "10": 17,
        "12": 14,
        "13": 3,
        "15": 19,
        "16": 10,
        "18": 10
      },
      "optimal": true
    },
    "hybrid": {
      "skipped": false,
      "feasible": true,
      "cost": 95.05037259636535,
      "execution_time": 0.09579062461853027,
      "operations": 101,
      "solution": {
        "0": 17,
        "2": 18,