{
  "instance": "star_n20_k20_d0.10_s68",
  "metadata": {
    "instance_type": "star",
    "n_vertices": 20,
    "n_colors": 20,
    "cost_pattern": "uniform",
    "seed": 68,
    "density": 0.1,
    "is_feasible": true,
    "known_optimal_cost": 100.12641131888054,
    "chromatic_number": 2
  },
  "runs": {
    "brute_force": {
      "skipped": true,
      "feasible": false,
      "cost": Infinity,
      "execution_time": 0.0,
      "operations": 0
    },
    "backtracking": {
      "skipped": true,
      "feasible": false,
      "cost": Infinity,
      "execution_time": 0.0,
      "operations": 0
    },
    "intelligent_backtracking": {
      "skipped": false,
      "feasible": true,
      "cost": 100.12641131888054,
      "execution_time": 180.00021982192993,
      "operations": 15798700,
      "solution": {
        "0": 1,
        "1": 14,
        "2": 14,
        "3": 2,
        "4": 2,
        "5": 18,
        "6": 2,
        "7": 19,
        "8": 13,
        "9": 10,
        "10": 10,
        "11": 18,
        "12": 8,
        "13": 13,
        "14": 8,
        "15": 13,
        "16": 8,
        "17": 14,
        "18": 3,
        "19": 4
      },
      "optimal": true
    },
    "ilp_solver": {
      "skipped": false,
      "feasible": true,
      "cost": 100.12641131888054,
      "execution_time": 0.040823936462402344,
      "operations": 160000,
      "solution": {
        "0": 1,
        "1": 14,
        "2": 14,
        "3": 2,
        "4": 2,
        "5": 18,
        "6": 2,
        "7": 19,
        "8": 13,
        "9": 10,
        "10": 10,
        "11": 18,
        "12": 8,
        "13": 13,
        "14": 8,
        "15": 13,
        "16": 8,
        "17": 14,
        "18": 3,
        "19": 4
      },
      "optimal": true
    },
    "dp_tree": {
      "skipped": false,
      "feasible": true,
      "cost": 100.12641131888054,
      "execution_time": 0.0014119148254394531,
      "operations": 8020,
      "solution": {
        "0": 1,
        "1": 14,
        "2": 14,
        "3": 2,
        "4": 2,
        "5": 18,
        "6": 2,
        "7": 19,
        "8": 13,
        "9": 10,
        "10": 10,
        "11": 18,
        "12": 8,
        "13": 13,
        "14": 8,
        "15": 13,
        "16": 8,
        "17": 14,
        "18": 3,
        "19": 4
      },
      "optimal": true
    },
    "dp_interval": {
      "skipped": false,
      "feasible": false,
      "cost": Infinity,
      "execution_time": 0.0007798671722412109,
      "operations": 800,
      "solution": null,
      "optimal": false
    },
    "wsc": {
      "skipped": false,
      "feasible": true,
      "cost": 100.12641131888054,
      "execution_time": 0.0007023811340332031,
      "operations": 3123,
      "solution": {
        "0": 1,
        "1": 14,
        "2": 14,
        "3": 2,
        "4": 2,
        "5": 18,
        "6": 2,
        "7": 19,
        "8": 13,
        "9": 10,
        "10": 10,
        "11": 18,
        "12": 8,
        "13": 13,
        "14": 8,
        "15": 13,
        "16": 8,
        "17": 14,
        "18": 3,
        "19": 4
      },
      "optimal": true
    },
    "wsc_improved": {
      "skipped": false,
      "feasible": true,
      "cost": 100.12641131888054,
      "execution_time": 0.0006618499755859375,
      "operations": 3582,
      "solution": {
        "0": 1,
        "1": 14,
        "2": 14,
        "3": 2,
        "4": 2,
        "5": 18,
        "6": 2,
        "7": 19,
        "8": 13,
        "9": 10,
        "10": 10,
        "11": 18,
        "12": 8,
        "13": 13,
        "14": 8,
        "15": 13,
        "16": 8,
        "17": 14,
        "18": 3,
        "19": 4
      },
      "optimal": true
    },
    "largest_first": {
      "skipped": false,
      "feasible": true,
      "cost": 100.12641131888054,
      "execution_time": 0.00014066696166992188,
      "operations": 899,
      "solution": {
        "0": 1,
        "1": 14,
        "2": 14,
        "3": 2,
        "4": 2,
        "5": 18,
        "6": 2,
        "7": 19,
        "8": 13,
        "9": 10,
        "10": 10,
        "11": 18,
        "12": 8,
        "13": 13,
        "14": 8,
        "15": 13,
        "16": 8,
        "17": 14,
        "18": 3,
        "19": 4
      },
      "optimal": true
    },
    "dsatur": {
      "skipped": false,
      "feasible": true,
      "cost": 100.12641131888054,
      "execution_time": 0.00014781951904296875,
      "operations": 517,
      "solution": {
        "0": 1,
        "1": 14,
        "2": 14,
        "3": 2,
        "4": 2,
        "5": 18,
        "6": 2,
        "7": 19,
        "8": 13,
        "9": 10,
        "10": 10,
        "11": 18,
        "12": 8,
        "13": 13,
        "14": 8,
        "15": 13,
        "16": 8,
        "17": 14,
        "18": 3,
        "19": 4
      },
      "optimal": true
    },
    "rlf": {
      "skipped": false,
      "feasible": true,
      "cost": 100.12641131888054,
      "execution_time": 0.0005891323089599609,
      "operations": 252,
      "solution": {
        "1": 14,
        "2": 14,
        "3": 2,
        "4": 2,
        "5": 18,
        "6": 2,
        "7": 19,
        "8": 13,
        "9": 10,
        "10": 10,
        "11": 18,
        "12": 8,
        "13": 13,
        "14": 8,
        "15": 13,
        "16": 8,
        "17": 14,
        "18": 3,
        "19": 4,
        "0": 1
      },
      "optimal": true
    },
    "peo_greedy": {
      "skipped": false,
      "feasible": true,
      "cost": 100.12641131888054,
      "execution_time": 0.0011320114135742188,
      "operations": 1738,
      "solution": {
        "0": 1,
        "1": 14,
        "2": 14,
        "3": 2,
        "4": 2,
        "5": 18,
        "6": 2,
        "7": 19,
        "8": 13,
        "9": 10,
        "10": 10,
        "11": 18,
        "12": 8,
        "13": 13,
        "14": 8,
        "15": 13,
        "16": 8,
        "17": 14,
        "18": 3,
        "19": 4
      },
      "optimal": true
    },
    "simulated_annealing": {
      "skipped": false,
      "feasible": true,
      "cost": 100.12641131888054,
      "execution_time": 0.004704952239990234,
      "operations": 405,
      "solution": {
        "0": 1,
        "1": 14,
        "2": 14,
        "3": 2,
        "4": 2,
        "5": 18,
        "6": 2,
        "7": 19,
        "8": 13,
        "9": 10,
        "10": 10,
        "11": 18,
        "12": 8,
        "13": 13,
        "14": 8,
        "15": 13,
        "16": 8,
        "17": 14,
        "18": 3,
        "19": 4
      },
      "optimal": true
    },
    "adaptive_sa": {
      "skipped": false,
      "feasible": true,
      "cost": 100.12641131888054,
      "execution_time": 0.01844024658203125,
      "operations": 1654,
      "solution": {
        "0": 1,
        "1": 14,
        "2": 14,
        "3": 2,
        "4": 2,
        "5": 18,
        "6": 2,
        "7": 19,
        "8": 13,
        "9": 10,
        "10": 10,
        "11": 18,
        "12": 8,
        "13": 13,
        "14": 8,
        "15": 13,
        "16": 8,
        "17": 14,
        "18": 3,
        "19": 4
      },
      "optimal": true
    },
    "trajectory_search": {
      "skipped": false,
      "feasible": true,
      "cost": 100.12641131888054,
      "execution_time": 0.08183622360229492,
      "operations": 101,
      "solution": {
        "0": 1,
        "1": 14,
        "2": 14,
        "3": 2,
        "4": 2,
        "5": 18,
        "6": 2,
        "7": 19,
        "8": 13,
        "9": 10,
        "10": 10,
        "11": 18,
        "12": 8,
        "13": 13,
        "14": 8,
        "15": 13,
        "16": 8,
        "17": 14,
        "18": 3,
        "19": 4
      },
      "optimal": true
    },
    "hybrid": {
      "skipped": false,
      "feasible": true,
      "cost": 100.12641131888054,
      "execution_time": 0.08467960357666016,
      "operations": 101,
      "solution": {
        "0": 1,
        "1": 14,
        "2": 14,
        "3": 2,
        "4": 2,