{
  "instance": "star_n20_k20_d0.10_s66",
  "metadata": {
    "instance_type": "star",
    "n_vertices": 20,
    "n_colors": 20,
    "cost_pattern": "uniform",
    "seed": 66,
    "density": 0.1,
    "is_feasible": true,
    "known_optimal_cost": 108.32662484682518,
    "chromatic_number": 2
  },
  "runs": {
    "brute_force": {
      "skipped": true,
      "feasible": false,
      "cost": Infinity,
      "execution_time": 0.0,
      "operations": 0
    },
    "backtracking": {
      "skipped": true,
      "feasible": false,
      "cost": Infinity,
      "execution_time": 0.0,
      "operations": 0
    },
    "intelligent_backtracking": {
      "skipped": false,
      "feasible": true,
      "cost": 108.32662484682518,
      "execution_time": 180.00104331970215,
      "operations": 15497000,
      "solution": {
        "0": 13,
        "1": 10,
        "2": 3,
        "3": 4,
        "4": 11,
        "5": 0,
        "6": 12,
        "7": 4,
        "8": 15,
        "9": 4,
        "10": 16,
        "11": 1,
        "12": 12,
        "13": 8,
        "14": 17,
        "15": 17,
        "16": 11,
        "17": 9,
        "18": 15,
        "19": 1
      },
      "optimal": true
    },
    "ilp_solver": {
      "skipped": false,
      "feasible": true,
      "cost": 108.32662484682518,
      "execution_time": 0.039878129959106445,
      "operations": 160000,
      "solution": {
        "0": 13,
        "1": 10,
        "2": 3,
        "3": 4,
        "4": 11,
        "5": 0,
        "6": 12,
        "7": 4,
        "8": 15,
        "9": 4,
        "10": 16,
        "11": 1,
        "12": 12,
        "13": 8,
        "14": 17,
        "15": 17,
        "16": 11,
        "17": 9,
        "18": 15,
        "19": 1
      },
      "optimal": true
    },
    "dp_tree": {
      "skipped": false,
      "feasible": true,
      "cost": 108.32662484682518,
      "execution_time": 0.0013551712036132812,
      "operations": 8020,
      "solution": {
        "0": 13,
        "1": 10,
        "2": 3,
        "3": 4,
        "4": 11,
        "5": 0,
        "6": 12,
        "7": 4,
        "8": 15,
        "9": 4,
        "10": 16,
        "11": 1,
        "12": 12,
        "13": 8,
        "14": 17,
        "15": 17,
        "16": 11,
        "17": 9,
        "18": 15,
        "19": 1
      },
      "optimal": true
    },
    "dp_interval": {
      "skipped": false,
      "feasible": false,
      "cost": Infinity,
      "execution_time": 0.0007305145263671875,
      "operations": 800,
      "solution": null,
      "optimal": false
    },
    "wsc": {
      "skipped": false,
      "feasible": true,
      "cost": 765.0654122763322,
      "execution_time": 0.0005156993865966797,
      "operations": 2781,
      "solution": {
        "1": 17,
        "2": 17,
        "3": 17,
        "4": 17,
        "5": 17,
        "6": 17,
        "7": 17,
        "8": 17,
        "9": 17,
        "10": 17,
        "11": 17,
        "12": 17,
        "13": 17,
        "14": 17,
        "15": 17,
        "16": 17,
        "17": 17,
        "18": 17,
        "19": 17,
        "0": 13
      },
      "optimal": false
    },
    "wsc_improved": {
      "skipped": false,
      "feasible": true,
      "cost": 108.32662484682524,
      "execution_time": 0.0006492137908935547,
      "operations": 3699,
      "solution": {
        "1": 10,
        "2": 3,
        "3": 4,
        "4": 11,
        "5": 0,
        "6": 12,
        "7": 4,
        "8": 15,
        "9": 4,
        "10": 16,
        "11": 1,
        "12": 12,
        "13": 8,
        "14": 17,
        "15": 17,
        "16": 11,
        "17": 9,
        "18": 15,
        "19": 1,
        "0": 13
      },
      "optimal": true
    },
    "largest_first": {
      "skipped": false,
      "feasible": true,
      "cost": 108.32662484682518,
      "execution_time": 0.0001342296600341797,
      "operations": 899,
      "solution": {
        "0": 13,
        "1": 10,
        "2": 3,
        "3": 4,
        "4": 11,
        "5": 0,
        "6": 12,
        "7": 4,
        "8": 15,
        "9": 4,
        "10": 16,
        "11": 1,
        "12": 12,
        "13": 8,
        "14": 17,
        "15": 17,
        "16": 11,
        "17": 9,
        "18": 15,
        "19": 1
      },
      "optimal": true
    },
    "dsatur": {
      "skipped": false,
      "feasible": true,
      "cost": 108.32662484682518,
      "execution_time": 0.0001537799835205078,
      "operations": 517,
      "solution": {
        "0": 13,
        "1": 10,
        "2": 3,
        "3": 4,
        "4": 11,
        "5": 0,
        "6": 12,
        "7": 4,
        "8": 15,
        "9": 4,
        "10": 16,
        "11": 1,
        "12": 12,
        "13": 8,
        "14": 17,
        "15": 17,
        "16": 11,
        "17": 9,
        "18": 15,
        "19": 1
      },
      "optimal": true
    },
    "rlf": {
      "skipped": false,
      "feasible": true,
      "cost": 108.32662484682518,
      "execution_time": 0.00045013427734375,
      "operations": 250,
      "solution": {
        "1": 10,
        "2": 3,
        "3": 4,
        "4": 11,
        "5": 0,
        "6": 12,
        "7": 4,
        "8": 15,
        "9": 4,
        "10": 16,
        "11": 1,
        "12": 12,
        "13": 8,
        "14": 17,
        "15": 17,
        "16": 11,
        "17": 9,
        "18": 15,
        "19": 1,
        "0": 13
      },
      "optimal": true
    },
    "peo_greedy": {
      "skipped": false,
      "feasible": true,
      "cost": 108.32662484682518,
      "execution_time": 0.0013146400451660156,
      "operations": 1738,
      "solution": {
        "0": 13,
        "1": 10,
        "2": 3,
        "3": 4,
        "4": 11,
        "5": 0,
        "6": 12,
        "7": 4,
        "8": 15,
        "9": 4,
        "10": 16,
        "11": 1,
        "12": 12,
        "13": 8,
        "14": 17,
        "15": 17,
        "16": 11,
        "17": 9,
        "18": 15,
        "19": 1
      },
      "optimal": true
    },
    "simulated_annealing": {
      "skipped": false,
      "feasible": true,
      "cost": 108.32662484682518,
      "execution_time": 0.00519871711730957,
      "operations": 405,
      "solution": {
        "0": 13,
        "1": 10,
        "2": 3,
        "3": 4,
        "4": 11,
        "5": 0,
        "6": 12,
        "7": 4,
        "8": 15,
        "9": 4,
        "10": 16,
        "11": 1,
        "12": 12,
        "13": 8,
        "14": 17,
        "15": 17,
        "16": 11,
        "17": 9,
        "18": 15,
        "19": 1
      },
      "optimal": true
    },
    "adaptive_sa": {
      "skipped": false,
      "feasible": true,
      "cost": 108.32662484682518,
      "execution_time": 0.018268585205078125,
      "operations": 1654,
      "solution": {
        "0": 13,
        "1": 10,
        "2": 3,
        "3": 4,
        "4": 11,
        "5": 0,
        "6": 12,
        "7": 4,
        "8": 15,
        "9": 4,
        "10": 16,
        "11": 1,
        "12": 12,
        "13": 8,
        "14": 17,
        "15": 17,
        "16": 11,
        "17": 9,
        "18": 15,
        "19": 1
      },
      "optimal": true
    },
    "trajectory_search": {
      "skipped": false,
      "feasible": true,
      "cost": 108.32662484682518,
      "execution_time": 0.0797116756439209,
      "operations": 101,
      "solution": {
        "1": 10,
        "2": 3,
        "3": 4,
        "4": 11,
        "5": 0,
        "6": 12,
        "7": 4,
        "8": 15,
        "9": 4,
        "10": 16,
        "11": 1,
        "12": 12,
        "13": 8,
        "14": 17,
        "15": 17,
        "16": 11,
        "17": 9,
        "18": 15,
        "19": 1,
        "0": 13
      },
      "optimal": true
    },
    "hybrid": {
      "skipped": false,
      "feasible": true,
      "cost": 108.32662484682518,
      "execution_time": 0.0885016918182373,
      "operations": 101,
      "solution": {
        "1": 10,
        "2": 3,
        "3": 4,
        "4": 11,
        "5": 0,